ISO-10303-21;
HEADER;
/* Generated by software containing ST-Developer
 * from STEP Tools, Inc. (www.steptools.com) 
 */

FILE_DESCRIPTION(
/* description */ (''),
/* implementation_level */ '2;1');

FILE_NAME(
/* name */ 'PCBWallMount.step',
/* time_stamp */ '2026-06-17T18:07:55+03:00',
/* author */ (''),
/* organization */ (''),
/* preprocessor_version */ 'ST-DEVELOPER v20.1',
/* originating_system */ 'Autodesk Translation Framework v15.8.0.0',
/* authorisation */ '');

FILE_SCHEMA (('AUTOMOTIVE_DESIGN { 1 0 10303 214 3 1 1 }'));
ENDSEC;

DATA;
#10=MECHANICAL_DESIGN_GEOMETRIC_PRESENTATION_REPRESENTATION('',(#13),#2462);
#11=SHAPE_REPRESENTATION_RELATIONSHIP('SRR','None',#2469,#12);
#12=ADVANCED_BREP_SHAPE_REPRESENTATION('',(#14),#2461);
#13=STYLED_ITEM('',(#2478),#14);
#14=MANIFOLD_SOLID_BREP('Body5',#1509);
#15=FACE_BOUND('',#178,.T.);
#16=FACE_BOUND('',#203,.T.);
#17=FACE_BOUND('',#204,.T.);
#18=CYLINDRICAL_SURFACE('',#1539,4.);
#19=CYLINDRICAL_SURFACE('',#1543,1.99999999999999);
#20=CYLINDRICAL_SURFACE('',#1548,1.99999999999999);
#21=CYLINDRICAL_SURFACE('',#1552,4.);
#22=CYLINDRICAL_SURFACE('',#1558,2.);
#23=CYLINDRICAL_SURFACE('',#1560,4.);
#24=CYLINDRICAL_SURFACE('',#1564,1.99999999999999);
#25=CYLINDRICAL_SURFACE('',#1568,1.99999999999999);
#26=CYLINDRICAL_SURFACE('',#1572,4.);
#27=CYLINDRICAL_SURFACE('',#1575,1.99999999999999);
#28=CYLINDRICAL_SURFACE('',#1582,4.);
#29=CYLINDRICAL_SURFACE('',#1584,7.499999518251);
#30=CYLINDRICAL_SURFACE('',#1587,7.499999518251);
#31=CYLINDRICAL_SURFACE('',#1611,7.499999518251);
#32=CYLINDRICAL_SURFACE('',#1620,7.500001225358);
#33=CIRCLE('',#1526,7.499999518251);
#34=CIRCLE('',#1529,7.499999518251);
#35=CIRCLE('',#1533,7.499999518251);
#36=CIRCLE('',#1538,7.500001225358);
#37=CIRCLE('',#1540,4.);
#38=CIRCLE('',#1541,4.);
#39=CIRCLE('',#1544,1.99999999999999);
#40=CIRCLE('',#1545,1.99999999999999);
#41=CIRCLE('',#1547,1.99999999999999);
#42=CIRCLE('',#1549,1.99999999999999);
#43=CIRCLE('',#1550,1.99999999999999);
#44=CIRCLE('',#1553,4.);
#45=CIRCLE('',#1554,4.);
#46=CIRCLE('',#1556,2.);
#47=CIRCLE('',#1559,2.);
#48=CIRCLE('',#1561,4.);
#49=CIRCLE('',#1562,4.);
#50=CIRCLE('',#1565,1.99999999999999);
#51=CIRCLE('',#1566,1.99999999999999);
#52=CIRCLE('',#1569,1.99999999999999);
#53=CIRCLE('',#1570,1.99999999999999);
#54=CIRCLE('',#1573,4.);
#55=CIRCLE('',#1574,4.);
#56=CIRCLE('',#1576,1.99999999999999);
#57=CIRCLE('',#1579,4.);
#58=CIRCLE('',#1583,4.);
#59=CIRCLE('',#1585,7.499999518251);
#60=CIRCLE('',#1588,7.499999518251);
#61=CIRCLE('',#1591,7.500001225358);
#62=CIRCLE('',#1592,7.499999518251);
#63=FACE_OUTER_BOUND('',#138,.T.);
#64=FACE_OUTER_BOUND('',#139,.T.);
#65=FACE_OUTER_BOUND('',#140,.T.);
#66=FACE_OUTER_BOUND('',#141,.T.);
#67=FACE_OUTER_BOUND('',#142,.T.);
#68=FACE_OUTER_BOUND('',#143,.T.);
#69=FACE_OUTER_BOUND('',#144,.T.);
#70=FACE_OUTER_BOUND('',#145,.T.);
#71=FACE_OUTER_BOUND('',#146,.T.);
#72=FACE_OUTER_BOUND('',#147,.T.);
#73=FACE_OUTER_BOUND('',#148,.T.);
#74=FACE_OUTER_BOUND('',#149,.T.);
#75=FACE_OUTER_BOUND('',#150,.T.);
#76=FACE_OUTER_BOUND('',#151,.T.);
#77=FACE_OUTER_BOUND('',#152,.T.);
#78=FACE_OUTER_BOUND('',#153,.T.);
#79=FACE_OUTER_BOUND('',#154,.T.);
#80=FACE_OUTER_BOUND('',#155,.T.);
#81=FACE_OUTER_BOUND('',#156,.T.);
#82=FACE_OUTER_BOUND('',#157,.T.);
#83=FACE_OUTER_BOUND('',#158,.T.);
#84=FACE_OUTER_BOUND('',#159,.T.);
#85=FACE_OUTER_BOUND('',#160,.T.);
#86=FACE_OUTER_BOUND('',#161,.T.);
#87=FACE_OUTER_BOUND('',#162,.T.);
#88=FACE_OUTER_BOUND('',#163,.T.);
#89=FACE_OUTER_BOUND('',#164,.T.);
#90=FACE_OUTER_BOUND('',#165,.T.);
#91=FACE_OUTER_BOUND('',#166,.T.);
#92=FACE_OUTER_BOUND('',#167,.T.);
#93=FACE_OUTER_BOUND('',#168,.T.);
#94=FACE_OUTER_BOUND('',#169,.T.);
#95=FACE_OUTER_BOUND('',#170,.T.);
#96=FACE_OUTER_BOUND('',#171,.T.);
#97=FACE_OUTER_BOUND('',#172,.T.);
#98=FACE_OUTER_BOUND('',#173,.T.);
#99=FACE_OUTER_BOUND('',#174,.T.);
#100=FACE_OUTER_BOUND('',#175,.T.);
#101=FACE_OUTER_BOUND('',#176,.T.);
#102=FACE_OUTER_BOUND('',#177,.T.);
#103=FACE_OUTER_BOUND('',#179,.T.);
#104=FACE_OUTER_BOUND('',#180,.T.);
#105=FACE_OUTER_BOUND('',#181,.T.);
#106=FACE_OUTER_BOUND('',#182,.T.);
#107=FACE_OUTER_BOUND('',#183,.T.);
#108=FACE_OUTER_BOUND('',#184,.T.);
#109=FACE_OUTER_BOUND('',#185,.T.);
#110=FACE_OUTER_BOUND('',#186,.T.);
#111=FACE_OUTER_BOUND('',#187,.T.);
#112=FACE_OUTER_BOUND('',#188,.T.);
#113=FACE_OUTER_BOUND('',#189,.T.);
#114=FACE_OUTER_BOUND('',#190,.T.);
#115=FACE_OUTER_BOUND('',#191,.T.);
#116=FACE_OUTER_BOUND('',#192,.T.);
#117=FACE_OUTER_BOUND('',#193,.T.);
#118=FACE_OUTER_BOUND('',#194,.T.);
#119=FACE_OUTER_BOUND('',#195,.T.);
#120=FACE_OUTER_BOUND('',#196,.T.);
#121=FACE_OUTER_BOUND('',#197,.T.);
#122=FACE_OUTER_BOUND('',#198,.T.);
#123=FACE_OUTER_BOUND('',#199,.T.);
#124=FACE_OUTER_BOUND('',#200,.T.);
#125=FACE_OUTER_BOUND('',#201,.T.);
#126=FACE_OUTER_BOUND('',#202,.T.);
#127=FACE_OUTER_BOUND('',#205,.T.);
#128=FACE_OUTER_BOUND('',#206,.T.);
#129=FACE_OUTER_BOUND('',#207,.T.);
#130=FACE_OUTER_BOUND('',#208,.T.);
#131=FACE_OUTER_BOUND('',#209,.T.);
#132=FACE_OUTER_BOUND('',#210,.T.);
#133=FACE_OUTER_BOUND('',#211,.T.);
#134=FACE_OUTER_BOUND('',#212,.T.);
#135=FACE_OUTER_BOUND('',#213,.T.);
#136=FACE_OUTER_BOUND('',#214,.T.);
#137=FACE_OUTER_BOUND('',#215,.T.);
#138=EDGE_LOOP('',(#944,#945,#946,#947));
#139=EDGE_LOOP('',(#948,#949,#950,#951,#952,#953,#954,#955));
#140=EDGE_LOOP('',(#956,#957,#958,#959,#960,#961));
#141=EDGE_LOOP('',(#962,#963,#964,#965));
#142=EDGE_LOOP('',(#966,#967,#968,#969,#970,#971));
#143=EDGE_LOOP('',(#972,#973,#974,#975));
#144=EDGE_LOOP('',(#976,#977,#978,#979));
#145=EDGE_LOOP('',(#980,#981,#982,#983,#984,#985));
#146=EDGE_LOOP('',(#986,#987,#988,#989,#990,#991,#992,#993));
#147=EDGE_LOOP('',(#994,#995,#996,#997));
#148=EDGE_LOOP('',(#998,#999,#1000,#1001,#1002,#1003,#1004,#1005));
#149=EDGE_LOOP('',(#1006,#1007,#1008,#1009,#1010,#1011));
#150=EDGE_LOOP('',(#1012,#1013,#1014,#1015));
#151=EDGE_LOOP('',(#1016,#1017,#1018,#1019));
#152=EDGE_LOOP('',(#1020,#1021,#1022,#1023));
#153=EDGE_LOOP('',(#1024,#1025,#1026,#1027,#1028,#1029));
#154=EDGE_LOOP('',(#1030,#1031,#1032,#1033));
#155=EDGE_LOOP('',(#1034,#1035,#1036,#1037));
#156=EDGE_LOOP('',(#1038,#1039,#1040,#1041));
#157=EDGE_LOOP('',(#1042,#1043,#1044,#1045,#1046,#1047));
#158=EDGE_LOOP('',(#1048,#1049,#1050,#1051,#1052,#1053,#1054,#1055));
#159=EDGE_LOOP('',(#1056,#1057,#1058,#1059));
#160=EDGE_LOOP('',(#1060,#1061,#1062,#1063));
#161=EDGE_LOOP('',(#1064,#1065,#1066,#1067));
#162=EDGE_LOOP('',(#1068,#1069,#1070,#1071));
#163=EDGE_LOOP('',(#1072,#1073,#1074,#1075,#1076,#1077));
#164=EDGE_LOOP('',(#1078,#1079,#1080,#1081));
#165=EDGE_LOOP('',(#1082,#1083,#1084,#1085));
#166=EDGE_LOOP('',(#1086,#1087,#1088,#1089));
#167=EDGE_LOOP('',(#1090,#1091,#1092,#1093));
#168=EDGE_LOOP('',(#1094,#1095,#1096,#1097,#1098,#1099));
#169=EDGE_LOOP('',(#1100,#1101,#1102,#1103,#1104,#1105,#1106,#1107,#1108,
#1109));
#170=EDGE_LOOP('',(#1110,#1111,#1112,#1113,#1114,#1115,#1116,#1117,#1118,
#1119,#1120,#1121));
#171=EDGE_LOOP('',(#1122,#1123,#1124,#1125,#1126,#1127,#1128,#1129));
#172=EDGE_LOOP('',(#1130,#1131,#1132,#1133));
#173=EDGE_LOOP('',(#1134,#1135,#1136,#1137));
#174=EDGE_LOOP('',(#1138,#1139,#1140,#1141));
#175=EDGE_LOOP('',(#1142,#1143,#1144,#1145));
#176=EDGE_LOOP('',(#1146,#1147,#1148,#1149));
#177=EDGE_LOOP('',(#1150,#1151,#1152,#1153,#1154,#1155,#1156,#1157,#1158,
#1159,#1160,#1161,#1162,#1163,#1164,#1165,#1166,#1167,#1168,#1169,#1170,
#1171,#1172,#1173,#1174,#1175));
#178=EDGE_LOOP('',(#1176,#1177,#1178));
#179=EDGE_LOOP('',(#1179,#1180,#1181,#1182));
#180=EDGE_LOOP('',(#1183,#1184,#1185,#1186));
#181=EDGE_LOOP('',(#1187,#1188,#1189,#1190,#1191,#1192));
#182=EDGE_LOOP('',(#1193,#1194,#1195,#1196));
#183=EDGE_LOOP('',(#1197,#1198,#1199,#1200));
#184=EDGE_LOOP('',(#1201,#1202,#1203,#1204));
#185=EDGE_LOOP('',(#1205,#1206,#1207,#1208));
#186=EDGE_LOOP('',(#1209,#1210,#1211,#1212));
#187=EDGE_LOOP('',(#1213,#1214,#1215,#1216));
#188=EDGE_LOOP('',(#1217,#1218,#1219,#1220));
#189=EDGE_LOOP('',(#1221,#1222,#1223,#1224));
#190=EDGE_LOOP('',(#1225,#1226,#1227,#1228));
#191=EDGE_LOOP('',(#1229,#1230,#1231,#1232));
#192=EDGE_LOOP('',(#1233,#1234,#1235,#1236));
#193=EDGE_LOOP('',(#1237,#1238,#1239,#1240,#1241,#1242,#1243,#1244));
#194=EDGE_LOOP('',(#1245,#1246,#1247,#1248,#1249));
#195=EDGE_LOOP('',(#1250,#1251,#1252,#1253,#1254,#1255,#1256,#1257));
#196=EDGE_LOOP('',(#1258,#1259,#1260,#1261));
#197=EDGE_LOOP('',(#1262,#1263,#1264,#1265));
#198=EDGE_LOOP('',(#1266,#1267,#1268,#1269));
#199=EDGE_LOOP('',(#1270,#1271,#1272,#1273));
#200=EDGE_LOOP('',(#1274,#1275,#1276,#1277));
#201=EDGE_LOOP('',(#1278,#1279,#1280,#1281,#1282));
#202=EDGE_LOOP('',(#1283,#1284,#1285,#1286,#1287,#1288,#1289,#1290,#1291,
#1292,#1293,#1294,#1295,#1296,#1297,#1298,#1299,#1300,#1301,#1302,#1303,
#1304));
#203=EDGE_LOOP('',(#1305,#1306,#1307,#1308,#1309,#1310,#1311,#1312,#1313,
#1314));
#204=EDGE_LOOP('',(#1315,#1316,#1317));
#205=EDGE_LOOP('',(#1318,#1319,#1320,#1321,#1322,#1323,#1324,#1325));
#206=EDGE_LOOP('',(#1326,#1327,#1328,#1329));
#207=EDGE_LOOP('',(#1330,#1331,#1332,#1333));
#208=EDGE_LOOP('',(#1334,#1335,#1336,#1337));
#209=EDGE_LOOP('',(#1338,#1339,#1340,#1341));
#210=EDGE_LOOP('',(#1342,#1343,#1344,#1345));
#211=EDGE_LOOP('',(#1346,#1347,#1348,#1349));
#212=EDGE_LOOP('',(#1350,#1351,#1352,#1353,#1354,#1355));
#213=EDGE_LOOP('',(#1356,#1357,#1358,#1359,#1360));
#214=EDGE_LOOP('',(#1361,#1362,#1363,#1364,#1365,#1366,#1367,#1368));
#215=EDGE_LOOP('',(#1369,#1370,#1371,#1372,#1373));
#216=LINE('',#2029,#401);
#217=LINE('',#2031,#402);
#218=LINE('',#2033,#403);
#219=LINE('',#2034,#404);
#220=LINE('',#2037,#405);
#221=LINE('',#2039,#406);
#222=LINE('',#2041,#407);
#223=LINE('',#2043,#408);
#224=LINE('',#2045,#409);
#225=LINE('',#2047,#410);
#226=LINE('',#2048,#411);
#227=LINE('',#2051,#412);
#228=LINE('',#2053,#413);
#229=LINE('',#2056,#414);
#230=LINE('',#2060,#415);
#231=LINE('',#2062,#416);
#232=LINE('',#2064,#417);
#233=LINE('',#2065,#418);
#234=LINE('',#2068,#419);
#235=LINE('',#2070,#420);
#236=LINE('',#2074,#421);
#237=LINE('',#2075,#422);
#238=LINE('',#2078,#423);
#239=LINE('',#2079,#424);
#240=LINE('',#2083,#425);
#241=LINE('',#2085,#426);
#242=LINE('',#2087,#427);
#243=LINE('',#2088,#428);
#244=LINE('',#2091,#429);
#245=LINE('',#2093,#430);
#246=LINE('',#2097,#431);
#247=LINE('',#2098,#432);
#248=LINE('',#2101,#433);
#249=LINE('',#2103,#434);
#250=LINE('',#2105,#435);
#251=LINE('',#2107,#436);
#252=LINE('',#2109,#437);
#253=LINE('',#2110,#438);
#254=LINE('',#2114,#439);
#255=LINE('',#2116,#440);
#256=LINE('',#2118,#441);
#257=LINE('',#2119,#442);
#258=LINE('',#2122,#443);
#259=LINE('',#2124,#444);
#260=LINE('',#2126,#445);
#261=LINE('',#2128,#446);
#262=LINE('',#2130,#447);
#263=LINE('',#2132,#448);
#264=LINE('',#2133,#449);
#265=LINE('',#2136,#450);
#266=LINE('',#2138,#451);
#267=LINE('',#2141,#452);
#268=LINE('',#2147,#453);
#269=LINE('',#2150,#454);
#270=LINE('',#2153,#455);
#271=LINE('',#2155,#456);
#272=LINE('',#2156,#457);
#273=LINE('',#2162,#458);
#274=LINE('',#2165,#459);
#275=LINE('',#2167,#460);
#276=LINE('',#2174,#461);
#277=LINE('',#2177,#462);
#278=LINE('',#2180,#463);
#279=LINE('',#2182,#464);
#280=LINE('',#2183,#465);
#281=LINE('',#2189,#466);
#282=LINE('',#2192,#467);
#283=LINE('',#2194,#468);
#284=LINE('',#2198,#469);
#285=LINE('',#2200,#470);
#286=LINE('',#2202,#471);
#287=LINE('',#2204,#472);
#288=LINE('',#2206,#473);
#289=LINE('',#2207,#474);
#290=LINE('',#2210,#475);
#291=LINE('',#2217,#476);
#292=LINE('',#2220,#477);
#293=LINE('',#2222,#478);
#294=LINE('',#2223,#479);
#295=LINE('',#2229,#480);
#296=LINE('',#2231,#481);
#297=LINE('',#2237,#482);
#298=LINE('',#2240,#483);
#299=LINE('',#2243,#484);
#300=LINE('',#2245,#485);
#301=LINE('',#2246,#486);
#302=LINE('',#2252,#487);
#303=LINE('',#2255,#488);
#304=LINE('',#2258,#489);
#305=LINE('',#2260,#490);
#306=LINE('',#2261,#491);
#307=LINE('',#2263,#492);
#308=LINE('',#2265,#493);
#309=LINE('',#2268,#494);
#310=LINE('',#2271,#495);
#311=LINE('',#2272,#496);
#312=LINE('',#2277,#497);
#313=LINE('',#2280,#498);
#314=LINE('',#2283,#499);
#315=LINE('',#2284,#500);
#316=LINE('',#2287,#501);
#317=LINE('',#2289,#502);
#318=LINE('',#2293,#503);
#319=LINE('',#2294,#504);
#320=LINE('',#2298,#505);
#321=LINE('',#2300,#506);
#322=LINE('',#2301,#507);
#323=LINE('',#2303,#508);
#324=LINE('',#2305,#509);
#325=LINE('',#2307,#510);
#326=LINE('',#2308,#511);
#327=LINE('',#2309,#512);
#328=LINE('',#2311,#513);
#329=LINE('',#2312,#514);
#330=LINE('',#2314,#515);
#331=LINE('',#2318,#516);
#332=LINE('',#2320,#517);
#333=LINE('',#2322,#518);
#334=LINE('',#2323,#519);
#335=LINE('',#2325,#520);
#336=LINE('',#2329,#521);
#337=LINE('',#2330,#522);
#338=LINE('',#2333,#523);
#339=LINE('',#2335,#524);
#340=LINE('',#2336,#525);
#341=LINE('',#2340,#526);
#342=LINE('',#2341,#527);
#343=LINE('',#2342,#528);
#344=LINE('',#2346,#529);
#345=LINE('',#2347,#530);
#346=LINE('',#2348,#531);
#347=LINE('',#2351,#532);
#348=LINE('',#2352,#533);
#349=LINE('',#2355,#534);
#350=LINE('',#2356,#535);
#351=LINE('',#2359,#536);
#352=LINE('',#2360,#537);
#353=LINE('',#2363,#538);
#354=LINE('',#2364,#539);
#355=LINE('',#2367,#540);
#356=LINE('',#2369,#541);
#357=LINE('',#2370,#542);
#358=LINE('',#2373,#543);
#359=LINE('',#2375,#544);
#360=LINE('',#2376,#545);
#361=LINE('',#2378,#546);
#362=LINE('',#2381,#547);
#363=LINE('',#2382,#548);
#364=LINE('',#2384,#549);
#365=LINE('',#2386,#550);
#366=LINE('',#2390,#551);
#367=LINE('',#2392,#552);
#368=LINE('',#2393,#553);
#369=LINE('',#2395,#554);
#370=LINE('',#2396,#555);
#371=LINE('',#2400,#556);
#372=LINE('',#2402,#557);
#373=LINE('',#2403,#558);
#374=LINE('',#2404,#559);
#375=LINE('',#2406,#560);
#376=LINE('',#2408,#561);
#377=LINE('',#2412,#562);
#378=LINE('',#2414,#563);
#379=LINE('',#2415,#564);
#380=LINE('',#2417,#565);
#381=LINE('',#2418,#566);
#382=LINE('',#2422,#567);
#383=LINE('',#2423,#568);
#384=LINE('',#2425,#569);
#385=LINE('',#2427,#570);
#386=LINE('',#2429,#571);
#387=LINE('',#2430,#572);
#388=LINE('',#2433,#573);
#389=LINE('',#2434,#574);
#390=LINE('',#2435,#575);
#391=LINE('',#2437,#576);
#392=LINE('',#2439,#577);
#393=LINE('',#2443,#578);
#394=LINE('',#2444,#579);
#395=LINE('',#2447,#580);
#396=LINE('',#2448,#581);
#397=LINE('',#2450,#582);
#398=LINE('',#2454,#583);
#399=LINE('',#2455,#584);
#400=LINE('',#2457,#585);
#401=VECTOR('',#1632,10.);
#402=VECTOR('',#1633,10.);
#403=VECTOR('',#1634,10.);
#404=VECTOR('',#1635,10.);
#405=VECTOR('',#1638,10.);
#406=VECTOR('',#1639,10.);
#407=VECTOR('',#1640,10.);
#408=VECTOR('',#1641,10.);
#409=VECTOR('',#1642,10.);
#410=VECTOR('',#1643,10.);
#411=VECTOR('',#1644,10.);
#412=VECTOR('',#1647,10.);
#413=VECTOR('',#1648,0.999999999999709);
#414=VECTOR('',#1651,1.00000000000009);
#415=VECTOR('',#1654,10.);
#416=VECTOR('',#1655,10.);
#417=VECTOR('',#1656,10.);
#418=VECTOR('',#1657,10.);
#419=VECTOR('',#1660,10.);
#420=VECTOR('',#1661,10.);
#421=VECTOR('',#1664,0.99999999999971);
#422=VECTOR('',#1665,10.);
#423=VECTOR('',#1668,10.);
#424=VECTOR('',#1669,10.);
#425=VECTOR('',#1672,10.);
#426=VECTOR('',#1673,10.);
#427=VECTOR('',#1674,10.);
#428=VECTOR('',#1675,10.);
#429=VECTOR('',#1678,10.);
#430=VECTOR('',#1679,1.);
#431=VECTOR('',#1682,10.);
#432=VECTOR('',#1683,10.);
#433=VECTOR('',#1686,10.);
#434=VECTOR('',#1687,10.);
#435=VECTOR('',#1688,10.);
#436=VECTOR('',#1689,10.);
#437=VECTOR('',#1690,10.);
#438=VECTOR('',#1691,10.);
#439=VECTOR('',#1694,10.);
#440=VECTOR('',#1695,10.);
#441=VECTOR('',#1696,10.);
#442=VECTOR('',#1697,10.);
#443=VECTOR('',#1700,10.);
#444=VECTOR('',#1701,10.);
#445=VECTOR('',#1702,10.);
#446=VECTOR('',#1703,10.);
#447=VECTOR('',#1704,10.);
#448=VECTOR('',#1705,10.);
#449=VECTOR('',#1706,10.);
#450=VECTOR('',#1709,10.);
#451=VECTOR('',#1710,1.00000000000009);
#452=VECTOR('',#1713,1.);
#453=VECTOR('',#1718,10.);
#454=VECTOR('',#1721,10.);
#455=VECTOR('',#1724,10.);
#456=VECTOR('',#1725,10.);
#457=VECTOR('',#1726,10.);
#458=VECTOR('',#1733,10.);
#459=VECTOR('',#1736,10.);
#460=VECTOR('',#1737,10.);
#461=VECTOR('',#1744,10.);
#462=VECTOR('',#1747,10.);
#463=VECTOR('',#1750,10.);
#464=VECTOR('',#1751,10.);
#465=VECTOR('',#1752,10.);
#466=VECTOR('',#1759,10.);
#467=VECTOR('',#1762,10.);
#468=VECTOR('',#1763,10.);
#469=VECTOR('',#1768,10.);
#470=VECTOR('',#1769,10.);
#471=VECTOR('',#1770,10.);
#472=VECTOR('',#1771,10.);
#473=VECTOR('',#1772,10.);
#474=VECTOR('',#1773,10.);
#475=VECTOR('',#1776,10.);
#476=VECTOR('',#1785,10.);
#477=VECTOR('',#1788,10.);
#478=VECTOR('',#1789,10.);
#479=VECTOR('',#1790,10.);
#480=VECTOR('',#1797,10.);
#481=VECTOR('',#1800,10.);
#482=VECTOR('',#1805,10.);
#483=VECTOR('',#1808,10.);
#484=VECTOR('',#1811,10.);
#485=VECTOR('',#1812,10.);
#486=VECTOR('',#1813,10.);
#487=VECTOR('',#1820,10.);
#488=VECTOR('',#1823,10.);
#489=VECTOR('',#1826,10.);
#490=VECTOR('',#1829,10.);
#491=VECTOR('',#1830,10.);
#492=VECTOR('',#1833,10.);
#493=VECTOR('',#1834,10.);
#494=VECTOR('',#1839,10.);
#495=VECTOR('',#1842,10.);
#496=VECTOR('',#1843,10.);
#497=VECTOR('',#1850,10.);
#498=VECTOR('',#1853,1.);
#499=VECTOR('',#1856,10.);
#500=VECTOR('',#1857,0.99999999999971);
#501=VECTOR('',#1860,10.);
#502=VECTOR('',#1861,1.);
#503=VECTOR('',#1866,10.);
#504=VECTOR('',#1867,10.);
#505=VECTOR('',#1870,10.);
#506=VECTOR('',#1871,10.);
#507=VECTOR('',#1872,10.);
#508=VECTOR('',#1873,10.);
#509=VECTOR('',#1874,10.);
#510=VECTOR('',#1875,10.);
#511=VECTOR('',#1876,10.);
#512=VECTOR('',#1877,1.);
#513=VECTOR('',#1878,10.);
#514=VECTOR('',#1879,10.);
#515=VECTOR('',#1880,1.);
#516=VECTOR('',#1883,1.00000000000009);
#517=VECTOR('',#1884,10.);
#518=VECTOR('',#1885,10.);
#519=VECTOR('',#1886,10.);
#520=VECTOR('',#1887,1.00000000000009);
#521=VECTOR('',#1890,0.999999999999709);
#522=VECTOR('',#1891,10.);
#523=VECTOR('',#1892,10.);
#524=VECTOR('',#1893,10.);
#525=VECTOR('',#1894,10.);
#526=VECTOR('',#1897,10.);
#527=VECTOR('',#1898,10.);
#528=VECTOR('',#1899,10.);
#529=VECTOR('',#1902,10.);
#530=VECTOR('',#1903,10.);
#531=VECTOR('',#1904,10.);
#532=VECTOR('',#1907,10.);
#533=VECTOR('',#1908,10.);
#534=VECTOR('',#1911,10.);
#535=VECTOR('',#1912,10.);
#536=VECTOR('',#1915,10.);
#537=VECTOR('',#1916,10.);
#538=VECTOR('',#1919,10.);
#539=VECTOR('',#1920,10.);
#540=VECTOR('',#1923,10.);
#541=VECTOR('',#1924,10.);
#542=VECTOR('',#1925,10.);
#543=VECTOR('',#1928,10.);
#544=VECTOR('',#1929,10.);
#545=VECTOR('',#1930,10.);
#546=VECTOR('',#1933,10.);
#547=VECTOR('',#1936,10.);
#548=VECTOR('',#1937,10.);
#549=VECTOR('',#1940,10.);
#550=VECTOR('',#1943,10.);
#551=VECTOR('',#1948,10.);
#552=VECTOR('',#1949,10.);
#553=VECTOR('',#1950,10.);
#554=VECTOR('',#1953,10.);
#555=VECTOR('',#1954,10.);
#556=VECTOR('',#1959,10.);
#557=VECTOR('',#1960,10.);
#558=VECTOR('',#1961,10.);
#559=VECTOR('',#1962,10.);
#560=VECTOR('',#1965,1.);
#561=VECTOR('',#1968,1.);
#562=VECTOR('',#1973,10.);
#563=VECTOR('',#1974,10.);
#564=VECTOR('',#1975,10.);
#565=VECTOR('',#1978,10.);
#566=VECTOR('',#1979,10.);
#567=VECTOR('',#1984,10.);
#568=VECTOR('',#1985,10.);
#569=VECTOR('',#1986,10.);
#570=VECTOR('',#1987,10.);
#571=VECTOR('',#1988,10.);
#572=VECTOR('',#1989,10.);
#573=VECTOR('',#1992,10.);
#574=VECTOR('',#1993,10.);
#575=VECTOR('',#1994,10.);
#576=VECTOR('',#1997,1.);
#577=VECTOR('',#2000,1.);
#578=VECTOR('',#2005,10.);
#579=VECTOR('',#2006,10.);
#580=VECTOR('',#2009,10.);
#581=VECTOR('',#2010,10.);
#582=VECTOR('',#2013,10.);
#583=VECTOR('',#2018,10.);
#584=VECTOR('',#2019,10.);
#585=VECTOR('',#2022,10.);
#586=VERTEX_POINT('',#2027);
#587=VERTEX_POINT('',#2028);
#588=VERTEX_POINT('',#2030);
#589=VERTEX_POINT('',#2032);
#590=VERTEX_POINT('',#2036);
#591=VERTEX_POINT('',#2038);
#592=VERTEX_POINT('',#2040);
#593=VERTEX_POINT('',#2042);
#594=VERTEX_POINT('',#2044);
#595=VERTEX_POINT('',#2046);
#596=VERTEX_POINT('',#2050);
#597=VERTEX_POINT('',#2052);
#598=VERTEX_POINT('',#2054);
#599=VERTEX_POINT('',#2058);
#600=VERTEX_POINT('',#2059);
#601=VERTEX_POINT('',#2061);
#602=VERTEX_POINT('',#2063);
#603=VERTEX_POINT('',#2067);
#604=VERTEX_POINT('',#2069);
#605=VERTEX_POINT('',#2071);
#606=VERTEX_POINT('',#2073);
#607=VERTEX_POINT('',#2077);
#608=VERTEX_POINT('',#2081);
#609=VERTEX_POINT('',#2082);
#610=VERTEX_POINT('',#2084);
#611=VERTEX_POINT('',#2086);
#612=VERTEX_POINT('',#2090);
#613=VERTEX_POINT('',#2092);
#614=VERTEX_POINT('',#2094);
#615=VERTEX_POINT('',#2096);
#616=VERTEX_POINT('',#2100);
#617=VERTEX_POINT('',#2102);
#618=VERTEX_POINT('',#2104);
#619=VERTEX_POINT('',#2106);
#620=VERTEX_POINT('',#2108);
#621=VERTEX_POINT('',#2112);
#622=VERTEX_POINT('',#2113);
#623=VERTEX_POINT('',#2115);
#624=VERTEX_POINT('',#2117);
#625=VERTEX_POINT('',#2121);
#626=VERTEX_POINT('',#2123);
#627=VERTEX_POINT('',#2125);
#628=VERTEX_POINT('',#2127);
#629=VERTEX_POINT('',#2129);
#630=VERTEX_POINT('',#2131);
#631=VERTEX_POINT('',#2135);
#632=VERTEX_POINT('',#2137);
#633=VERTEX_POINT('',#2139);
#634=VERTEX_POINT('',#2143);
#635=VERTEX_POINT('',#2144);
#636=VERTEX_POINT('',#2146);
#637=VERTEX_POINT('',#2148);
#638=VERTEX_POINT('',#2152);
#639=VERTEX_POINT('',#2154);
#640=VERTEX_POINT('',#2158);
#641=VERTEX_POINT('',#2160);
#642=VERTEX_POINT('',#2164);
#643=VERTEX_POINT('',#2166);
#644=VERTEX_POINT('',#2170);
#645=VERTEX_POINT('',#2171);
#646=VERTEX_POINT('',#2173);
#647=VERTEX_POINT('',#2175);
#648=VERTEX_POINT('',#2179);
#649=VERTEX_POINT('',#2181);
#650=VERTEX_POINT('',#2185);
#651=VERTEX_POINT('',#2187);
#652=VERTEX_POINT('',#2191);
#653=VERTEX_POINT('',#2193);
#654=VERTEX_POINT('',#2197);
#655=VERTEX_POINT('',#2199);
#656=VERTEX_POINT('',#2201);
#657=VERTEX_POINT('',#2203);
#658=VERTEX_POINT('',#2205);
#659=VERTEX_POINT('',#2209);
#660=VERTEX_POINT('',#2213);
#661=VERTEX_POINT('',#2215);
#662=VERTEX_POINT('',#2219);
#663=VERTEX_POINT('',#2221);
#664=VERTEX_POINT('',#2225);
#665=VERTEX_POINT('',#2227);
#666=VERTEX_POINT('',#2233);
#667=VERTEX_POINT('',#2234);
#668=VERTEX_POINT('',#2236);
#669=VERTEX_POINT('',#2238);
#670=VERTEX_POINT('',#2242);
#671=VERTEX_POINT('',#2244);
#672=VERTEX_POINT('',#2248);
#673=VERTEX_POINT('',#2250);
#674=VERTEX_POINT('',#2254);
#675=VERTEX_POINT('',#2256);
#676=VERTEX_POINT('',#2264);
#677=VERTEX_POINT('',#2270);
#678=VERTEX_POINT('',#2276);
#679=VERTEX_POINT('',#2278);
#680=VERTEX_POINT('',#2282);
#681=VERTEX_POINT('',#2286);
#682=VERTEX_POINT('',#2288);
#683=VERTEX_POINT('',#2292);
#684=VERTEX_POINT('',#2296);
#685=VERTEX_POINT('',#2297);
#686=VERTEX_POINT('',#2299);
#687=VERTEX_POINT('',#2302);
#688=VERTEX_POINT('',#2304);
#689=VERTEX_POINT('',#2306);
#690=VERTEX_POINT('',#2310);
#691=VERTEX_POINT('',#2313);
#692=VERTEX_POINT('',#2315);
#693=VERTEX_POINT('',#2317);
#694=VERTEX_POINT('',#2319);
#695=VERTEX_POINT('',#2321);
#696=VERTEX_POINT('',#2324);
#697=VERTEX_POINT('',#2326);
#698=VERTEX_POINT('',#2328);
#699=VERTEX_POINT('',#2331);
#700=VERTEX_POINT('',#2332);
#701=VERTEX_POINT('',#2334);
#702=VERTEX_POINT('',#2338);
#703=VERTEX_POINT('',#2339);
#704=VERTEX_POINT('',#2344);
#705=VERTEX_POINT('',#2345);
#706=VERTEX_POINT('',#2350);
#707=VERTEX_POINT('',#2354);
#708=VERTEX_POINT('',#2358);
#709=VERTEX_POINT('',#2362);
#710=VERTEX_POINT('',#2366);
#711=VERTEX_POINT('',#2368);
#712=VERTEX_POINT('',#2372);
#713=VERTEX_POINT('',#2374);
#714=VERTEX_POINT('',#2380);
#715=VERTEX_POINT('',#2389);
#716=VERTEX_POINT('',#2391);
#717=VERTEX_POINT('',#2399);
#718=VERTEX_POINT('',#2401);
#719=VERTEX_POINT('',#2411);
#720=VERTEX_POINT('',#2413);
#721=VERTEX_POINT('',#2421);
#722=VERTEX_POINT('',#2424);
#723=VERTEX_POINT('',#2426);
#724=VERTEX_POINT('',#2428);
#725=VERTEX_POINT('',#2432);
#726=VERTEX_POINT('',#2442);
#727=VERTEX_POINT('',#2446);
#728=VERTEX_POINT('',#2453);
#729=EDGE_CURVE('',#586,#587,#216,.T.);
#730=EDGE_CURVE('',#587,#588,#217,.T.);
#731=EDGE_CURVE('',#588,#589,#218,.T.);
#732=EDGE_CURVE('',#589,#586,#219,.T.);
#733=EDGE_CURVE('',#589,#590,#220,.T.);
#734=EDGE_CURVE('',#590,#591,#221,.T.);
#735=EDGE_CURVE('',#591,#592,#222,.T.);
#736=EDGE_CURVE('',#593,#592,#223,.T.);
#737=EDGE_CURVE('',#593,#594,#224,.T.);
#738=EDGE_CURVE('',#595,#594,#225,.T.);
#739=EDGE_CURVE('',#586,#595,#226,.T.);
#740=EDGE_CURVE('',#596,#588,#227,.T.);
#741=EDGE_CURVE('',#596,#597,#228,.T.);
#742=EDGE_CURVE('',#597,#598,#33,.T.);
#743=EDGE_CURVE('',#598,#590,#229,.T.);
#744=EDGE_CURVE('',#599,#600,#230,.T.);
#745=EDGE_CURVE('',#600,#601,#231,.T.);
#746=EDGE_CURVE('',#601,#602,#232,.T.);
#747=EDGE_CURVE('',#602,#599,#233,.T.);
#748=EDGE_CURVE('',#603,#601,#234,.T.);
#749=EDGE_CURVE('',#604,#603,#235,.T.);
#750=EDGE_CURVE('',#604,#605,#34,.T.);
#751=EDGE_CURVE('',#605,#606,#236,.T.);
#752=EDGE_CURVE('',#602,#606,#237,.T.);
#753=EDGE_CURVE('',#600,#607,#238,.T.);
#754=EDGE_CURVE('',#603,#607,#239,.T.);
#755=EDGE_CURVE('',#608,#609,#240,.T.);
#756=EDGE_CURVE('',#609,#610,#241,.T.);
#757=EDGE_CURVE('',#610,#611,#242,.T.);
#758=EDGE_CURVE('',#611,#608,#243,.T.);
#759=EDGE_CURVE('',#612,#610,#244,.T.);
#760=EDGE_CURVE('',#612,#613,#245,.T.);
#761=EDGE_CURVE('',#613,#614,#35,.T.);
#762=EDGE_CURVE('',#615,#614,#246,.T.);
#763=EDGE_CURVE('',#611,#615,#247,.T.);
#764=EDGE_CURVE('',#609,#616,#248,.T.);
#765=EDGE_CURVE('',#617,#616,#249,.T.);
#766=EDGE_CURVE('',#618,#617,#250,.F.);
#767=EDGE_CURVE('',#619,#618,#251,.T.);
#768=EDGE_CURVE('',#619,#620,#252,.T.);
#769=EDGE_CURVE('',#620,#612,#253,.T.);
#770=EDGE_CURVE('',#621,#622,#254,.T.);
#771=EDGE_CURVE('',#622,#623,#255,.T.);
#772=EDGE_CURVE('',#623,#624,#256,.T.);
#773=EDGE_CURVE('',#624,#621,#257,.T.);
#774=EDGE_CURVE('',#624,#625,#258,.T.);
#775=EDGE_CURVE('',#625,#626,#259,.T.);
#776=EDGE_CURVE('',#626,#627,#260,.T.);
#777=EDGE_CURVE('',#628,#627,#261,.T.);
#778=EDGE_CURVE('',#628,#629,#262,.T.);
#779=EDGE_CURVE('',#630,#629,#263,.T.);
#780=EDGE_CURVE('',#621,#630,#264,.T.);
#781=EDGE_CURVE('',#631,#623,#265,.T.);
#782=EDGE_CURVE('',#631,#632,#266,.T.);
#783=EDGE_CURVE('',#632,#633,#36,.T.);
#784=EDGE_CURVE('',#633,#625,#267,.T.);
#785=EDGE_CURVE('',#634,#635,#37,.T.);
#786=EDGE_CURVE('',#636,#635,#268,.T.);
#787=EDGE_CURVE('',#637,#636,#38,.T.);
#788=EDGE_CURVE('',#634,#637,#269,.T.);
#789=EDGE_CURVE('',#634,#638,#270,.F.);
#790=EDGE_CURVE('',#639,#637,#271,.T.);
#791=EDGE_CURVE('',#638,#639,#272,.T.);
#792=EDGE_CURVE('',#640,#638,#39,.T.);
#793=EDGE_CURVE('',#641,#639,#40,.T.);
#794=EDGE_CURVE('',#640,#641,#273,.T.);
#795=EDGE_CURVE('',#641,#642,#274,.T.);
#796=EDGE_CURVE('',#643,#636,#275,.T.);
#797=EDGE_CURVE('',#642,#643,#41,.T.);
#798=EDGE_CURVE('',#644,#645,#42,.T.);
#799=EDGE_CURVE('',#646,#645,#276,.T.);
#800=EDGE_CURVE('',#647,#646,#43,.T.);
#801=EDGE_CURVE('',#644,#647,#277,.T.);
#802=EDGE_CURVE('',#644,#648,#278,.F.);
#803=EDGE_CURVE('',#649,#647,#279,.T.);
#804=EDGE_CURVE('',#648,#649,#280,.T.);
#805=EDGE_CURVE('',#650,#648,#44,.T.);
#806=EDGE_CURVE('',#651,#649,#45,.T.);
#807=EDGE_CURVE('',#650,#651,#281,.T.);
#808=EDGE_CURVE('',#651,#652,#282,.T.);
#809=EDGE_CURVE('',#653,#646,#283,.T.);
#810=EDGE_CURVE('',#652,#653,#46,.T.);
#811=EDGE_CURVE('',#652,#654,#284,.T.);
#812=EDGE_CURVE('',#654,#655,#285,.T.);
#813=EDGE_CURVE('',#656,#655,#286,.T.);
#814=EDGE_CURVE('',#656,#657,#287,.T.);
#815=EDGE_CURVE('',#658,#657,#288,.T.);
#816=EDGE_CURVE('',#650,#658,#289,.T.);
#817=EDGE_CURVE('',#653,#659,#290,.T.);
#818=EDGE_CURVE('',#659,#654,#47,.T.);
#819=EDGE_CURVE('',#660,#656,#48,.T.);
#820=EDGE_CURVE('',#655,#661,#49,.T.);
#821=EDGE_CURVE('',#660,#661,#291,.T.);
#822=EDGE_CURVE('',#662,#660,#292,.T.);
#823=EDGE_CURVE('',#661,#663,#293,.T.);
#824=EDGE_CURVE('',#662,#663,#294,.T.);
#825=EDGE_CURVE('',#664,#662,#50,.T.);
#826=EDGE_CURVE('',#663,#665,#51,.T.);
#827=EDGE_CURVE('',#664,#665,#295,.T.);
#828=EDGE_CURVE('',#665,#659,#296,.T.);
#829=EDGE_CURVE('',#666,#667,#52,.T.);
#830=EDGE_CURVE('',#667,#668,#297,.T.);
#831=EDGE_CURVE('',#668,#669,#53,.T.);
#832=EDGE_CURVE('',#666,#669,#298,.T.);
#833=EDGE_CURVE('',#670,#666,#299,.T.);
#834=EDGE_CURVE('',#669,#671,#300,.T.);
#835=EDGE_CURVE('',#670,#671,#301,.T.);
#836=EDGE_CURVE('',#672,#670,#54,.T.);
#837=EDGE_CURVE('',#671,#673,#55,.T.);
#838=EDGE_CURVE('',#672,#673,#302,.T.);
#839=EDGE_CURVE('',#643,#674,#303,.T.);
#840=EDGE_CURVE('',#674,#675,#56,.T.);
#841=EDGE_CURVE('',#642,#675,#304,.T.);
#842=EDGE_CURVE('',#675,#668,#305,.T.);
#843=EDGE_CURVE('',#673,#674,#306,.T.);
#844=EDGE_CURVE('',#667,#664,#307,.T.);
#845=EDGE_CURVE('',#676,#672,#308,.T.);
#846=EDGE_CURVE('',#657,#676,#57,.T.);
#847=EDGE_CURVE('',#640,#645,#309,.T.);
#848=EDGE_CURVE('',#677,#635,#310,.T.);
#849=EDGE_CURVE('',#677,#676,#311,.T.);
#850=EDGE_CURVE('',#658,#677,#58,.T.);
#851=EDGE_CURVE('',#678,#604,#312,.T.);
#852=EDGE_CURVE('',#678,#679,#59,.T.);
#853=EDGE_CURVE('',#679,#605,#313,.T.);
#854=EDGE_CURVE('',#606,#680,#314,.T.);
#855=EDGE_CURVE('',#679,#680,#315,.T.);
#856=EDGE_CURVE('',#614,#681,#316,.T.);
#857=EDGE_CURVE('',#682,#613,#317,.T.);
#858=EDGE_CURVE('',#682,#681,#60,.T.);
#859=EDGE_CURVE('',#683,#615,#318,.T.);
#860=EDGE_CURVE('',#608,#683,#319,.T.);
#861=EDGE_CURVE('',#684,#685,#320,.T.);
#862=EDGE_CURVE('',#684,#686,#321,.T.);
#863=EDGE_CURVE('',#680,#686,#322,.T.);
#864=EDGE_CURVE('',#687,#678,#323,.T.);
#865=EDGE_CURVE('',#687,#688,#324,.T.);
#866=EDGE_CURVE('',#689,#688,#325,.T.);
#867=EDGE_CURVE('',#681,#689,#326,.T.);
#868=EDGE_CURVE('',#620,#682,#327,.T.);
#869=EDGE_CURVE('',#619,#690,#328,.T.);
#870=EDGE_CURVE('',#627,#690,#329,.T.);
#871=EDGE_CURVE('',#691,#626,#330,.T.);
#872=EDGE_CURVE('',#692,#691,#61,.T.);
#873=EDGE_CURVE('',#693,#692,#331,.T.);
#874=EDGE_CURVE('',#694,#693,#332,.T.);
#875=EDGE_CURVE('',#694,#695,#333,.T.);
#876=EDGE_CURVE('',#695,#592,#334,.T.);
#877=EDGE_CURVE('',#696,#591,#335,.T.);
#878=EDGE_CURVE('',#697,#696,#62,.T.);
#879=EDGE_CURVE('',#698,#697,#336,.T.);
#880=EDGE_CURVE('',#685,#698,#337,.T.);
#881=EDGE_CURVE('',#699,#700,#338,.T.);
#882=EDGE_CURVE('',#701,#699,#339,.T.);
#883=EDGE_CURVE('',#701,#700,#340,.T.);
#884=EDGE_CURVE('',#702,#703,#341,.T.);
#885=EDGE_CURVE('',#688,#703,#342,.T.);
#886=EDGE_CURVE('',#702,#687,#343,.T.);
#887=EDGE_CURVE('',#704,#705,#344,.T.);
#888=EDGE_CURVE('',#700,#705,#345,.T.);
#889=EDGE_CURVE('',#704,#701,#346,.T.);
#890=EDGE_CURVE('',#607,#706,#347,.T.);
#891=EDGE_CURVE('',#687,#706,#348,.T.);
#892=EDGE_CURVE('',#707,#703,#349,.F.);
#893=EDGE_CURVE('',#689,#707,#350,.T.);
#894=EDGE_CURVE('',#708,#705,#351,.T.);
#895=EDGE_CURVE('',#699,#708,#352,.T.);
#896=EDGE_CURVE('',#709,#690,#353,.T.);
#897=EDGE_CURVE('',#628,#709,#354,.T.);
#898=EDGE_CURVE('',#710,#684,#355,.T.);
#899=EDGE_CURVE('',#710,#711,#356,.F.);
#900=EDGE_CURVE('',#711,#686,#357,.T.);
#901=EDGE_CURVE('',#695,#712,#358,.T.);
#902=EDGE_CURVE('',#694,#713,#359,.T.);
#903=EDGE_CURVE('',#713,#712,#360,.F.);
#904=EDGE_CURVE('',#712,#593,#361,.F.);
#905=EDGE_CURVE('',#685,#714,#362,.T.);
#906=EDGE_CURVE('',#710,#714,#363,.T.);
#907=EDGE_CURVE('',#618,#709,#364,.F.);
#908=EDGE_CURVE('',#704,#708,#365,.T.);
#909=EDGE_CURVE('',#715,#617,#366,.T.);
#910=EDGE_CURVE('',#616,#716,#367,.T.);
#911=EDGE_CURVE('',#716,#715,#368,.T.);
#912=EDGE_CURVE('',#707,#715,#369,.T.);
#913=EDGE_CURVE('',#683,#716,#370,.T.);
#914=EDGE_CURVE('',#717,#587,#371,.T.);
#915=EDGE_CURVE('',#718,#717,#372,.T.);
#916=EDGE_CURVE('',#714,#718,#373,.F.);
#917=EDGE_CURVE('',#698,#596,#374,.T.);
#918=EDGE_CURVE('',#697,#597,#375,.T.);
#919=EDGE_CURVE('',#696,#598,#376,.T.);
#920=EDGE_CURVE('',#594,#719,#377,.T.);
#921=EDGE_CURVE('',#719,#720,#378,.T.);
#922=EDGE_CURVE('',#720,#595,#379,.T.);
#923=EDGE_CURVE('',#718,#719,#380,.F.);
#924=EDGE_CURVE('',#717,#720,#381,.T.);
#925=EDGE_CURVE('',#721,#702,#382,.T.);
#926=EDGE_CURVE('',#711,#721,#383,.T.);
#927=EDGE_CURVE('',#722,#713,#384,.T.);
#928=EDGE_CURVE('',#723,#722,#385,.T.);
#929=EDGE_CURVE('',#723,#724,#386,.F.);
#930=EDGE_CURVE('',#629,#724,#387,.T.);
#931=EDGE_CURVE('',#725,#622,#388,.T.);
#932=EDGE_CURVE('',#722,#725,#389,.T.);
#933=EDGE_CURVE('',#693,#631,#390,.T.);
#934=EDGE_CURVE('',#692,#632,#391,.T.);
#935=EDGE_CURVE('',#691,#633,#392,.T.);
#936=EDGE_CURVE('',#724,#726,#393,.T.);
#937=EDGE_CURVE('',#726,#630,#394,.T.);
#938=EDGE_CURVE('',#727,#725,#395,.F.);
#939=EDGE_CURVE('',#723,#727,#396,.T.);
#940=EDGE_CURVE('',#727,#726,#397,.T.);
#941=EDGE_CURVE('',#706,#728,#398,.T.);
#942=EDGE_CURVE('',#728,#721,#399,.T.);
#943=EDGE_CURVE('',#599,#728,#400,.T.);
#944=ORIENTED_EDGE('',*,*,#729,.T.);
#945=ORIENTED_EDGE('',*,*,#730,.T.);
#946=ORIENTED_EDGE('',*,*,#731,.T.);
#947=ORIENTED_EDGE('',*,*,#732,.T.);
#948=ORIENTED_EDGE('',*,*,#732,.F.);
#949=ORIENTED_EDGE('',*,*,#733,.T.);
#950=ORIENTED_EDGE('',*,*,#734,.T.);
#951=ORIENTED_EDGE('',*,*,#735,.T.);
#952=ORIENTED_EDGE('',*,*,#736,.F.);
#953=ORIENTED_EDGE('',*,*,#737,.T.);
#954=ORIENTED_EDGE('',*,*,#738,.F.);
#955=ORIENTED_EDGE('',*,*,#739,.F.);
#956=ORIENTED_EDGE('',*,*,#731,.F.);
#957=ORIENTED_EDGE('',*,*,#740,.F.);
#958=ORIENTED_EDGE('',*,*,#741,.T.);
#959=ORIENTED_EDGE('',*,*,#742,.T.);
#960=ORIENTED_EDGE('',*,*,#743,.T.);
#961=ORIENTED_EDGE('',*,*,#733,.F.);
#962=ORIENTED_EDGE('',*,*,#744,.T.);
#963=ORIENTED_EDGE('',*,*,#745,.T.);
#964=ORIENTED_EDGE('',*,*,#746,.T.);
#965=ORIENTED_EDGE('',*,*,#747,.T.);
#966=ORIENTED_EDGE('',*,*,#746,.F.);
#967=ORIENTED_EDGE('',*,*,#748,.F.);
#968=ORIENTED_EDGE('',*,*,#749,.F.);
#969=ORIENTED_EDGE('',*,*,#750,.T.);
#970=ORIENTED_EDGE('',*,*,#751,.T.);
#971=ORIENTED_EDGE('',*,*,#752,.F.);
#972=ORIENTED_EDGE('',*,*,#745,.F.);
#973=ORIENTED_EDGE('',*,*,#753,.T.);
#974=ORIENTED_EDGE('',*,*,#754,.F.);
#975=ORIENTED_EDGE('',*,*,#748,.T.);
#976=ORIENTED_EDGE('',*,*,#755,.T.);
#977=ORIENTED_EDGE('',*,*,#756,.T.);
#978=ORIENTED_EDGE('',*,*,#757,.T.);
#979=ORIENTED_EDGE('',*,*,#758,.T.);
#980=ORIENTED_EDGE('',*,*,#757,.F.);
#981=ORIENTED_EDGE('',*,*,#759,.F.);
#982=ORIENTED_EDGE('',*,*,#760,.T.);
#983=ORIENTED_EDGE('',*,*,#761,.T.);
#984=ORIENTED_EDGE('',*,*,#762,.F.);
#985=ORIENTED_EDGE('',*,*,#763,.F.);
#986=ORIENTED_EDGE('',*,*,#756,.F.);
#987=ORIENTED_EDGE('',*,*,#764,.T.);
#988=ORIENTED_EDGE('',*,*,#765,.F.);
#989=ORIENTED_EDGE('',*,*,#766,.F.);
#990=ORIENTED_EDGE('',*,*,#767,.F.);
#991=ORIENTED_EDGE('',*,*,#768,.T.);
#992=ORIENTED_EDGE('',*,*,#769,.T.);
#993=ORIENTED_EDGE('',*,*,#759,.T.);
#994=ORIENTED_EDGE('',*,*,#770,.T.);
#995=ORIENTED_EDGE('',*,*,#771,.T.);
#996=ORIENTED_EDGE('',*,*,#772,.T.);
#997=ORIENTED_EDGE('',*,*,#773,.T.);
#998=ORIENTED_EDGE('',*,*,#773,.F.);
#999=ORIENTED_EDGE('',*,*,#774,.T.);
#1000=ORIENTED_EDGE('',*,*,#775,.T.);
#1001=ORIENTED_EDGE('',*,*,#776,.T.);
#1002=ORIENTED_EDGE('',*,*,#777,.F.);
#1003=ORIENTED_EDGE('',*,*,#778,.T.);
#1004=ORIENTED_EDGE('',*,*,#779,.F.);
#1005=ORIENTED_EDGE('',*,*,#780,.F.);
#1006=ORIENTED_EDGE('',*,*,#772,.F.);
#1007=ORIENTED_EDGE('',*,*,#781,.F.);
#1008=ORIENTED_EDGE('',*,*,#782,.T.);
#1009=ORIENTED_EDGE('',*,*,#783,.T.);
#1010=ORIENTED_EDGE('',*,*,#784,.T.);
#1011=ORIENTED_EDGE('',*,*,#774,.F.);
#1012=ORIENTED_EDGE('',*,*,#785,.T.);
#1013=ORIENTED_EDGE('',*,*,#786,.F.);
#1014=ORIENTED_EDGE('',*,*,#787,.F.);
#1015=ORIENTED_EDGE('',*,*,#788,.F.);
#1016=ORIENTED_EDGE('',*,*,#789,.F.);
#1017=ORIENTED_EDGE('',*,*,#788,.T.);
#1018=ORIENTED_EDGE('',*,*,#790,.F.);
#1019=ORIENTED_EDGE('',*,*,#791,.F.);
#1020=ORIENTED_EDGE('',*,*,#792,.T.);
#1021=ORIENTED_EDGE('',*,*,#791,.T.);
#1022=ORIENTED_EDGE('',*,*,#793,.F.);
#1023=ORIENTED_EDGE('',*,*,#794,.F.);
#1024=ORIENTED_EDGE('',*,*,#795,.F.);
#1025=ORIENTED_EDGE('',*,*,#793,.T.);
#1026=ORIENTED_EDGE('',*,*,#790,.T.);
#1027=ORIENTED_EDGE('',*,*,#787,.T.);
#1028=ORIENTED_EDGE('',*,*,#796,.F.);
#1029=ORIENTED_EDGE('',*,*,#797,.F.);
#1030=ORIENTED_EDGE('',*,*,#798,.T.);
#1031=ORIENTED_EDGE('',*,*,#799,.F.);
#1032=ORIENTED_EDGE('',*,*,#800,.F.);
#1033=ORIENTED_EDGE('',*,*,#801,.F.);
#1034=ORIENTED_EDGE('',*,*,#802,.F.);
#1035=ORIENTED_EDGE('',*,*,#801,.T.);
#1036=ORIENTED_EDGE('',*,*,#803,.F.);
#1037=ORIENTED_EDGE('',*,*,#804,.F.);
#1038=ORIENTED_EDGE('',*,*,#805,.T.);
#1039=ORIENTED_EDGE('',*,*,#804,.T.);
#1040=ORIENTED_EDGE('',*,*,#806,.F.);
#1041=ORIENTED_EDGE('',*,*,#807,.F.);
#1042=ORIENTED_EDGE('',*,*,#808,.F.);
#1043=ORIENTED_EDGE('',*,*,#806,.T.);
#1044=ORIENTED_EDGE('',*,*,#803,.T.);
#1045=ORIENTED_EDGE('',*,*,#800,.T.);
#1046=ORIENTED_EDGE('',*,*,#809,.F.);
#1047=ORIENTED_EDGE('',*,*,#810,.F.);
#1048=ORIENTED_EDGE('',*,*,#807,.T.);
#1049=ORIENTED_EDGE('',*,*,#808,.T.);
#1050=ORIENTED_EDGE('',*,*,#811,.T.);
#1051=ORIENTED_EDGE('',*,*,#812,.T.);
#1052=ORIENTED_EDGE('',*,*,#813,.F.);
#1053=ORIENTED_EDGE('',*,*,#814,.T.);
#1054=ORIENTED_EDGE('',*,*,#815,.F.);
#1055=ORIENTED_EDGE('',*,*,#816,.F.);
#1056=ORIENTED_EDGE('',*,*,#810,.T.);
#1057=ORIENTED_EDGE('',*,*,#817,.T.);
#1058=ORIENTED_EDGE('',*,*,#818,.T.);
#1059=ORIENTED_EDGE('',*,*,#811,.F.);
#1060=ORIENTED_EDGE('',*,*,#819,.T.);
#1061=ORIENTED_EDGE('',*,*,#813,.T.);
#1062=ORIENTED_EDGE('',*,*,#820,.T.);
#1063=ORIENTED_EDGE('',*,*,#821,.F.);
#1064=ORIENTED_EDGE('',*,*,#822,.T.);
#1065=ORIENTED_EDGE('',*,*,#821,.T.);
#1066=ORIENTED_EDGE('',*,*,#823,.T.);
#1067=ORIENTED_EDGE('',*,*,#824,.F.);
#1068=ORIENTED_EDGE('',*,*,#825,.T.);
#1069=ORIENTED_EDGE('',*,*,#824,.T.);
#1070=ORIENTED_EDGE('',*,*,#826,.T.);
#1071=ORIENTED_EDGE('',*,*,#827,.F.);
#1072=ORIENTED_EDGE('',*,*,#812,.F.);
#1073=ORIENTED_EDGE('',*,*,#818,.F.);
#1074=ORIENTED_EDGE('',*,*,#828,.F.);
#1075=ORIENTED_EDGE('',*,*,#826,.F.);
#1076=ORIENTED_EDGE('',*,*,#823,.F.);
#1077=ORIENTED_EDGE('',*,*,#820,.F.);
#1078=ORIENTED_EDGE('',*,*,#829,.T.);
#1079=ORIENTED_EDGE('',*,*,#830,.T.);
#1080=ORIENTED_EDGE('',*,*,#831,.T.);
#1081=ORIENTED_EDGE('',*,*,#832,.F.);
#1082=ORIENTED_EDGE('',*,*,#833,.T.);
#1083=ORIENTED_EDGE('',*,*,#832,.T.);
#1084=ORIENTED_EDGE('',*,*,#834,.T.);
#1085=ORIENTED_EDGE('',*,*,#835,.F.);
#1086=ORIENTED_EDGE('',*,*,#836,.T.);
#1087=ORIENTED_EDGE('',*,*,#835,.T.);
#1088=ORIENTED_EDGE('',*,*,#837,.T.);
#1089=ORIENTED_EDGE('',*,*,#838,.F.);
#1090=ORIENTED_EDGE('',*,*,#797,.T.);
#1091=ORIENTED_EDGE('',*,*,#839,.T.);
#1092=ORIENTED_EDGE('',*,*,#840,.T.);
#1093=ORIENTED_EDGE('',*,*,#841,.F.);
#1094=ORIENTED_EDGE('',*,*,#842,.F.);
#1095=ORIENTED_EDGE('',*,*,#840,.F.);
#1096=ORIENTED_EDGE('',*,*,#843,.F.);
#1097=ORIENTED_EDGE('',*,*,#837,.F.);
#1098=ORIENTED_EDGE('',*,*,#834,.F.);
#1099=ORIENTED_EDGE('',*,*,#831,.F.);
#1100=ORIENTED_EDGE('',*,*,#844,.F.);
#1101=ORIENTED_EDGE('',*,*,#829,.F.);
#1102=ORIENTED_EDGE('',*,*,#833,.F.);
#1103=ORIENTED_EDGE('',*,*,#836,.F.);
#1104=ORIENTED_EDGE('',*,*,#845,.F.);
#1105=ORIENTED_EDGE('',*,*,#846,.F.);
#1106=ORIENTED_EDGE('',*,*,#814,.F.);
#1107=ORIENTED_EDGE('',*,*,#819,.F.);
#1108=ORIENTED_EDGE('',*,*,#822,.F.);
#1109=ORIENTED_EDGE('',*,*,#825,.F.);
#1110=ORIENTED_EDGE('',*,*,#795,.T.);
#1111=ORIENTED_EDGE('',*,*,#841,.T.);
#1112=ORIENTED_EDGE('',*,*,#842,.T.);
#1113=ORIENTED_EDGE('',*,*,#830,.F.);
#1114=ORIENTED_EDGE('',*,*,#844,.T.);
#1115=ORIENTED_EDGE('',*,*,#827,.T.);
#1116=ORIENTED_EDGE('',*,*,#828,.T.);
#1117=ORIENTED_EDGE('',*,*,#817,.F.);
#1118=ORIENTED_EDGE('',*,*,#809,.T.);
#1119=ORIENTED_EDGE('',*,*,#799,.T.);
#1120=ORIENTED_EDGE('',*,*,#847,.F.);
#1121=ORIENTED_EDGE('',*,*,#794,.T.);
#1122=ORIENTED_EDGE('',*,*,#786,.T.);
#1123=ORIENTED_EDGE('',*,*,#848,.F.);
#1124=ORIENTED_EDGE('',*,*,#849,.T.);
#1125=ORIENTED_EDGE('',*,*,#845,.T.);
#1126=ORIENTED_EDGE('',*,*,#838,.T.);
#1127=ORIENTED_EDGE('',*,*,#843,.T.);
#1128=ORIENTED_EDGE('',*,*,#839,.F.);
#1129=ORIENTED_EDGE('',*,*,#796,.T.);
#1130=ORIENTED_EDGE('',*,*,#850,.F.);
#1131=ORIENTED_EDGE('',*,*,#815,.T.);
#1132=ORIENTED_EDGE('',*,*,#846,.T.);
#1133=ORIENTED_EDGE('',*,*,#849,.F.);
#1134=ORIENTED_EDGE('',*,*,#851,.F.);
#1135=ORIENTED_EDGE('',*,*,#852,.T.);
#1136=ORIENTED_EDGE('',*,*,#853,.T.);
#1137=ORIENTED_EDGE('',*,*,#750,.F.);
#1138=ORIENTED_EDGE('',*,*,#854,.F.);
#1139=ORIENTED_EDGE('',*,*,#751,.F.);
#1140=ORIENTED_EDGE('',*,*,#853,.F.);
#1141=ORIENTED_EDGE('',*,*,#855,.T.);
#1142=ORIENTED_EDGE('',*,*,#856,.F.);
#1143=ORIENTED_EDGE('',*,*,#761,.F.);
#1144=ORIENTED_EDGE('',*,*,#857,.F.);
#1145=ORIENTED_EDGE('',*,*,#858,.T.);
#1146=ORIENTED_EDGE('',*,*,#758,.F.);
#1147=ORIENTED_EDGE('',*,*,#763,.T.);
#1148=ORIENTED_EDGE('',*,*,#859,.F.);
#1149=ORIENTED_EDGE('',*,*,#860,.F.);
#1150=ORIENTED_EDGE('',*,*,#861,.F.);
#1151=ORIENTED_EDGE('',*,*,#862,.T.);
#1152=ORIENTED_EDGE('',*,*,#863,.F.);
#1153=ORIENTED_EDGE('',*,*,#855,.F.);
#1154=ORIENTED_EDGE('',*,*,#852,.F.);
#1155=ORIENTED_EDGE('',*,*,#864,.F.);
#1156=ORIENTED_EDGE('',*,*,#865,.T.);
#1157=ORIENTED_EDGE('',*,*,#866,.F.);
#1158=ORIENTED_EDGE('',*,*,#867,.F.);
#1159=ORIENTED_EDGE('',*,*,#858,.F.);
#1160=ORIENTED_EDGE('',*,*,#868,.F.);
#1161=ORIENTED_EDGE('',*,*,#768,.F.);
#1162=ORIENTED_EDGE('',*,*,#869,.T.);
#1163=ORIENTED_EDGE('',*,*,#870,.F.);
#1164=ORIENTED_EDGE('',*,*,#776,.F.);
#1165=ORIENTED_EDGE('',*,*,#871,.F.);
#1166=ORIENTED_EDGE('',*,*,#872,.F.);
#1167=ORIENTED_EDGE('',*,*,#873,.F.);
#1168=ORIENTED_EDGE('',*,*,#874,.F.);
#1169=ORIENTED_EDGE('',*,*,#875,.T.);
#1170=ORIENTED_EDGE('',*,*,#876,.T.);
#1171=ORIENTED_EDGE('',*,*,#735,.F.);
#1172=ORIENTED_EDGE('',*,*,#877,.F.);
#1173=ORIENTED_EDGE('',*,*,#878,.F.);
#1174=ORIENTED_EDGE('',*,*,#879,.F.);
#1175=ORIENTED_EDGE('',*,*,#880,.F.);
#1176=ORIENTED_EDGE('',*,*,#881,.F.);
#1177=ORIENTED_EDGE('',*,*,#882,.F.);
#1178=ORIENTED_EDGE('',*,*,#883,.T.);
#1179=ORIENTED_EDGE('',*,*,#884,.T.);
#1180=ORIENTED_EDGE('',*,*,#885,.F.);
#1181=ORIENTED_EDGE('',*,*,#865,.F.);
#1182=ORIENTED_EDGE('',*,*,#886,.F.);
#1183=ORIENTED_EDGE('',*,*,#887,.T.);
#1184=ORIENTED_EDGE('',*,*,#888,.F.);
#1185=ORIENTED_EDGE('',*,*,#883,.F.);
#1186=ORIENTED_EDGE('',*,*,#889,.F.);
#1187=ORIENTED_EDGE('',*,*,#749,.T.);
#1188=ORIENTED_EDGE('',*,*,#754,.T.);
#1189=ORIENTED_EDGE('',*,*,#890,.T.);
#1190=ORIENTED_EDGE('',*,*,#891,.F.);
#1191=ORIENTED_EDGE('',*,*,#864,.T.);
#1192=ORIENTED_EDGE('',*,*,#851,.T.);
#1193=ORIENTED_EDGE('',*,*,#866,.T.);
#1194=ORIENTED_EDGE('',*,*,#885,.T.);
#1195=ORIENTED_EDGE('',*,*,#892,.F.);
#1196=ORIENTED_EDGE('',*,*,#893,.F.);
#1197=ORIENTED_EDGE('',*,*,#888,.T.);
#1198=ORIENTED_EDGE('',*,*,#894,.F.);
#1199=ORIENTED_EDGE('',*,*,#895,.F.);
#1200=ORIENTED_EDGE('',*,*,#881,.T.);
#1201=ORIENTED_EDGE('',*,*,#896,.F.);
#1202=ORIENTED_EDGE('',*,*,#897,.F.);
#1203=ORIENTED_EDGE('',*,*,#777,.T.);
#1204=ORIENTED_EDGE('',*,*,#870,.T.);
#1205=ORIENTED_EDGE('',*,*,#898,.F.);
#1206=ORIENTED_EDGE('',*,*,#899,.T.);
#1207=ORIENTED_EDGE('',*,*,#900,.T.);
#1208=ORIENTED_EDGE('',*,*,#862,.F.);
#1209=ORIENTED_EDGE('',*,*,#901,.F.);
#1210=ORIENTED_EDGE('',*,*,#875,.F.);
#1211=ORIENTED_EDGE('',*,*,#902,.T.);
#1212=ORIENTED_EDGE('',*,*,#903,.T.);
#1213=ORIENTED_EDGE('',*,*,#901,.T.);
#1214=ORIENTED_EDGE('',*,*,#904,.T.);
#1215=ORIENTED_EDGE('',*,*,#736,.T.);
#1216=ORIENTED_EDGE('',*,*,#876,.F.);
#1217=ORIENTED_EDGE('',*,*,#898,.T.);
#1218=ORIENTED_EDGE('',*,*,#861,.T.);
#1219=ORIENTED_EDGE('',*,*,#905,.T.);
#1220=ORIENTED_EDGE('',*,*,#906,.F.);
#1221=ORIENTED_EDGE('',*,*,#896,.T.);
#1222=ORIENTED_EDGE('',*,*,#869,.F.);
#1223=ORIENTED_EDGE('',*,*,#767,.T.);
#1224=ORIENTED_EDGE('',*,*,#907,.T.);
#1225=ORIENTED_EDGE('',*,*,#889,.T.);
#1226=ORIENTED_EDGE('',*,*,#882,.T.);
#1227=ORIENTED_EDGE('',*,*,#895,.T.);
#1228=ORIENTED_EDGE('',*,*,#908,.F.);
#1229=ORIENTED_EDGE('',*,*,#769,.F.);
#1230=ORIENTED_EDGE('',*,*,#868,.T.);
#1231=ORIENTED_EDGE('',*,*,#857,.T.);
#1232=ORIENTED_EDGE('',*,*,#760,.F.);
#1233=ORIENTED_EDGE('',*,*,#909,.T.);
#1234=ORIENTED_EDGE('',*,*,#765,.T.);
#1235=ORIENTED_EDGE('',*,*,#910,.T.);
#1236=ORIENTED_EDGE('',*,*,#911,.T.);
#1237=ORIENTED_EDGE('',*,*,#867,.T.);
#1238=ORIENTED_EDGE('',*,*,#893,.T.);
#1239=ORIENTED_EDGE('',*,*,#912,.T.);
#1240=ORIENTED_EDGE('',*,*,#911,.F.);
#1241=ORIENTED_EDGE('',*,*,#913,.F.);
#1242=ORIENTED_EDGE('',*,*,#859,.T.);
#1243=ORIENTED_EDGE('',*,*,#762,.T.);
#1244=ORIENTED_EDGE('',*,*,#856,.T.);
#1245=ORIENTED_EDGE('',*,*,#755,.F.);
#1246=ORIENTED_EDGE('',*,*,#860,.T.);
#1247=ORIENTED_EDGE('',*,*,#913,.T.);
#1248=ORIENTED_EDGE('',*,*,#910,.F.);
#1249=ORIENTED_EDGE('',*,*,#764,.F.);
#1250=ORIENTED_EDGE('',*,*,#730,.F.);
#1251=ORIENTED_EDGE('',*,*,#914,.F.);
#1252=ORIENTED_EDGE('',*,*,#915,.F.);
#1253=ORIENTED_EDGE('',*,*,#916,.F.);
#1254=ORIENTED_EDGE('',*,*,#905,.F.);
#1255=ORIENTED_EDGE('',*,*,#880,.T.);
#1256=ORIENTED_EDGE('',*,*,#917,.T.);
#1257=ORIENTED_EDGE('',*,*,#740,.T.);
#1258=ORIENTED_EDGE('',*,*,#917,.F.);
#1259=ORIENTED_EDGE('',*,*,#879,.T.);
#1260=ORIENTED_EDGE('',*,*,#918,.T.);
#1261=ORIENTED_EDGE('',*,*,#741,.F.);
#1262=ORIENTED_EDGE('',*,*,#918,.F.);
#1263=ORIENTED_EDGE('',*,*,#878,.T.);
#1264=ORIENTED_EDGE('',*,*,#919,.T.);
#1265=ORIENTED_EDGE('',*,*,#742,.F.);
#1266=ORIENTED_EDGE('',*,*,#734,.F.);
#1267=ORIENTED_EDGE('',*,*,#743,.F.);
#1268=ORIENTED_EDGE('',*,*,#919,.F.);
#1269=ORIENTED_EDGE('',*,*,#877,.T.);
#1270=ORIENTED_EDGE('',*,*,#920,.T.);
#1271=ORIENTED_EDGE('',*,*,#921,.T.);
#1272=ORIENTED_EDGE('',*,*,#922,.T.);
#1273=ORIENTED_EDGE('',*,*,#738,.T.);
#1274=ORIENTED_EDGE('',*,*,#923,.F.);
#1275=ORIENTED_EDGE('',*,*,#915,.T.);
#1276=ORIENTED_EDGE('',*,*,#924,.T.);
#1277=ORIENTED_EDGE('',*,*,#921,.F.);
#1278=ORIENTED_EDGE('',*,*,#729,.F.);
#1279=ORIENTED_EDGE('',*,*,#739,.T.);
#1280=ORIENTED_EDGE('',*,*,#922,.F.);
#1281=ORIENTED_EDGE('',*,*,#924,.F.);
#1282=ORIENTED_EDGE('',*,*,#914,.T.);
#1283=ORIENTED_EDGE('',*,*,#925,.F.);
#1284=ORIENTED_EDGE('',*,*,#926,.F.);
#1285=ORIENTED_EDGE('',*,*,#899,.F.);
#1286=ORIENTED_EDGE('',*,*,#906,.T.);
#1287=ORIENTED_EDGE('',*,*,#916,.T.);
#1288=ORIENTED_EDGE('',*,*,#923,.T.);
#1289=ORIENTED_EDGE('',*,*,#920,.F.);
#1290=ORIENTED_EDGE('',*,*,#737,.F.);
#1291=ORIENTED_EDGE('',*,*,#904,.F.);
#1292=ORIENTED_EDGE('',*,*,#903,.F.);
#1293=ORIENTED_EDGE('',*,*,#927,.F.);
#1294=ORIENTED_EDGE('',*,*,#928,.F.);
#1295=ORIENTED_EDGE('',*,*,#929,.T.);
#1296=ORIENTED_EDGE('',*,*,#930,.F.);
#1297=ORIENTED_EDGE('',*,*,#778,.F.);
#1298=ORIENTED_EDGE('',*,*,#897,.T.);
#1299=ORIENTED_EDGE('',*,*,#907,.F.);
#1300=ORIENTED_EDGE('',*,*,#766,.T.);
#1301=ORIENTED_EDGE('',*,*,#909,.F.);
#1302=ORIENTED_EDGE('',*,*,#912,.F.);
#1303=ORIENTED_EDGE('',*,*,#892,.T.);
#1304=ORIENTED_EDGE('',*,*,#884,.F.);
#1305=ORIENTED_EDGE('',*,*,#816,.T.);
#1306=ORIENTED_EDGE('',*,*,#850,.T.);
#1307=ORIENTED_EDGE('',*,*,#848,.T.);
#1308=ORIENTED_EDGE('',*,*,#785,.F.);
#1309=ORIENTED_EDGE('',*,*,#789,.T.);
#1310=ORIENTED_EDGE('',*,*,#792,.F.);
#1311=ORIENTED_EDGE('',*,*,#847,.T.);
#1312=ORIENTED_EDGE('',*,*,#798,.F.);
#1313=ORIENTED_EDGE('',*,*,#802,.T.);
#1314=ORIENTED_EDGE('',*,*,#805,.F.);
#1315=ORIENTED_EDGE('',*,*,#887,.F.);
#1316=ORIENTED_EDGE('',*,*,#908,.T.);
#1317=ORIENTED_EDGE('',*,*,#894,.T.);
#1318=ORIENTED_EDGE('',*,*,#771,.F.);
#1319=ORIENTED_EDGE('',*,*,#931,.F.);
#1320=ORIENTED_EDGE('',*,*,#932,.F.);
#1321=ORIENTED_EDGE('',*,*,#927,.T.);
#1322=ORIENTED_EDGE('',*,*,#902,.F.);
#1323=ORIENTED_EDGE('',*,*,#874,.T.);
#1324=ORIENTED_EDGE('',*,*,#933,.T.);
#1325=ORIENTED_EDGE('',*,*,#781,.T.);
#1326=ORIENTED_EDGE('',*,*,#933,.F.);
#1327=ORIENTED_EDGE('',*,*,#873,.T.);
#1328=ORIENTED_EDGE('',*,*,#934,.T.);
#1329=ORIENTED_EDGE('',*,*,#782,.F.);
#1330=ORIENTED_EDGE('',*,*,#775,.F.);
#1331=ORIENTED_EDGE('',*,*,#784,.F.);
#1332=ORIENTED_EDGE('',*,*,#935,.F.);
#1333=ORIENTED_EDGE('',*,*,#871,.T.);
#1334=ORIENTED_EDGE('',*,*,#934,.F.);
#1335=ORIENTED_EDGE('',*,*,#872,.T.);
#1336=ORIENTED_EDGE('',*,*,#935,.T.);
#1337=ORIENTED_EDGE('',*,*,#783,.F.);
#1338=ORIENTED_EDGE('',*,*,#930,.T.);
#1339=ORIENTED_EDGE('',*,*,#936,.T.);
#1340=ORIENTED_EDGE('',*,*,#937,.T.);
#1341=ORIENTED_EDGE('',*,*,#779,.T.);
#1342=ORIENTED_EDGE('',*,*,#928,.T.);
#1343=ORIENTED_EDGE('',*,*,#932,.T.);
#1344=ORIENTED_EDGE('',*,*,#938,.F.);
#1345=ORIENTED_EDGE('',*,*,#939,.F.);
#1346=ORIENTED_EDGE('',*,*,#929,.F.);
#1347=ORIENTED_EDGE('',*,*,#939,.T.);
#1348=ORIENTED_EDGE('',*,*,#940,.T.);
#1349=ORIENTED_EDGE('',*,*,#936,.F.);
#1350=ORIENTED_EDGE('',*,*,#770,.F.);
#1351=ORIENTED_EDGE('',*,*,#780,.T.);
#1352=ORIENTED_EDGE('',*,*,#937,.F.);
#1353=ORIENTED_EDGE('',*,*,#940,.F.);
#1354=ORIENTED_EDGE('',*,*,#938,.T.);
#1355=ORIENTED_EDGE('',*,*,#931,.T.);
#1356=ORIENTED_EDGE('',*,*,#925,.T.);
#1357=ORIENTED_EDGE('',*,*,#886,.T.);
#1358=ORIENTED_EDGE('',*,*,#891,.T.);
#1359=ORIENTED_EDGE('',*,*,#941,.T.);
#1360=ORIENTED_EDGE('',*,*,#942,.T.);
#1361=ORIENTED_EDGE('',*,*,#747,.F.);
#1362=ORIENTED_EDGE('',*,*,#752,.T.);
#1363=ORIENTED_EDGE('',*,*,#854,.T.);
#1364=ORIENTED_EDGE('',*,*,#863,.T.);
#1365=ORIENTED_EDGE('',*,*,#900,.F.);
#1366=ORIENTED_EDGE('',*,*,#926,.T.);
#1367=ORIENTED_EDGE('',*,*,#942,.F.);
#1368=ORIENTED_EDGE('',*,*,#943,.F.);
#1369=ORIENTED_EDGE('',*,*,#744,.F.);
#1370=ORIENTED_EDGE('',*,*,#943,.T.);
#1371=ORIENTED_EDGE('',*,*,#941,.F.);
#1372=ORIENTED_EDGE('',*,*,#890,.F.);
#1373=ORIENTED_EDGE('',*,*,#753,.F.);
#1374=PLANE('',#1523);
#1375=PLANE('',#1524);
#1376=PLANE('',#1525);
#1377=PLANE('',#1527);
#1378=PLANE('',#1528);
#1379=PLANE('',#1530);
#1380=PLANE('',#1531);
#1381=PLANE('',#1532);
#1382=PLANE('',#1534);
#1383=PLANE('',#1535);
#1384=PLANE('',#1536);
#1385=PLANE('',#1537);
#1386=PLANE('',#1542);
#1387=PLANE('',#1546);
#1388=PLANE('',#1551);
#1389=PLANE('',#1555);
#1390=PLANE('',#1557);
#1391=PLANE('',#1563);
#1392=PLANE('',#1567);
#1393=PLANE('',#1571);
#1394=PLANE('',#1577);
#1395=PLANE('',#1578);
#1396=PLANE('',#1580);
#1397=PLANE('',#1581);
#1398=PLANE('',#1586);
#1399=PLANE('',#1589);
#1400=PLANE('',#1590);
#1401=PLANE('',#1593);
#1402=PLANE('',#1594);
#1403=PLANE('',#1595);
#1404=PLANE('',#1596);
#1405=PLANE('',#1597);
#1406=PLANE('',#1598);
#1407=PLANE('',#1599);
#1408=PLANE('',#1600);
#1409=PLANE('',#1601);
#1410=PLANE('',#1602);
#1411=PLANE('',#1603);
#1412=PLANE('',#1604);
#1413=PLANE('',#1605);
#1414=PLANE('',#1606);
#1415=PLANE('',#1607);
#1416=PLANE('',#1608);
#1417=PLANE('',#1609);
#1418=PLANE('',#1610);
#1419=PLANE('',#1612);
#1420=PLANE('',#1613);
#1421=PLANE('',#1614);
#1422=PLANE('',#1615);
#1423=PLANE('',#1616);
#1424=PLANE('',#1617);
#1425=PLANE('',#1618);
#1426=PLANE('',#1619);
#1427=PLANE('',#1621);
#1428=PLANE('',#1622);
#1429=PLANE('',#1623);
#1430=PLANE('',#1624);
#1431=PLANE('',#1625);
#1432=PLANE('',#1626);
#1433=PLANE('',#1627);
#1434=ADVANCED_FACE('',(#63),#1374,.T.);
#1435=ADVANCED_FACE('',(#64),#1375,.T.);
#1436=ADVANCED_FACE('',(#65),#1376,.F.);
#1437=ADVANCED_FACE('',(#66),#1377,.T.);
#1438=ADVANCED_FACE('',(#67),#1378,.F.);
#1439=ADVANCED_FACE('',(#68),#1379,.T.);
#1440=ADVANCED_FACE('',(#69),#1380,.T.);
#1441=ADVANCED_FACE('',(#70),#1381,.F.);
#1442=ADVANCED_FACE('',(#71),#1382,.T.);
#1443=ADVANCED_FACE('',(#72),#1383,.T.);
#1444=ADVANCED_FACE('',(#73),#1384,.T.);
#1445=ADVANCED_FACE('',(#74),#1385,.F.);
#1446=ADVANCED_FACE('',(#75),#18,.F.);
#1447=ADVANCED_FACE('',(#76),#1386,.T.);
#1448=ADVANCED_FACE('',(#77),#19,.F.);
#1449=ADVANCED_FACE('',(#78),#1387,.F.);
#1450=ADVANCED_FACE('',(#79),#20,.F.);
#1451=ADVANCED_FACE('',(#80),#1388,.T.);
#1452=ADVANCED_FACE('',(#81),#21,.F.);
#1453=ADVANCED_FACE('',(#82),#1389,.F.);
#1454=ADVANCED_FACE('',(#83),#1390,.F.);
#1455=ADVANCED_FACE('',(#84),#22,.F.);
#1456=ADVANCED_FACE('',(#85),#23,.T.);
#1457=ADVANCED_FACE('',(#86),#1391,.F.);
#1458=ADVANCED_FACE('',(#87),#24,.T.);
#1459=ADVANCED_FACE('',(#88),#1392,.T.);
#1460=ADVANCED_FACE('',(#89),#25,.T.);
#1461=ADVANCED_FACE('',(#90),#1393,.F.);
#1462=ADVANCED_FACE('',(#91),#26,.T.);
#1463=ADVANCED_FACE('',(#92),#27,.F.);
#1464=ADVANCED_FACE('',(#93),#1394,.T.);
#1465=ADVANCED_FACE('',(#94),#1395,.T.);
#1466=ADVANCED_FACE('',(#95),#1396,.F.);
#1467=ADVANCED_FACE('',(#96),#1397,.F.);
#1468=ADVANCED_FACE('',(#97),#28,.F.);
#1469=ADVANCED_FACE('',(#98),#29,.F.);
#1470=ADVANCED_FACE('',(#99),#1398,.F.);
#1471=ADVANCED_FACE('',(#100),#30,.F.);
#1472=ADVANCED_FACE('',(#101),#1399,.T.);
#1473=ADVANCED_FACE('',(#102,#15),#1400,.T.);
#1474=ADVANCED_FACE('',(#103),#1401,.T.);
#1475=ADVANCED_FACE('',(#104),#1402,.T.);
#1476=ADVANCED_FACE('',(#105),#1403,.T.);
#1477=ADVANCED_FACE('',(#106),#1404,.T.);
#1478=ADVANCED_FACE('',(#107),#1405,.F.);
#1479=ADVANCED_FACE('',(#108),#1406,.F.);
#1480=ADVANCED_FACE('',(#109),#1407,.F.);
#1481=ADVANCED_FACE('',(#110),#1408,.F.);
#1482=ADVANCED_FACE('',(#111),#1409,.F.);
#1483=ADVANCED_FACE('',(#112),#1410,.F.);
#1484=ADVANCED_FACE('',(#113),#1411,.F.);
#1485=ADVANCED_FACE('',(#114),#1412,.F.);
#1486=ADVANCED_FACE('',(#115),#1413,.F.);
#1487=ADVANCED_FACE('',(#116),#1414,.T.);
#1488=ADVANCED_FACE('',(#117),#1415,.T.);
#1489=ADVANCED_FACE('',(#118),#1416,.T.);
#1490=ADVANCED_FACE('',(#119),#1417,.T.);
#1491=ADVANCED_FACE('',(#120),#1418,.F.);
#1492=ADVANCED_FACE('',(#121),#31,.F.);
#1493=ADVANCED_FACE('',(#122),#1419,.F.);
#1494=ADVANCED_FACE('',(#123),#1420,.T.);
#1495=ADVANCED_FACE('',(#124),#1421,.T.);
#1496=ADVANCED_FACE('',(#125),#1422,.T.);
#1497=ADVANCED_FACE('',(#126,#16,#17),#1423,.F.);
#1498=ADVANCED_FACE('',(#127),#1424,.T.);
#1499=ADVANCED_FACE('',(#128),#1425,.F.);
#1500=ADVANCED_FACE('',(#129),#1426,.F.);
#1501=ADVANCED_FACE('',(#130),#32,.F.);
#1502=ADVANCED_FACE('',(#131),#1427,.T.);
#1503=ADVANCED_FACE('',(#132),#1428,.T.);
#1504=ADVANCED_FACE('',(#133),#1429,.T.);
#1505=ADVANCED_FACE('',(#134),#1430,.T.);
#1506=ADVANCED_FACE('',(#135),#1431,.T.);
#1507=ADVANCED_FACE('',(#136),#1432,.T.);
#1508=ADVANCED_FACE('',(#137),#1433,.T.);
#1509=CLOSED_SHELL('',(#1434,#1435,#1436,#1437,#1438,#1439,#1440,#1441,
#1442,#1443,#1444,#1445,#1446,#1447,#1448,#1449,#1450,#1451,#1452,#1453,
#1454,#1455,#1456,#1457,#1458,#1459,#1460,#1461,#1462,#1463,#1464,#1465,
#1466,#1467,#1468,#1469,#1470,#1471,#1472,#1473,#1474,#1475,#1476,#1477,
#1478,#1479,#1480,#1481,#1482,#1483,#1484,#1485,#1486,#1487,#1488,#1489,
#1490,#1491,#1492,#1493,#1494,#1495,#1496,#1497,#1498,#1499,#1500,#1501,
#1502,#1503,#1504,#1505,#1506,#1507,#1508));
#1510=DERIVED_UNIT_ELEMENT(#1512,1.);
#1511=DERIVED_UNIT_ELEMENT(#2464,-3.);
#1512=(
MASS_UNIT()
NAMED_UNIT(*)
SI_UNIT(.KILO.,.GRAM.)
);
#1513=DERIVED_UNIT((#1510,#1511));
#1514=MEASURE_REPRESENTATION_ITEM('density measure',
POSITIVE_RATIO_MEASURE(7850.),#1513);
#1515=PROPERTY_DEFINITION_REPRESENTATION(#1520,#1517);
#1516=PROPERTY_DEFINITION_REPRESENTATION(#1521,#1518);
#1517=REPRESENTATION('material name',(#1519),#2461);
#1518=REPRESENTATION('density',(#1514),#2461);
#1519=DESCRIPTIVE_REPRESENTATION_ITEM('Steel','Steel');
#1520=PROPERTY_DEFINITION('material property','material name',#2471);
#1521=PROPERTY_DEFINITION('material property','density of part',#2471);
#1522=AXIS2_PLACEMENT_3D('',#2025,#1628,#1629);
#1523=AXIS2_PLACEMENT_3D('',#2026,#1630,#1631);
#1524=AXIS2_PLACEMENT_3D('',#2035,#1636,#1637);
#1525=AXIS2_PLACEMENT_3D('',#2049,#1645,#1646);
#1526=AXIS2_PLACEMENT_3D('',#2055,#1649,#1650);
#1527=AXIS2_PLACEMENT_3D('',#2057,#1652,#1653);
#1528=AXIS2_PLACEMENT_3D('',#2066,#1658,#1659);
#1529=AXIS2_PLACEMENT_3D('',#2072,#1662,#1663);
#1530=AXIS2_PLACEMENT_3D('',#2076,#1666,#1667);
#1531=AXIS2_PLACEMENT_3D('',#2080,#1670,#1671);
#1532=AXIS2_PLACEMENT_3D('',#2089,#1676,#1677);
#1533=AXIS2_PLACEMENT_3D('',#2095,#1680,#1681);
#1534=AXIS2_PLACEMENT_3D('',#2099,#1684,#1685);
#1535=AXIS2_PLACEMENT_3D('',#2111,#1692,#1693);
#1536=AXIS2_PLACEMENT_3D('',#2120,#1698,#1699);
#1537=AXIS2_PLACEMENT_3D('',#2134,#1707,#1708);
#1538=AXIS2_PLACEMENT_3D('',#2140,#1711,#1712);
#1539=AXIS2_PLACEMENT_3D('',#2142,#1714,#1715);
#1540=AXIS2_PLACEMENT_3D('',#2145,#1716,#1717);
#1541=AXIS2_PLACEMENT_3D('',#2149,#1719,#1720);
#1542=AXIS2_PLACEMENT_3D('',#2151,#1722,#1723);
#1543=AXIS2_PLACEMENT_3D('',#2157,#1727,#1728);
#1544=AXIS2_PLACEMENT_3D('',#2159,#1729,#1730);
#1545=AXIS2_PLACEMENT_3D('',#2161,#1731,#1732);
#1546=AXIS2_PLACEMENT_3D('',#2163,#1734,#1735);
#1547=AXIS2_PLACEMENT_3D('',#2168,#1738,#1739);
#1548=AXIS2_PLACEMENT_3D('',#2169,#1740,#1741);
#1549=AXIS2_PLACEMENT_3D('',#2172,#1742,#1743);
#1550=AXIS2_PLACEMENT_3D('',#2176,#1745,#1746);
#1551=AXIS2_PLACEMENT_3D('',#2178,#1748,#1749);
#1552=AXIS2_PLACEMENT_3D('',#2184,#1753,#1754);
#1553=AXIS2_PLACEMENT_3D('',#2186,#1755,#1756);
#1554=AXIS2_PLACEMENT_3D('',#2188,#1757,#1758);
#1555=AXIS2_PLACEMENT_3D('',#2190,#1760,#1761);
#1556=AXIS2_PLACEMENT_3D('',#2195,#1764,#1765);
#1557=AXIS2_PLACEMENT_3D('',#2196,#1766,#1767);
#1558=AXIS2_PLACEMENT_3D('',#2208,#1774,#1775);
#1559=AXIS2_PLACEMENT_3D('',#2211,#1777,#1778);
#1560=AXIS2_PLACEMENT_3D('',#2212,#1779,#1780);
#1561=AXIS2_PLACEMENT_3D('',#2214,#1781,#1782);
#1562=AXIS2_PLACEMENT_3D('',#2216,#1783,#1784);
#1563=AXIS2_PLACEMENT_3D('',#2218,#1786,#1787);
#1564=AXIS2_PLACEMENT_3D('',#2224,#1791,#1792);
#1565=AXIS2_PLACEMENT_3D('',#2226,#1793,#1794);
#1566=AXIS2_PLACEMENT_3D('',#2228,#1795,#1796);
#1567=AXIS2_PLACEMENT_3D('',#2230,#1798,#1799);
#1568=AXIS2_PLACEMENT_3D('',#2232,#1801,#1802);
#1569=AXIS2_PLACEMENT_3D('',#2235,#1803,#1804);
#1570=AXIS2_PLACEMENT_3D('',#2239,#1806,#1807);
#1571=AXIS2_PLACEMENT_3D('',#2241,#1809,#1810);
#1572=AXIS2_PLACEMENT_3D('',#2247,#1814,#1815);
#1573=AXIS2_PLACEMENT_3D('',#2249,#1816,#1817);
#1574=AXIS2_PLACEMENT_3D('',#2251,#1818,#1819);
#1575=AXIS2_PLACEMENT_3D('',#2253,#1821,#1822);
#1576=AXIS2_PLACEMENT_3D('',#2257,#1824,#1825);
#1577=AXIS2_PLACEMENT_3D('',#2259,#1827,#1828);
#1578=AXIS2_PLACEMENT_3D('',#2262,#1831,#1832);
#1579=AXIS2_PLACEMENT_3D('',#2266,#1835,#1836);
#1580=AXIS2_PLACEMENT_3D('',#2267,#1837,#1838);
#1581=AXIS2_PLACEMENT_3D('',#2269,#1840,#1841);
#1582=AXIS2_PLACEMENT_3D('',#2273,#1844,#1845);
#1583=AXIS2_PLACEMENT_3D('',#2274,#1846,#1847);
#1584=AXIS2_PLACEMENT_3D('',#2275,#1848,#1849);
#1585=AXIS2_PLACEMENT_3D('',#2279,#1851,#1852);
#1586=AXIS2_PLACEMENT_3D('',#2281,#1854,#1855);
#1587=AXIS2_PLACEMENT_3D('',#2285,#1858,#1859);
#1588=AXIS2_PLACEMENT_3D('',#2290,#1862,#1863);
#1589=AXIS2_PLACEMENT_3D('',#2291,#1864,#1865);
#1590=AXIS2_PLACEMENT_3D('',#2295,#1868,#1869);
#1591=AXIS2_PLACEMENT_3D('',#2316,#1881,#1882);
#1592=AXIS2_PLACEMENT_3D('',#2327,#1888,#1889);
#1593=AXIS2_PLACEMENT_3D('',#2337,#1895,#1896);
#1594=AXIS2_PLACEMENT_3D('',#2343,#1900,#1901);
#1595=AXIS2_PLACEMENT_3D('',#2349,#1905,#1906);
#1596=AXIS2_PLACEMENT_3D('',#2353,#1909,#1910);
#1597=AXIS2_PLACEMENT_3D('',#2357,#1913,#1914);
#1598=AXIS2_PLACEMENT_3D('',#2361,#1917,#1918);
#1599=AXIS2_PLACEMENT_3D('',#2365,#1921,#1922);
#1600=AXIS2_PLACEMENT_3D('',#2371,#1926,#1927);
#1601=AXIS2_PLACEMENT_3D('',#2377,#1931,#1932);
#1602=AXIS2_PLACEMENT_3D('',#2379,#1934,#1935);
#1603=AXIS2_PLACEMENT_3D('',#2383,#1938,#1939);
#1604=AXIS2_PLACEMENT_3D('',#2385,#1941,#1942);
#1605=AXIS2_PLACEMENT_3D('',#2387,#1944,#1945);
#1606=AXIS2_PLACEMENT_3D('',#2388,#1946,#1947);
#1607=AXIS2_PLACEMENT_3D('',#2394,#1951,#1952);
#1608=AXIS2_PLACEMENT_3D('',#2397,#1955,#1956);
#1609=AXIS2_PLACEMENT_3D('',#2398,#1957,#1958);
#1610=AXIS2_PLACEMENT_3D('',#2405,#1963,#1964);
#1611=AXIS2_PLACEMENT_3D('',#2407,#1966,#1967);
#1612=AXIS2_PLACEMENT_3D('',#2409,#1969,#1970);
#1613=AXIS2_PLACEMENT_3D('',#2410,#1971,#1972);
#1614=AXIS2_PLACEMENT_3D('',#2416,#1976,#1977);
#1615=AXIS2_PLACEMENT_3D('',#2419,#1980,#1981);
#1616=AXIS2_PLACEMENT_3D('',#2420,#1982,#1983);
#1617=AXIS2_PLACEMENT_3D('',#2431,#1990,#1991);
#1618=AXIS2_PLACEMENT_3D('',#2436,#1995,#1996);
#1619=AXIS2_PLACEMENT_3D('',#2438,#1998,#1999);
#1620=AXIS2_PLACEMENT_3D('',#2440,#2001,#2002);
#1621=AXIS2_PLACEMENT_3D('',#2441,#2003,#2004);
#1622=AXIS2_PLACEMENT_3D('',#2445,#2007,#2008);
#1623=AXIS2_PLACEMENT_3D('',#2449,#2011,#2012);
#1624=AXIS2_PLACEMENT_3D('',#2451,#2014,#2015);
#1625=AXIS2_PLACEMENT_3D('',#2452,#2016,#2017);
#1626=AXIS2_PLACEMENT_3D('',#2456,#2020,#2021);
#1627=AXIS2_PLACEMENT_3D('',#2458,#2023,#2024);
#1628=DIRECTION('axis',(0.,0.,1.));
#1629=DIRECTION('refdir',(1.,0.,0.));
#1630=DIRECTION('center_axis',(-0.707106781186548,0.704416026402758,-0.0616284167162194));
#1631=DIRECTION('ref_axis',(-0.0868265938642477,0.,0.996223440096615));
#1632=DIRECTION('',(0.707106781186547,0.704416026402759,-0.0616284167162195));
#1633=DIRECTION('',(0.,-0.0871557427476583,-0.996194698091746));
#1634=DIRECTION('',(-0.707106781186547,-0.704416026402759,0.0616284167162195));
#1635=DIRECTION('',(0.,0.0871557427476583,0.996194698091746));
#1636=DIRECTION('center_axis',(-1.,0.,0.));
#1637=DIRECTION('ref_axis',(0.,0.,1.));
#1638=DIRECTION('',(0.,-0.996194698091746,0.0871557427476584));
#1639=DIRECTION('',(0.,-0.0871557427476584,-0.996194698091746));
#1640=DIRECTION('',(0.,0.996194698091746,-0.0871557427476584));
#1641=DIRECTION('',(0.,0.0871557427476583,0.996194698091746));
#1642=DIRECTION('',(0.,-0.996194698091746,0.0871557427476583));
#1643=DIRECTION('',(0.,-0.0871557427476583,-0.996194698091746));
#1644=DIRECTION('',(0.,-0.996194698091746,0.0871557427476584));
#1645=DIRECTION('center_axis',(0.,0.0871557427476584,0.996194698091746));
#1646=DIRECTION('ref_axis',(1.,0.,0.));
#1647=DIRECTION('',(-1.,1.52354852682528E-56,-1.33293224428834E-57));
#1648=DIRECTION('',(3.92671446140614E-6,-0.996194698084065,0.0871557427469864));
#1649=DIRECTION('center_axis',(0.,-0.0871557427476584,-0.996194698091746));
#1650=DIRECTION('ref_axis',(0.999999999999998,6.39887205024738E-8,-5.59828763749533E-9));
#1651=DIRECTION('',(-0.999999999413912,-3.41067794705128E-5,2.9839565530486E-6));
#1652=DIRECTION('center_axis',(-0.707106781186547,-0.704416026402759,0.0616284167162185));
#1653=DIRECTION('ref_axis',(0.0868265938642464,0.,0.996223440096615));
#1654=DIRECTION('',(-0.707106781186548,0.704416026402759,-0.0616284167162185));
#1655=DIRECTION('',(0.,-0.0871557427476569,-0.996194698091746));
#1656=DIRECTION('',(0.707106781186548,-0.704416026402758,0.0616284167162195));
#1657=DIRECTION('',(0.,0.0871557427476569,0.996194698091746));
#1658=DIRECTION('center_axis',(0.,0.0871557427476584,0.996194698091746));
#1659=DIRECTION('ref_axis',(1.,0.,0.));
#1660=DIRECTION('',(0.,-0.996194698091746,0.0871557427476584));
#1661=DIRECTION('',(-1.,0.,0.));
#1662=DIRECTION('center_axis',(0.,-0.0871557427476584,-0.996194698091746));
#1663=DIRECTION('ref_axis',(-6.42331451246199E-8,0.996194698091743,-0.0871557427476582));
#1664=DIRECTION('',(3.92671446140614E-6,-0.996194698084065,0.0871557427469864));
#1665=DIRECTION('',(1.,-5.86196702402275E-47,5.1285566056479E-48));
#1666=DIRECTION('center_axis',(-1.,0.,0.));
#1667=DIRECTION('ref_axis',(0.,-0.996194698091746,0.0871557427476584));
#1668=DIRECTION('',(0.,0.996194698091746,-0.0871557427476569));
#1669=DIRECTION('',(0.,0.0871557427476569,0.996194698091746));
#1670=DIRECTION('center_axis',(0.707106781186549,-0.704416026402758,0.0616284167162184));
#1671=DIRECTION('ref_axis',(0.0868265938642462,0.,-0.996223440096615));
#1672=DIRECTION('',(-0.707106781186547,-0.70441602640276,0.0616284167162186));
#1673=DIRECTION('',(0.,-0.0871557427476569,-0.996194698091746));
#1674=DIRECTION('',(0.707106781186547,0.70441602640276,-0.0616284167162196));
#1675=DIRECTION('',(0.,0.0871557427476569,0.996194698091746));
#1676=DIRECTION('center_axis',(0.,0.0871557427476584,0.996194698091746));
#1677=DIRECTION('ref_axis',(1.,0.,0.));
#1678=DIRECTION('',(1.,0.,0.));
#1679=DIRECTION('',(0.,0.996194698091746,-0.0871557427476584));
#1680=DIRECTION('center_axis',(0.,-0.0871557427476584,-0.996194698091746));
#1681=DIRECTION('ref_axis',(-0.999999999999998,-6.39887167273242E-8,5.59828730721254E-9));
#1682=DIRECTION('',(-1.,0.,0.));
#1683=DIRECTION('',(0.,0.996194698091746,-0.0871557427476584));
#1684=DIRECTION('center_axis',(0.,-0.996194698091746,0.0871557427476569));
#1685=DIRECTION('ref_axis',(1.,0.,0.));
#1686=DIRECTION('',(-1.,0.,0.));
#1687=DIRECTION('',(0.,0.0871557427476569,0.996194698091746));
#1688=DIRECTION('',(1.,-1.55380925826071E-25,-1.7760121090435E-24));
#1689=DIRECTION('',(0.,-0.0871557427476569,-0.996194698091746));
#1690=DIRECTION('',(-1.,0.,0.));
#1691=DIRECTION('',(0.,0.0871557427476569,0.996194698091746));
#1692=DIRECTION('center_axis',(0.707106781186548,0.704416026402759,-0.0616284167162195));
#1693=DIRECTION('ref_axis',(-0.0868265938642478,0.,-0.996223440096615));
#1694=DIRECTION('',(0.707106781186547,-0.704416026402759,0.0616284167162196));
#1695=DIRECTION('',(0.,-0.0871557427476584,-0.996194698091746));
#1696=DIRECTION('',(-0.707106781186547,0.704416026402759,-0.0616284167162195));
#1697=DIRECTION('',(0.,0.0871557427476584,0.996194698091746));
#1698=DIRECTION('center_axis',(0.,0.996194698091746,-0.0871557427476585));
#1699=DIRECTION('ref_axis',(-1.,0.,0.));
#1700=DIRECTION('',(-1.,0.,0.));
#1701=DIRECTION('',(0.,-0.0871557427476584,-0.996194698091746));
#1702=DIRECTION('',(1.,0.,0.));
#1703=DIRECTION('',(0.,0.0871557427476584,0.996194698091746));
#1704=DIRECTION('',(-1.,1.55380925826074E-25,1.7760121090435E-24));
#1705=DIRECTION('',(0.,-0.0871557427476584,-0.996194698091746));
#1706=DIRECTION('',(-1.,0.,0.));
#1707=DIRECTION('center_axis',(0.,0.0871557427476584,0.996194698091746));
#1708=DIRECTION('ref_axis',(1.,0.,0.));
#1709=DIRECTION('',(0.,0.996194698091746,-0.0871557427476584));
#1710=DIRECTION('',(-0.999999999413912,-3.41067794705128E-5,2.9839565530486E-6));
#1711=DIRECTION('center_axis',(0.,-0.0871557427476584,-0.996194698091746));
#1712=DIRECTION('ref_axis',(-1.63381085679098E-7,-0.996194698091732,0.0871557427476572));
#1713=DIRECTION('',(0.,0.996194698091746,-0.0871557427476584));
#1714=DIRECTION('center_axis',(0.,0.0871557427476687,0.996194698091745));
#1715=DIRECTION('ref_axis',(-1.,0.,0.));
#1716=DIRECTION('center_axis',(-1.78279618677506E-24,-0.0871557427476583,
-0.996194698091746));
#1717=DIRECTION('ref_axis',(-1.,0.,0.));
#1718=DIRECTION('',(0.,-0.0871557427476687,-0.996194698091745));
#1719=DIRECTION('center_axis',(0.,-0.0871557427476584,-0.996194698091746));
#1720=DIRECTION('ref_axis',(-1.,0.,0.));
#1721=DIRECTION('',(0.,0.0871557427476687,0.996194698091745));
#1722=DIRECTION('center_axis',(-1.,2.30419428784804E-15,-2.01590878747918E-16));
#1723=DIRECTION('ref_axis',(-2.31299593569593E-15,-0.996194698091746,0.0871557427476583));
#1724=DIRECTION('',(-2.31299593569593E-15,-0.996194698091746,0.0871557427476583));
#1725=DIRECTION('',(-2.31299593569593E-15,-0.996194698091746,0.0871557427476583));
#1726=DIRECTION('',(0.,0.0871557427476687,0.996194698091745));
#1727=DIRECTION('center_axis',(0.,0.0871557427476687,0.996194698091745));
#1728=DIRECTION('ref_axis',(-1.02695629777827E-14,0.996194698091745,-0.0871557427476687));
#1729=DIRECTION('center_axis',(-1.78279618677506E-24,-0.0871557427476583,
-0.996194698091746));
#1730=DIRECTION('ref_axis',(-1.02695629777827E-14,0.996194698091745,-0.0871557427476687));
#1731=DIRECTION('center_axis',(9.25129519950592E-18,-0.0871557427476584,
-0.996194698091746));
#1732=DIRECTION('ref_axis',(-1.02695629777827E-14,0.996194698091746,-0.0871557427476583));
#1733=DIRECTION('',(0.,0.0871557427476687,0.996194698091745));
#1734=DIRECTION('center_axis',(0.,-0.0871557427476584,-0.996194698091746));
#1735=DIRECTION('ref_axis',(-1.,0.,0.));
#1736=DIRECTION('',(1.,0.,0.));
#1737=DIRECTION('',(0.,-0.996194698091746,0.0871557427476583));
#1738=DIRECTION('center_axis',(0.,-0.0871557427476584,-0.996194698091746));
#1739=DIRECTION('ref_axis',(2.7755575615629E-16,0.996194698091746,-0.0871557427476569));
#1740=DIRECTION('center_axis',(0.,0.0871557427476687,0.996194698091745));
#1741=DIRECTION('ref_axis',(-1.,9.58150147332653E-32,-7.70371977754897E-33));
#1742=DIRECTION('center_axis',(-1.78279618677506E-24,-0.0871557427476583,
-0.996194698091746));
#1743=DIRECTION('ref_axis',(-1.,9.58150147332653E-32,-7.70371977754897E-33));
#1744=DIRECTION('',(0.,-0.0871557427476687,-0.996194698091745));
#1745=DIRECTION('center_axis',(9.25129519950494E-18,-0.0871557427476584,
-0.996194698091746));
#1746=DIRECTION('ref_axis',(-1.,-8.063035044907E-19,-9.21609122822844E-18));
#1747=DIRECTION('',(0.,0.0871557427476687,0.996194698091745));
#1748=DIRECTION('center_axis',(1.,2.25811040209108E-15,-1.97559061172959E-16));
#1749=DIRECTION('ref_axis',(-2.26673601698201E-15,0.996194698091746,-0.0871557427476583));
#1750=DIRECTION('',(-2.26673601698201E-15,0.996194698091746,-0.0871557427476583));
#1751=DIRECTION('',(-2.26673601698201E-15,0.996194698091746,-0.0871557427476583));
#1752=DIRECTION('',(0.,0.0871557427476687,0.996194698091745));
#1753=DIRECTION('center_axis',(0.,0.0871557427476687,0.996194698091745));
#1754=DIRECTION('ref_axis',(-1.,0.,0.));
#1755=DIRECTION('center_axis',(-1.78279618677506E-24,-0.0871557427476583,
-0.996194698091746));
#1756=DIRECTION('ref_axis',(-1.,0.,0.));
#1757=DIRECTION('center_axis',(0.,-0.0871557427476584,-0.996194698091746));
#1758=DIRECTION('ref_axis',(-1.,0.,0.));
#1759=DIRECTION('',(0.,0.0871557427476687,0.996194698091745));
#1760=DIRECTION('center_axis',(0.,-0.0871557427476584,-0.996194698091746));
#1761=DIRECTION('ref_axis',(-1.,0.,0.));
#1762=DIRECTION('',(1.01770443923972E-15,0.996194698091746,-0.0871557427476583));
#1763=DIRECTION('',(1.,0.,0.));
#1764=DIRECTION('center_axis',(0.,-0.0871557427476584,-0.996194698091746));
#1765=DIRECTION('ref_axis',(-1.,0.,0.));
#1766=DIRECTION('center_axis',(-1.,4.07250847454963E-14,4.53812999770728E-13));
#1767=DIRECTION('ref_axis',(-1.01770443923972E-15,-0.996194698091746,0.0871557427476583));
#1768=DIRECTION('',(0.,0.0871557427476569,0.996194698091746));
#1769=DIRECTION('',(-1.01770443923972E-15,-0.996194698091746,0.0871557427476583));
#1770=DIRECTION('',(0.,0.0871557427476569,0.996194698091746));
#1771=DIRECTION('',(-1.01770443924018E-15,-0.996194698091746,0.0871557427476583));
#1772=DIRECTION('',(4.55635529306165E-13,0.0871557427476546,0.996194698091746));
#1773=DIRECTION('',(-1.01770443923973E-15,-0.996194698091746,0.0871557427476583));
#1774=DIRECTION('center_axis',(0.,0.0871557427476569,0.996194698091746));
#1775=DIRECTION('ref_axis',(-1.,0.,0.));
#1776=DIRECTION('',(0.,0.0871557427476569,0.996194698091746));
#1777=DIRECTION('center_axis',(0.,0.0871557427476584,0.996194698091746));
#1778=DIRECTION('ref_axis',(-1.,0.,0.));
#1779=DIRECTION('center_axis',(0.,0.0871557427476569,0.996194698091746));
#1780=DIRECTION('ref_axis',(-1.,0.,0.));
#1781=DIRECTION('center_axis',(4.01521947415704E-29,0.0871557427476584,
0.996194698091746));
#1782=DIRECTION('ref_axis',(-1.,-4.60694768649071E-28,0.));
#1783=DIRECTION('center_axis',(0.,-0.0871557427476584,-0.996194698091746));
#1784=DIRECTION('ref_axis',(-1.,0.,0.));
#1785=DIRECTION('',(0.,0.0871557427476569,0.996194698091746));
#1786=DIRECTION('center_axis',(1.,2.25811040209108E-15,-1.97559061172933E-16));
#1787=DIRECTION('ref_axis',(-2.26673601698201E-15,0.996194698091746,-0.0871557427476583));
#1788=DIRECTION('',(2.26673601698155E-15,-0.996194698091746,0.0871557427476583));
#1789=DIRECTION('',(-2.26673601698201E-15,0.996194698091746,-0.0871557427476583));
#1790=DIRECTION('',(0.,0.0871557427476569,0.996194698091746));
#1791=DIRECTION('center_axis',(0.,0.0871557427476569,0.996194698091746));
#1792=DIRECTION('ref_axis',(-1.,-1.28796565030897E-32,1.92592994438724E-33));
#1793=DIRECTION('center_axis',(-9.25129519946479E-18,0.0871557427476584,
0.996194698091746));
#1794=DIRECTION('ref_axis',(-1.,-8.06303504951394E-19,-9.21609122822844E-18));
#1795=DIRECTION('center_axis',(9.25129519950494E-18,-0.0871557427476584,
-0.996194698091746));
#1796=DIRECTION('ref_axis',(-1.,-8.063035044907E-19,-9.21609122822844E-18));
#1797=DIRECTION('',(0.,0.0871557427476569,0.996194698091746));
#1798=DIRECTION('center_axis',(0.,-0.0871557427476584,-0.996194698091746));
#1799=DIRECTION('ref_axis',(-1.,0.,0.));
#1800=DIRECTION('',(-1.,0.,0.));
#1801=DIRECTION('center_axis',(0.,0.0871557427476569,0.996194698091746));
#1802=DIRECTION('ref_axis',(-1.02695629777827E-14,0.996194698091746,-0.0871557427476569));
#1803=DIRECTION('center_axis',(-9.25129519946577E-18,0.0871557427476584,
0.996194698091746));
#1804=DIRECTION('ref_axis',(-1.02695629777823E-14,0.996194698091746,-0.0871557427476583));
#1805=DIRECTION('',(0.,0.0871557427476569,0.996194698091746));
#1806=DIRECTION('center_axis',(9.25129519950592E-18,-0.0871557427476584,
-0.996194698091746));
#1807=DIRECTION('ref_axis',(-1.02695629777827E-14,0.996194698091746,-0.0871557427476583));
#1808=DIRECTION('',(0.,0.0871557427476569,0.996194698091746));
#1809=DIRECTION('center_axis',(-1.,2.30419428784804E-15,-2.01590878747891E-16));
#1810=DIRECTION('ref_axis',(-2.31299593569593E-15,-0.996194698091746,0.0871557427476583));
#1811=DIRECTION('',(2.31299593569639E-15,0.996194698091746,-0.0871557427476583));
#1812=DIRECTION('',(-2.31299593569593E-15,-0.996194698091746,0.0871557427476583));
#1813=DIRECTION('',(0.,0.0871557427476569,0.996194698091746));
#1814=DIRECTION('center_axis',(0.,0.0871557427476569,0.996194698091746));
#1815=DIRECTION('ref_axis',(-1.,0.,0.));
#1816=DIRECTION('center_axis',(4.01521947415704E-29,0.0871557427476584,
0.996194698091746));
#1817=DIRECTION('ref_axis',(-1.,-4.60694768649071E-28,0.));
#1818=DIRECTION('center_axis',(0.,-0.0871557427476584,-0.996194698091746));
#1819=DIRECTION('ref_axis',(-1.,0.,0.));
#1820=DIRECTION('',(0.,0.0871557427476569,0.996194698091746));
#1821=DIRECTION('center_axis',(0.,0.0871557427476569,0.996194698091746));
#1822=DIRECTION('ref_axis',(2.7755575615629E-16,0.996194698091746,-0.0871557427476569));
#1823=DIRECTION('',(0.,0.0871557427476569,0.996194698091746));
#1824=DIRECTION('center_axis',(0.,0.0871557427476584,0.996194698091746));
#1825=DIRECTION('ref_axis',(2.7755575615629E-16,0.996194698091746,-0.0871557427476583));
#1826=DIRECTION('',(0.,0.0871557427476569,0.996194698091746));
#1827=DIRECTION('center_axis',(0.,-0.0871557427476584,-0.996194698091746));
#1828=DIRECTION('ref_axis',(-1.,0.,0.));
#1829=DIRECTION('',(-1.,0.,0.));
#1830=DIRECTION('',(0.,0.996194698091746,-0.0871557427476583));
#1831=DIRECTION('center_axis',(-4.55805951223663E-13,-0.0871557427476583,
-0.996194698091746));
#1832=DIRECTION('ref_axis',(-1.,3.97261062277008E-14,4.54071471967678E-13));
#1833=DIRECTION('',(-1.,-4.60694768649071E-28,0.));
#1834=DIRECTION('',(4.58941685966808E-28,0.996194698091746,-0.0871557427476583));
#1835=DIRECTION('center_axis',(4.01521947415704E-29,0.0871557427476584,
0.996194698091746));
#1836=DIRECTION('ref_axis',(-1.,-4.60694768649071E-28,0.));
#1837=DIRECTION('center_axis',(0.,0.996194698091746,-0.0871557427476546));
#1838=DIRECTION('ref_axis',(-1.,0.,0.));
#1839=DIRECTION('',(-1.,1.55380925826067E-25,1.7760121090435E-24));
#1840=DIRECTION('center_axis',(1.,-3.97112529789012E-14,-4.53901698557027E-13));
#1841=DIRECTION('ref_axis',(0.,0.996194698091746,-0.0871557427476583));
#1842=DIRECTION('',(6.31088724176809E-30,0.996194698091746,-0.0871557427476583));
#1843=DIRECTION('',(4.55635529306165E-13,0.0871557427476546,0.996194698091746));
#1844=DIRECTION('center_axis',(4.55635529306165E-13,0.0871557427476546,
0.996194698091746));
#1845=DIRECTION('ref_axis',(-1.,3.97112529788995E-14,4.53901698557027E-13));
#1846=DIRECTION('center_axis',(1.78279618677506E-24,0.0871557427476583,
0.996194698091746));
#1847=DIRECTION('ref_axis',(-1.,3.97112529788995E-14,4.53901698557027E-13));
#1848=DIRECTION('center_axis',(0.,-0.0871557427476584,-0.996194698091746));
#1849=DIRECTION('ref_axis',(-6.42331451246199E-8,0.996194698091743,-0.0871557427476582));
#1850=DIRECTION('',(0.,0.0871557427476583,0.996194698091746));
#1851=DIRECTION('center_axis',(0.,-0.0871557427476584,-0.996194698091746));
#1852=DIRECTION('ref_axis',(-6.42331451246199E-8,0.996194698091743,-0.0871557427476582));
#1853=DIRECTION('',(0.,0.0871557427476584,0.996194698091746));
#1854=DIRECTION('center_axis',(0.999999999992291,3.91177212737298E-6,-3.42235715441823E-7));
#1855=DIRECTION('ref_axis',(3.92671446140614E-6,-0.996194698084065,0.0871557427469864));
#1856=DIRECTION('',(-5.5057141571954E-21,-0.087155742747657,-0.996194698091746));
#1857=DIRECTION('',(3.92671446140614E-6,-0.996194698084065,0.0871557427469864));
#1858=DIRECTION('center_axis',(0.,-0.0871557427476584,-0.996194698091746));
#1859=DIRECTION('ref_axis',(-0.999999999999998,-6.39887167273242E-8,5.59828730721254E-9));
#1860=DIRECTION('',(0.,-0.0871557427476583,-0.996194698091746));
#1861=DIRECTION('',(0.,0.0871557427476584,0.996194698091746));
#1862=DIRECTION('center_axis',(0.,-0.0871557427476584,-0.996194698091746));
#1863=DIRECTION('ref_axis',(-0.999999999999998,-6.39887167273242E-8,5.59828730721254E-9));
#1864=DIRECTION('center_axis',(1.,0.,0.));
#1865=DIRECTION('ref_axis',(0.,0.996194698091746,-0.0871557427476584));
#1866=DIRECTION('',(0.,-0.0871557427476569,-0.996194698091746));
#1867=DIRECTION('',(0.,0.996194698091746,-0.0871557427476584));
#1868=DIRECTION('center_axis',(0.,0.0871557427476584,0.996194698091746));
#1869=DIRECTION('ref_axis',(1.,0.,0.));
#1870=DIRECTION('',(0.434064671523609,-0.897453586163257,0.0785170148299712));
#1871=DIRECTION('',(0.434063797934621,0.897454005475466,-0.0785170515150359));
#1872=DIRECTION('',(-1.,5.86196702402275E-47,-5.1285566056479E-48));
#1873=DIRECTION('',(-1.,0.,0.));
#1874=DIRECTION('',(-0.999999999175998,4.04411236459463E-5,-3.53813985926814E-6));
#1875=DIRECTION('',(0.,-0.996194698091746,0.0871557427476584));
#1876=DIRECTION('',(1.,0.,0.));
#1877=DIRECTION('',(0.,0.996194698091746,-0.0871557427476584));
#1878=DIRECTION('',(0.434064671523609,-0.897453586163257,0.0785170148299713));
#1879=DIRECTION('',(0.434063797934621,0.897454005475466,-0.0785170515150359));
#1880=DIRECTION('',(0.,0.996194698091746,-0.0871557427476584));
#1881=DIRECTION('center_axis',(0.,-0.0871557427476584,-0.996194698091746));
#1882=DIRECTION('ref_axis',(-1.63381085679098E-7,-0.996194698091732,0.0871557427476572));
#1883=DIRECTION('',(-0.999999999413912,-3.41067794705128E-5,2.9839565530486E-6));
#1884=DIRECTION('',(0.,-0.996194698091746,0.0871557427476584));
#1885=DIRECTION('',(0.434063797934621,0.897454005475466,-0.0785170515150359));
#1886=DIRECTION('',(0.434064671523609,-0.897453586163257,0.0785170148299713));
#1887=DIRECTION('',(-0.999999999413912,-3.41067794705128E-5,2.9839565530486E-6));
#1888=DIRECTION('center_axis',(0.,-0.0871557427476584,-0.996194698091746));
#1889=DIRECTION('ref_axis',(0.999999999999998,6.39887205024738E-8,-5.59828763749533E-9));
#1890=DIRECTION('',(3.92671446140614E-6,-0.996194698084065,0.0871557427469864));
#1891=DIRECTION('',(1.,-1.52354852682528E-56,1.33293224428834E-57));
#1892=DIRECTION('',(0.434063797934621,0.897454005475466,-0.0785170515150359));
#1893=DIRECTION('',(0.434064671523609,-0.897453586163257,0.0785170148299712));
#1894=DIRECTION('',(0.999999999175998,-4.04411236459463E-5,3.53813985926814E-6));
#1895=DIRECTION('center_axis',(4.0595602168344E-5,0.99619469727088,-0.0871557426758407));
#1896=DIRECTION('ref_axis',(-0.999999999175998,4.04411236459463E-5,-3.53813985926814E-6));
#1897=DIRECTION('',(-0.999999999175998,4.04411236459461E-5,-3.53813985927047E-6));
#1898=DIRECTION('',(0.,-0.0871557427476572,-0.996194698091746));
#1899=DIRECTION('',(0.,0.0871557427476569,0.996194698091746));
#1900=DIRECTION('center_axis',(-4.0595602168344E-5,-0.99619469727088,0.0871557426758407));
#1901=DIRECTION('ref_axis',(0.999999999175998,-4.04411236459463E-5,3.53813985926814E-6));
#1902=DIRECTION('',(0.999999999175998,-4.04411236459461E-5,3.53813985927047E-6));
#1903=DIRECTION('',(-4.54428740121564E-16,-0.0871557427476572,-0.996194698091746));
#1904=DIRECTION('',(-2.54182069264613E-16,0.0871557427476572,0.996194698091746));
#1905=DIRECTION('center_axis',(0.,0.996194698091746,-0.0871557427476569));
#1906=DIRECTION('ref_axis',(0.,0.0871557427476569,0.996194698091746));
#1907=DIRECTION('',(1.,3.75371174066059E-17,4.29051215252398E-16));
#1908=DIRECTION('',(0.,0.0871557427476569,0.996194698091746));
#1909=DIRECTION('center_axis',(1.,0.,0.));
#1910=DIRECTION('ref_axis',(0.,0.996194698091746,-0.0871557427476584));
#1911=DIRECTION('',(0.,0.996194698091746,-0.0871557427476583));
#1912=DIRECTION('',(0.,-0.0871557427476569,-0.996194698091746));
#1913=DIRECTION('center_axis',(0.900882133979009,-0.432412054136037,0.0378311527088605));
#1914=DIRECTION('ref_axis',(0.0419564765008218,0.,-0.999119439346286));
#1915=DIRECTION('',(0.434063797934621,0.897454005475466,-0.0785170515150359));
#1916=DIRECTION('',(-9.75957848228623E-17,-0.0871557427476564,-0.996194698091746));
#1917=DIRECTION('center_axis',(0.900882133979009,-0.432412054136037,0.0378311527088605));
#1918=DIRECTION('ref_axis',(0.0419564765008218,0.,-0.999119439346286));
#1919=DIRECTION('',(1.77446881496113E-16,0.0871557427476566,0.996194698091746));
#1920=DIRECTION('',(0.434063797934621,0.897454005475466,-0.0785170515150359));
#1921=DIRECTION('center_axis',(-0.900882133979009,0.432412054136036,-0.0378311527088614));
#1922=DIRECTION('ref_axis',(-0.0419564765008228,0.,0.999119439346286));
#1923=DIRECTION('',(-4.39181031702881E-16,0.0871557427476576,0.996194698091746));
#1924=DIRECTION('',(-0.434063797934621,-0.897454005475466,0.0785170515150359));
#1925=DIRECTION('',(0.,0.0871557427476569,0.996194698091746));
#1926=DIRECTION('center_axis',(-0.900882133979009,0.432412054136036,-0.0378311527088614));
#1927=DIRECTION('ref_axis',(-0.0419564765008228,0.,0.999119439346286));
#1928=DIRECTION('',(3.63766107067033E-16,-0.0871557427476577,-0.996194698091746));
#1929=DIRECTION('',(0.,-0.0871557427476584,-0.996194698091746));
#1930=DIRECTION('',(-0.434063797934621,-0.897454005475466,0.0785170515150359));
#1931=DIRECTION('center_axis',(0.900881713065096,0.432412924400755,-0.0378312288471579));
#1932=DIRECTION('ref_axis',(-0.0419565803616463,0.,-0.999119434984805));
#1933=DIRECTION('',(-0.434064671523609,0.897453586163257,-0.0785170148299712));
#1934=DIRECTION('center_axis',(-0.900881713065096,-0.432412924400755,0.0378312288471578));
#1935=DIRECTION('ref_axis',(0.0419565803616462,0.,0.999119434984805));
#1936=DIRECTION('',(0.,-0.0871557427476583,-0.996194698091746));
#1937=DIRECTION('',(0.434064671523609,-0.897453586163257,0.0785170148299712));
#1938=DIRECTION('center_axis',(0.900881713065096,0.432412924400755,-0.0378312288471579));
#1939=DIRECTION('ref_axis',(-0.0419565803616463,0.,-0.999119434984805));
#1940=DIRECTION('',(-0.434064671523609,0.897453586163257,-0.0785170148299712));
#1941=DIRECTION('center_axis',(-0.900881713065096,-0.432412924400755,0.0378312288471578));
#1942=DIRECTION('ref_axis',(0.0419565803616462,0.,0.999119434984805));
#1943=DIRECTION('',(0.434064671523609,-0.897453586163257,0.0785170148299712));
#1944=DIRECTION('center_axis',(-1.,0.,0.));
#1945=DIRECTION('ref_axis',(0.,0.996194698091746,-0.0871557427476584));
#1946=DIRECTION('center_axis',(-1.,0.,0.));
#1947=DIRECTION('ref_axis',(0.,0.,1.));
#1948=DIRECTION('',(0.,-0.996194698091746,0.0871557427476583));
#1949=DIRECTION('',(0.,0.996194698091746,-0.0871557427476569));
#1950=DIRECTION('',(0.,-0.0871557427476569,-0.996194698091746));
#1951=DIRECTION('center_axis',(0.,0.996194698091746,-0.0871557427476569));
#1952=DIRECTION('ref_axis',(0.,0.0871557427476569,0.996194698091746));
#1953=DIRECTION('',(-1.,1.55380925826071E-25,1.7760121090435E-24));
#1954=DIRECTION('',(-1.,0.,0.));
#1955=DIRECTION('center_axis',(0.,0.0871557427476569,0.996194698091746));
#1956=DIRECTION('ref_axis',(1.,0.,0.));
#1957=DIRECTION('center_axis',(1.52936823468715E-56,0.996194698091746,-0.0871557427476583));
#1958=DIRECTION('ref_axis',(-1.,2.66799695941648E-41,3.04953447897386E-40));
#1959=DIRECTION('',(-1.,2.66799695941648E-41,3.04953447897386E-40));
#1960=DIRECTION('',(0.,0.0871557427476583,0.996194698091746));
#1961=DIRECTION('',(-1.,1.55380925826074E-25,1.7760121090435E-24));
#1962=DIRECTION('',(5.29395592038019E-23,0.0871557427476583,0.996194698091746));
#1963=DIRECTION('center_axis',(0.999999999992291,3.91177212737298E-6,-3.42235715441823E-7));
#1964=DIRECTION('ref_axis',(3.92671446140614E-6,-0.996194698084065,0.0871557427469864));
#1965=DIRECTION('',(0.,0.0871557427476584,0.996194698091746));
#1966=DIRECTION('center_axis',(0.,-0.0871557427476584,-0.996194698091746));
#1967=DIRECTION('ref_axis',(0.999999999999998,6.39887205024738E-8,-5.59828763749533E-9));
#1968=DIRECTION('',(0.,0.0871557427476584,0.996194698091746));
#1969=DIRECTION('center_axis',(3.4237061827217E-5,-0.996194697507888,0.0871557426965774));
#1970=DIRECTION('ref_axis',(-0.999999999413912,-3.41067794705128E-5,2.9839565530486E-6));
#1971=DIRECTION('center_axis',(0.,-0.996194698091746,0.0871557427476584));
#1972=DIRECTION('ref_axis',(0.,-0.0871557427476584,-0.996194698091746));
#1973=DIRECTION('',(1.,-1.55380925826074E-25,-1.7760121090435E-24));
#1974=DIRECTION('',(0.,0.0871557427476583,0.996194698091746));
#1975=DIRECTION('',(-1.,0.,0.));
#1976=DIRECTION('center_axis',(1.,0.,0.));
#1977=DIRECTION('ref_axis',(0.,0.996194698091746,-0.0871557427476584));
#1978=DIRECTION('',(0.,0.996194698091746,-0.0871557427476583));
#1979=DIRECTION('',(0.,-0.996194698091746,0.0871557427476584));
#1980=DIRECTION('center_axis',(0.,0.0871557427476583,0.996194698091746));
#1981=DIRECTION('ref_axis',(1.,0.,0.));
#1982=DIRECTION('center_axis',(1.78279618677506E-24,0.0871557427476583,
0.996194698091746));
#1983=DIRECTION('ref_axis',(1.,-1.55380925826074E-25,-1.7760121090435E-24));
#1984=DIRECTION('',(0.,0.996194698091746,-0.0871557427476583));
#1985=DIRECTION('',(1.,-1.55380925826071E-25,-1.7760121090435E-24));
#1986=DIRECTION('',(0.,0.996194698091746,-0.0871557427476583));
#1987=DIRECTION('',(0.999999999413912,3.4106779040435E-5,-2.98395651542166E-6));
#1988=DIRECTION('',(1.,-1.55381318755599E-25,-1.77601207466662E-24));
#1989=DIRECTION('',(0.,-0.996194698091746,0.0871557427476583));
#1990=DIRECTION('center_axis',(1.,0.,0.));
#1991=DIRECTION('ref_axis',(0.,0.996194698091746,-0.0871557427476584));
#1992=DIRECTION('',(0.,0.996194698091746,-0.0871557427476583));
#1993=DIRECTION('',(0.,0.0871557427476585,0.996194698091746));
#1994=DIRECTION('',(0.,0.0871557427476584,0.996194698091746));
#1995=DIRECTION('center_axis',(3.4237061827217E-5,-0.996194697507888,0.0871557426965774));
#1996=DIRECTION('ref_axis',(-0.999999999413912,-3.41067794705128E-5,2.9839565530486E-6));
#1997=DIRECTION('',(0.,0.0871557427476584,0.996194698091746));
#1998=DIRECTION('center_axis',(-1.,0.,0.));
#1999=DIRECTION('ref_axis',(0.,0.996194698091746,-0.0871557427476584));
#2000=DIRECTION('',(0.,0.0871557427476584,0.996194698091746));
#2001=DIRECTION('center_axis',(0.,-0.0871557427476584,-0.996194698091746));
#2002=DIRECTION('ref_axis',(-1.63381085679098E-7,-0.996194698091732,0.0871557427476572));
#2003=DIRECTION('center_axis',(-1.,0.,0.));
#2004=DIRECTION('ref_axis',(0.,0.,1.));
#2005=DIRECTION('',(0.,0.0871557427476584,0.996194698091746));
#2006=DIRECTION('',(0.,0.996194698091746,-0.087155742747654));
#2007=DIRECTION('center_axis',(3.42370613954963E-5,-0.996194697507888,0.0871557426965775));
#2008=DIRECTION('ref_axis',(0.999999999413912,3.4106779040435E-5,-2.98395651542166E-6));
#2009=DIRECTION('',(-0.999999999413912,-3.4106779040435E-5,2.98395651542167E-6));
#2010=DIRECTION('',(0.,0.0871557427476584,0.996194698091746));
#2011=DIRECTION('center_axis',(-3.94430452610506E-31,-0.996194698091746,
0.0871557427476585));
#2012=DIRECTION('ref_axis',(1.,3.79802860270898E-16,4.34116655763471E-15));
#2013=DIRECTION('',(-1.,0.,0.));
#2014=DIRECTION('center_axis',(0.,0.0871557427476585,0.996194698091746));
#2015=DIRECTION('ref_axis',(1.,0.,0.));
#2016=DIRECTION('center_axis',(1.,0.,0.));
#2017=DIRECTION('ref_axis',(0.,0.,-1.));
#2018=DIRECTION('',(0.,-0.996194698091746,0.0871557427476579));
#2019=DIRECTION('',(0.,-0.0871557427476569,-0.996194698091746));
#2020=DIRECTION('center_axis',(-5.88435878573898E-47,-0.996194698091746,
0.0871557427476569));
#2021=DIRECTION('ref_axis',(1.,-3.58092490203789E-33,-4.09301589225535E-32));
#2022=DIRECTION('',(1.,-3.58092490203789E-33,-4.09301589225535E-32));
#2023=DIRECTION('center_axis',(0.,0.0871557427476569,0.996194698091746));
#2024=DIRECTION('ref_axis',(1.,0.,0.));
#2025=CARTESIAN_POINT('',(0.,0.,0.));
#2026=CARTESIAN_POINT('Origin',(51.246683999991,4.64743777878103,9.88548775368111));
#2027=CARTESIAN_POINT('',(45.496683999991,-0.819214507003533,13.3752173687554));
#2028=CARTESIAN_POINT('',(56.996683999991,10.6370245210516,12.3729263271573));
#2029=CARTESIAN_POINT('',(64.9967610187392,18.6066588314542,11.6756736725498));
#2030=CARTESIAN_POINT('',(56.996683999991,10.3755572928086,9.38434223288207));
#2031=CARTESIAN_POINT('',(56.996683999991,10.3755572928086,9.38434223288207));
#2032=CARTESIAN_POINT('',(45.496683999991,-1.0806817352465,10.3866332744801));
#2033=CARTESIAN_POINT('',(77.9966143055031,31.2955765234559,7.55407770945611));
#2034=CARTESIAN_POINT('',(45.496683999991,-1.08068173524651,10.3866332744801));
#2035=CARTESIAN_POINT('Origin',(45.496683999991,10.3755572928086,9.38434223288207));
#2036=CARTESIAN_POINT('',(45.496683999991,-1.57918836564304,10.4302469533324));
#2037=CARTESIAN_POINT('',(45.496683999991,122.445670278757,-0.420522173457905));
#2038=CARTESIAN_POINT('',(45.496683999991,-1.65457808311976,9.56853853948299));
#2039=CARTESIAN_POINT('',(45.496683999991,-1.6168832243814,9.99939274640767));
#2040=CARTESIAN_POINT('',(45.496683999991,-0.657974103677343,9.48134698925696));
#2041=CARTESIAN_POINT('',(45.496683999991,122.370280561281,-1.28223058730726));
#2042=CARTESIAN_POINT('',(45.496683999991,-1.19267458543424,3.36969251646409));
#2043=CARTESIAN_POINT('',(45.496683999991,-0.582584386200633,10.3430554031063));
#2044=CARTESIAN_POINT('',(45.496683999991,-5.17745337780122,3.71831548745473));
#2045=CARTESIAN_POINT('',(45.496683999991,58.4538105687394,-1.84869875369344));
#2046=CARTESIAN_POINT('',(45.496683999991,-4.30589595032464,13.6802624683722));
#2047=CARTESIAN_POINT('',(45.496683999991,-4.56736317856761,10.691678374097));
#2048=CARTESIAN_POINT('',(45.496683999991,-1.3173118560494,13.4187952401292));
#2049=CARTESIAN_POINT('Origin',(-72.5,234.515783264706,-10.2253865797979));
#2050=CARTESIAN_POINT('',(57.4966663287766,10.3755572928086,9.38434223288207));
#2051=CARTESIAN_POINT('',(-6.0016580000045,10.3755572928086,9.38434223288207));
#2052=CARTESIAN_POINT('',(57.496684,5.89242535055277,9.77656545492042));
#2053=CARTESIAN_POINT('',(57.495881,209.610915812412,-8.04649301110643));
#2054=CARTESIAN_POINT('',(49.996684,-1.57903488513533,10.4302335255279));
#2055=CARTESIAN_POINT('Origin',(49.99668448174,5.89242487068573,9.77656549690334));
#2056=CARTESIAN_POINT('',(49.996684,-1.57903488513533,10.4302335255279));
#2057=CARTESIAN_POINT('Origin',(51.2458515508918,210.855839700809,-8.15540973829374));
#2058=CARTESIAN_POINT('',(56.9958515508918,205.389187415025,-4.66568012321947));
#2059=CARTESIAN_POINT('',(45.4958515508918,216.84542644308,-5.66797116481754));
#2060=CARTESIAN_POINT('',(51.2458515508918,211.117306929052,-5.1668256440185));
#2061=CARTESIAN_POINT('',(45.4958515508918,216.583959214837,-8.65655525909278));
#2062=CARTESIAN_POINT('',(45.4958515508918,216.583959214837,-8.65655525909277));
#2063=CARTESIAN_POINT('',(56.9958515508918,205.127720186782,-7.65426421749471));
#2064=CARTESIAN_POINT('',(14.3718084870199,247.589565898245,-11.3691943496346));
#2065=CARTESIAN_POINT('',(56.9958515508918,205.127720186782,-7.65426421749472));
#2066=CARTESIAN_POINT('Origin',(-72.5,234.515783264706,-10.2253865797979));
#2067=CARTESIAN_POINT('',(45.4958515508918,220.070640658158,-8.96160035870959));
#2068=CARTESIAN_POINT('',(45.4958515508918,230.779893404753,-9.89853856887054));
#2069=CARTESIAN_POINT('',(57.4792172257081,220.070640658158,-8.96160035870958));
#2070=CARTESIAN_POINT('',(-7.50207422455408,220.070640658158,-8.96160035870958));
#2071=CARTESIAN_POINT('',(57.495881,219.57286279333,-8.91805043858301));
#2072=CARTESIAN_POINT('Origin',(49.99588148174,219.572863273247,-8.91805048057029));
#2073=CARTESIAN_POINT('',(57.495937938619,205.127720186782,-7.65426421749471));
#2074=CARTESIAN_POINT('',(57.495881,219.57286279333,-8.91805043858301));
#2075=CARTESIAN_POINT('',(-13.5020742245541,205.127720186782,-7.65426421749471));
#2076=CARTESIAN_POINT('Origin',(45.4958515508918,217.082056563883,-8.70013313046661));
#2077=CARTESIAN_POINT('',(45.4958515508918,220.332107886401,-5.97301626443434));
#2078=CARTESIAN_POINT('',(45.4958515508918,217.343523792125,-5.71154903619137));
#2079=CARTESIAN_POINT('',(45.4958515508918,220.070640658158,-8.96160035870958));
#2080=CARTESIAN_POINT('Origin',(-48.75,210.860631806197,-8.15582899318963));
#2081=CARTESIAN_POINT('',(-43.,216.850218548468,-5.66839041971344));
#2082=CARTESIAN_POINT('',(-54.5,205.393979520413,-4.66609937811536));
#2083=CARTESIAN_POINT('',(-48.75,211.12209903444,-5.16724489891439));
#2084=CARTESIAN_POINT('',(-54.5,205.13251229217,-7.65468347239058));
#2085=CARTESIAN_POINT('',(-54.5,205.13251229217,-7.6546834723906));
#2086=CARTESIAN_POINT('',(-43.,216.588751320225,-8.65697451398866));
#2087=CARTESIAN_POINT('',(-48.7511224264641,210.859513650905,-8.15573116727747));
#2088=CARTESIAN_POINT('',(-43.,216.588751320225,-8.65697451398866));
#2089=CARTESIAN_POINT('Origin',(-72.5,234.515783264706,-10.2253865797979));
#2090=CARTESIAN_POINT('',(-55.,205.13251229217,-7.65468347239058));
#2091=CARTESIAN_POINT('',(-63.75,205.13251229217,-7.65468347239058));
#2092=CARTESIAN_POINT('',(-55.,219.577015929026,-8.91841379087452));
#2093=CARTESIAN_POINT('',(-55.,15.8510470335679,8.90529895331313));
#2094=CARTESIAN_POINT('',(-54.9832933697172,220.075432763546,-8.96201961360546));
#2095=CARTESIAN_POINT('Origin',(-47.500000481749,219.577016408943,-8.9184138328618));
#2096=CARTESIAN_POINT('',(-43.,220.075432763546,-8.96201961360546));
#2097=CARTESIAN_POINT('',(-57.75,220.075432763546,-8.96201961360546));
#2098=CARTESIAN_POINT('',(-43.,224.805121268897,-9.37581373983253));
#2099=CARTESIAN_POINT('Origin',(-55.,205.13251229217,-7.6546834723906));
#2100=CARTESIAN_POINT('',(-58.,205.393979520413,-4.66609937811536));
#2101=CARTESIAN_POINT('',(-55.,205.393979520413,-4.66609937811536));
#2102=CARTESIAN_POINT('',(-58.,204.522422092936,-14.6280463590328));
#2103=CARTESIAN_POINT('',(-58.,205.13251229217,-7.6546834723906));
#2104=CARTESIAN_POINT('',(-54.,204.522422092936,-14.6280463590328));
#2105=CARTESIAN_POINT('',(-26.1258290000023,204.522422092936,-14.6280463590328));
#2106=CARTESIAN_POINT('',(-54.,205.057122574693,-8.51639188623994));
#2107=CARTESIAN_POINT('',(-54.,205.13251229217,-7.6546834723906));
#2108=CARTESIAN_POINT('',(-55.,205.057122574693,-8.51639188623994));
#2109=CARTESIAN_POINT('',(-63.75,205.057122574693,-8.51639188623994));
#2110=CARTESIAN_POINT('',(-55.,205.094817433431,-8.08553767931513));
#2111=CARTESIAN_POINT('Origin',(-48.75,4.64385668007777,9.88580105922066));
#2112=CARTESIAN_POINT('',(-54.5,10.6334434223483,12.3732396326969));
#2113=CARTESIAN_POINT('',(-43.,-0.822795605706792,13.3755306742949));
#2114=CARTESIAN_POINT('',(-48.75,4.90532390832075,12.8743851534959));
#2115=CARTESIAN_POINT('',(-43.,-1.08426283394978,10.3869465800197));
#2116=CARTESIAN_POINT('',(-43.,-1.08426283394977,10.3869465800197));
#2117=CARTESIAN_POINT('',(-54.5,10.3719761941053,9.38465553842158));
#2118=CARTESIAN_POINT('',(-112.374999999989,68.0267443461547,4.34051692690176));
#2119=CARTESIAN_POINT('',(-54.5,10.3719761941053,9.38465553842162));
#2120=CARTESIAN_POINT('Origin',(-43.,10.3719761941053,9.38465553842163));
#2121=CARTESIAN_POINT('',(-55.,10.3719761941053,9.38465553842158));
#2122=CARTESIAN_POINT('',(-57.75,10.3719761941053,9.38465553842158));
#2123=CARTESIAN_POINT('',(-55.,10.2965864766286,8.52294712457222));
#2124=CARTESIAN_POINT('',(-55.,10.3342813353669,8.95380133149692));
#2125=CARTESIAN_POINT('',(-54.,10.2965864766286,8.52294712457222));
#2126=CARTESIAN_POINT('',(-57.75,10.2965864766286,8.52294712457222));
#2127=CARTESIAN_POINT('',(-54.,9.7618859948717,2.41129265177935));
#2128=CARTESIAN_POINT('',(-54.,10.3719761941053,9.38465553842163));
#2129=CARTESIAN_POINT('',(-58.,9.7618859948717,2.41129265177935));
#2130=CARTESIAN_POINT('',(-20.1258290000023,9.76188599487169,2.41129265177935));
#2131=CARTESIAN_POINT('',(-58.,10.6334434223483,12.3732396326969));
#2132=CARTESIAN_POINT('',(-58.,10.3719761941053,9.38465553842163));
#2133=CARTESIAN_POINT('',(-43.,10.6334434223483,12.3732396326969));
#2134=CARTESIAN_POINT('Origin',(-72.5,234.515783264706,-10.2253865797979));
#2135=CARTESIAN_POINT('',(-43.,-1.58220670252986,10.4305110235927));
#2136=CARTESIAN_POINT('',(-43.,116.466788281108,0.102562221895634));
#2137=CARTESIAN_POINT('',(-47.5,-1.58236018303759,10.4305244513971));
#2138=CARTESIAN_POINT('',(49.996684,-1.57903488513533,10.4302335255279));
#2139=CARTESIAN_POINT('',(-55.,5.88910005265049,9.77685638078971));
#2140=CARTESIAN_POINT('Origin',(-47.499998774642,5.8891012733875,9.77685627398906));
#2141=CARTESIAN_POINT('',(-55.,5.88910005265049,9.77685638078971));
#2142=CARTESIAN_POINT('Origin',(1.24792577544592,210.173408365242,-13.1148039205135));
#2143=CARTESIAN_POINT('',(3.24816934741094,213.449876439809,-15.4090974085295));
#2144=CARTESIAN_POINT('',(5.24792738097613,209.999096879747,-15.107193316697));
#2145=CARTESIAN_POINT('Origin',(1.24792577544592,209.999096879747,-15.1071933166981));
#2146=CARTESIAN_POINT('',(5.24792738097613,210.26056410799,-12.1186092224218));
#2147=CARTESIAN_POINT('',(5.24792738097613,210.173408365242,-13.1148039205135));
#2148=CARTESIAN_POINT('',(3.24816934741094,213.711343668052,-12.4205133142542));
#2149=CARTESIAN_POINT('Origin',(1.24792577544592,210.26056410799,-12.1186092224218));
#2150=CARTESIAN_POINT('',(3.24816934741094,213.624187925305,-13.416708012346));
#2151=CARTESIAN_POINT('Origin',(3.24816934741094,216.15049566662,-13.6377313002888));
#2152=CARTESIAN_POINT('',(3.24816934741094,215.976184181125,-15.6301206964723));
#2153=CARTESIAN_POINT('',(3.24816934741081,161.559169112514,-10.8692487750495));
#2154=CARTESIAN_POINT('',(3.24816934741094,216.237651409368,-12.6415366021971));
#2155=CARTESIAN_POINT('',(3.24816934741093,210.26056410799,-12.1186092224218));
#2156=CARTESIAN_POINT('',(3.24816934741094,216.15049566662,-13.6377313002888));
#2157=CARTESIAN_POINT('Origin',(1.24816934741095,216.15049566662,-13.6377313002888));
#2158=CARTESIAN_POINT('',(1.36648456533313,217.965084216194,-15.8041269024272));
#2159=CARTESIAN_POINT('Origin',(1.24816934741095,215.976184181124,-15.6301206964735));
#2160=CARTESIAN_POINT('',(1.36648456533344,218.226551444437,-12.8155428081519));
#2161=CARTESIAN_POINT('Origin',(1.24816934741095,216.237651409368,-12.6415366021971));
#2162=CARTESIAN_POINT('',(1.36648456533313,218.139395701689,-13.8117375062437));
#2163=CARTESIAN_POINT('Origin',(3.30720597315479,214.243557776213,-12.4670760152868));
#2164=CARTESIAN_POINT('',(3.24792738097613,218.226551444437,-12.8155428081519));
#2165=CARTESIAN_POINT('',(2.33684526924411,218.226551444437,-12.8155428081519));
#2166=CARTESIAN_POINT('',(5.24792738097612,216.234162048253,-12.6412313226566));
#2167=CARTESIAN_POINT('',(5.24792738097659,212.250275817958,-12.2926864407288));
#2168=CARTESIAN_POINT('Origin',(3.24792738097613,216.234162048253,-12.6412313226566));
#2169=CARTESIAN_POINT('Origin',(1.2479257754459,216.15049566662,-13.6377313002888));
#2170=CARTESIAN_POINT('',(-0.752074224554094,215.976184181125,-15.6301206964723));
#2171=CARTESIAN_POINT('',(1.12961055752372,217.965084216194,-15.8041269024272));
#2172=CARTESIAN_POINT('Origin',(1.2479257754459,215.976184181124,-15.6301206964735));
#2173=CARTESIAN_POINT('',(1.12961055752337,218.226551444437,-12.8155428081519));
#2174=CARTESIAN_POINT('',(1.12961055752372,218.139395701689,-13.8117375062437));
#2175=CARTESIAN_POINT('',(-0.752074224554094,216.237651409368,-12.6415366021971));
#2176=CARTESIAN_POINT('Origin',(1.2479257754459,216.237651409368,-12.6415366021971));
#2177=CARTESIAN_POINT('',(-0.752074224554094,216.15049566662,-13.6377313002888));
#2178=CARTESIAN_POINT('Origin',(-0.752074224554089,213.624328027893,-13.4167202697342));
#2179=CARTESIAN_POINT('',(-0.752074224554089,213.450016542398,-15.4091096659177));
#2180=CARTESIAN_POINT('',(-0.752074224553968,160.296085293151,-10.7587432597722));
#2181=CARTESIAN_POINT('',(-0.752074224554089,213.711483770641,-12.4205255716424));
#2182=CARTESIAN_POINT('',(-0.752074224554094,216.237651409368,-12.6415366021971));
#2183=CARTESIAN_POINT('',(-0.752074224554089,213.624328027893,-13.4167202697342));
#2184=CARTESIAN_POINT('Origin',(1.24792577544592,210.173408365242,-13.1148039205135));
#2185=CARTESIAN_POINT('',(-2.75207261902387,210.001158163635,-15.1073736556695));
#2186=CARTESIAN_POINT('Origin',(1.24792577544592,209.999096879747,-15.1071933166981));
#2187=CARTESIAN_POINT('',(-2.75207261902387,210.262625391878,-12.1187895613943));
#2188=CARTESIAN_POINT('Origin',(1.24792577544592,210.26056410799,-12.1186092224218));
#2189=CARTESIAN_POINT('',(-2.75207261902387,210.175469649131,-13.1149842594861));
#2190=CARTESIAN_POINT('Origin',(-0.811231565927,214.244588418157,-12.4671661847731));
#2191=CARTESIAN_POINT('',(-2.75207261902386,216.234162048253,-12.6412313226566));
#2192=CARTESIAN_POINT('',(-2.75207261902341,212.253606905018,-12.2929778730837));
#2193=CARTESIAN_POINT('',(-0.752072619023864,218.226551444437,-12.8155428081519));
#2194=CARTESIAN_POINT('',(0.27762649970322,218.226551444437,-12.8155428081519));
#2195=CARTESIAN_POINT('Origin',(-0.752072619023864,216.234162048253,-12.6412313226566));
#2196=CARTESIAN_POINT('Origin',(-2.75207261902387,210.17546964913,-13.1149842594861));
#2197=CARTESIAN_POINT('',(-2.75207261902386,216.408473533748,-10.6488419264731));
#2198=CARTESIAN_POINT('',(-2.75207261902386,216.147006305505,-13.6374260207484));
#2199=CARTESIAN_POINT('',(-2.75207261902387,210.436936877373,-10.1264001652108));
#2200=CARTESIAN_POINT('',(-2.75207261902386,216.408473533748,-10.6488419264731));
#2201=CARTESIAN_POINT('',(-2.75207261902273,210.393359006,-10.6244975142567));
#2202=CARTESIAN_POINT('',(-2.75207261902387,210.175469649131,-13.1149842594861));
#2203=CARTESIAN_POINT('',(-2.75207261902273,210.387727473824,-10.624004819033));
#2204=CARTESIAN_POINT('',(-2.75207261902273,216.364895662374,-11.146939275519));
#2205=CARTESIAN_POINT('',(-2.75207261902478,209.99552663146,-15.1068809604459));
#2206=CARTESIAN_POINT('',(-2.75207261902387,210.169838116955,-13.1144915642624));
#2207=CARTESIAN_POINT('',(-2.75207261902483,158.571656103769,-10.6078752546481));
#2208=CARTESIAN_POINT('Origin',(-0.752072619023864,216.147006305505,-13.6374260207484));
#2209=CARTESIAN_POINT('',(-0.752072619023864,218.400862929932,-10.8231534119684));
#2210=CARTESIAN_POINT('',(-0.752072619023864,218.139395701689,-13.8117375062437));
#2211=CARTESIAN_POINT('Origin',(-0.752072619023864,216.408473533748,-10.6488419264731));
#2212=CARTESIAN_POINT('Origin',(1.24792577544592,210.173408365242,-13.1148039205135));
#2213=CARTESIAN_POINT('',(-0.75207422455295,213.842217384762,-10.9262335245048));
#2214=CARTESIAN_POINT('Origin',(1.24792577544706,210.391297722111,-10.6243171752841));
#2215=CARTESIAN_POINT('',(-0.752074224554089,213.885795256136,-10.428136175459));
#2216=CARTESIAN_POINT('Origin',(1.24792577544592,210.434875593485,-10.1262198262383));
#2217=CARTESIAN_POINT('',(-0.752074224554089,213.624328027893,-13.4167202697342));
#2218=CARTESIAN_POINT('Origin',(-0.752074224554089,213.624328027893,-13.4167202697342));
#2219=CARTESIAN_POINT('',(-0.752074224552955,216.368385023489,-11.1472445550595));
#2220=CARTESIAN_POINT('',(-0.752074224552955,216.368385023489,-11.1472445550595));
#2221=CARTESIAN_POINT('',(-0.752074224554094,216.411962894863,-10.6491472060136));
#2222=CARTESIAN_POINT('',(-0.752074224554094,216.411962894863,-10.6491472060136));
#2223=CARTESIAN_POINT('',(-0.752074224554094,216.15049566662,-13.6377313002888));
#2224=CARTESIAN_POINT('Origin',(1.2479257754459,216.15049566662,-13.6377313002888));
#2225=CARTESIAN_POINT('',(1.12961055752451,218.357285058558,-11.3212507610143));
#2226=CARTESIAN_POINT('Origin',(1.24792577544704,216.368385023489,-11.1472445550595));
#2227=CARTESIAN_POINT('',(1.12961055752337,218.400862929932,-10.8231534119684));
#2228=CARTESIAN_POINT('Origin',(1.2479257754459,216.411962894863,-10.6491472060136));
#2229=CARTESIAN_POINT('',(1.12961055752337,218.139395701689,-13.8117375062437));
#2230=CARTESIAN_POINT('Origin',(-0.811231565927,214.418899903653,-10.4747767885896));
#2231=CARTESIAN_POINT('',(3.24792738097613,218.400862929932,-10.8231534119684));
#2232=CARTESIAN_POINT('Origin',(1.24816934741095,216.15049566662,-13.6377313002888));
#2233=CARTESIAN_POINT('',(3.24816934741208,216.368385023489,-11.1472445550595));
#2234=CARTESIAN_POINT('',(1.36648456533458,218.357285058558,-11.3212507610143));
#2235=CARTESIAN_POINT('Origin',(1.24816934741209,216.368385023489,-11.1472445550595));
#2236=CARTESIAN_POINT('',(1.36648456533344,218.400862929932,-10.8231534119684));
#2237=CARTESIAN_POINT('',(1.36648456533344,218.139395701689,-13.8117375062437));
#2238=CARTESIAN_POINT('',(3.24816934741094,216.411962894863,-10.6491472060136));
#2239=CARTESIAN_POINT('Origin',(1.24816934741095,216.411962894863,-10.6491472060136));
#2240=CARTESIAN_POINT('',(3.24816934741094,216.15049566662,-13.6377313002888));
#2241=CARTESIAN_POINT('Origin',(3.24816934741094,216.15049566662,-13.6377313002888));
#2242=CARTESIAN_POINT('',(3.24816934741207,213.842077282174,-10.9262212671166));
#2243=CARTESIAN_POINT('',(3.24816934741207,210.391297722111,-10.6243171752841));
#2244=CARTESIAN_POINT('',(3.24816934741094,213.885655153548,-10.4281239180707));
#2245=CARTESIAN_POINT('',(3.24816934741093,210.434875593485,-10.1262198262383));
#2246=CARTESIAN_POINT('',(3.24816934741094,213.624187925305,-13.416708012346));
#2247=CARTESIAN_POINT('Origin',(1.24792577544592,210.173408365242,-13.1148039205135));
#2248=CARTESIAN_POINT('',(5.24792738097727,210.391297722111,-10.6243171752841));
#2249=CARTESIAN_POINT('Origin',(1.24792577544706,210.391297722111,-10.6243171752841));
#2250=CARTESIAN_POINT('',(5.24792738097613,210.434875593485,-10.1262198262383));
#2251=CARTESIAN_POINT('Origin',(1.24792577544592,210.434875593485,-10.1262198262383));
#2252=CARTESIAN_POINT('',(5.24792738097613,210.173408365242,-13.1148039205135));
#2253=CARTESIAN_POINT('Origin',(3.24792738097613,216.147006305505,-13.6374260207484));
#2254=CARTESIAN_POINT('',(5.24792738097612,216.408473533748,-10.6488419264731));
#2255=CARTESIAN_POINT('',(5.24792738097612,216.147006305505,-13.6374260207484));
#2256=CARTESIAN_POINT('',(3.24792738097613,218.400862929932,-10.8231534119684));
#2257=CARTESIAN_POINT('Origin',(3.24792738097613,216.408473533748,-10.6488419264731));
#2258=CARTESIAN_POINT('',(3.24792738097613,218.139395701689,-13.8117375062437));
#2259=CARTESIAN_POINT('Origin',(3.30720597315479,214.417869261708,-10.4746866191034));
#2260=CARTESIAN_POINT('',(3.24792738097613,218.400862929932,-10.8231534119684));
#2261=CARTESIAN_POINT('',(5.24792738097613,210.431305345198,-10.1259074699872));
#2262=CARTESIAN_POINT('Origin',(1.24793345133074,212.381901994151,-10.7984724826539));
#2263=CARTESIAN_POINT('',(3.24792738097727,218.357285058558,-11.3212507610143));
#2264=CARTESIAN_POINT('',(5.24792738097727,210.387727473824,-10.624004819033));
#2265=CARTESIAN_POINT('',(5.24792738097727,210.387727473824,-10.624004819033));
#2266=CARTESIAN_POINT('Origin',(1.24792577544706,210.391297722111,-10.6243171752841));
#2267=CARTESIAN_POINT('Origin',(1.36648456533344,218.139395701689,-13.8117375062437));
#2268=CARTESIAN_POINT('',(2.05741328266447,217.965084216194,-15.8041269024272));
#2269=CARTESIAN_POINT('Origin',(5.24792738097613,210.169838116955,-13.1144915642624));
#2270=CARTESIAN_POINT('',(5.24792738097522,209.99552663146,-15.1068809604459));
#2271=CARTESIAN_POINT('',(5.24792738097522,158.568840337682,-10.6076289070363));
#2272=CARTESIAN_POINT('',(5.24792738097613,210.169838116955,-13.1144915642624));
#2273=CARTESIAN_POINT('Origin',(1.24792577544592,210.173408365242,-13.1148039205135));
#2274=CARTESIAN_POINT('Origin',(1.24792577544501,209.999096879747,-15.1071933166959));
#2275=CARTESIAN_POINT('Origin',(49.99588148174,219.49747355577,-9.77975889441965));
#2276=CARTESIAN_POINT('',(57.4792172257081,219.995250940681,-9.82330877255895));
#2277=CARTESIAN_POINT('',(57.4792172257081,219.995250940681,-9.82330877255895));
#2278=CARTESIAN_POINT('',(57.495881,219.497473075853,-9.77975885243237));
#2279=CARTESIAN_POINT('Origin',(49.99588148174,219.49747355577,-9.77975889441965));
#2280=CARTESIAN_POINT('',(57.495881,219.497473075853,-9.77975885243237));
#2281=CARTESIAN_POINT('Origin',(57.495881,219.497473075853,-9.77975885243237));
#2282=CARTESIAN_POINT('',(57.495937938619,205.052330469305,-8.51597263134407));
#2283=CARTESIAN_POINT('',(57.495937938619,205.090025328043,-8.0851184244194));
#2284=CARTESIAN_POINT('',(57.495881,219.497473075853,-9.77975885243237));
#2285=CARTESIAN_POINT('Origin',(-47.500000481749,219.501626691466,-9.78012224671116));
#2286=CARTESIAN_POINT('',(-54.9832933697172,220.000043046069,-9.82372802745482));
#2287=CARTESIAN_POINT('',(-54.9832933697172,220.000043046069,-9.82372802745482));
#2288=CARTESIAN_POINT('',(-55.,219.50162621155,-9.78012220472388));
#2289=CARTESIAN_POINT('',(-55.,219.50162621155,-9.78012220472388));
#2290=CARTESIAN_POINT('Origin',(-47.500000481749,219.501626691466,-9.78012224671116));
#2291=CARTESIAN_POINT('Origin',(-43.,205.13251229217,-7.6546834723906));
#2292=CARTESIAN_POINT('',(-43.,220.336899991789,-5.97343551933023));
#2293=CARTESIAN_POINT('',(-43.,220.075432763546,-8.96201961360547));
#2294=CARTESIAN_POINT('',(-43.,217.348315897514,-5.71196829108727));
#2295=CARTESIAN_POINT('Origin',(-72.5,234.440393547229,-11.0870949936472));
#2296=CARTESIAN_POINT('',(9.39916431283136,107.676988854686,0.00326586689925468));
#2297=CARTESIAN_POINT('',(56.496683999991,10.3001675753319,8.52263381903271));
#2298=CARTESIAN_POINT('',(-43.,216.015264253702,-9.47510505646418));
#2299=CARTESIAN_POINT('',(56.4958515508918,205.052330469305,-8.51597263134407));
#2300=CARTESIAN_POINT('',(-43.,-0.661555202380635,9.48166029479646));
#2301=CARTESIAN_POINT('',(-13.5020742245541,205.052330469305,-8.51597263134407));
#2302=CARTESIAN_POINT('',(60.4958515508918,219.995250940681,-9.82330877255895));
#2303=CARTESIAN_POINT('',(33.1218886631689,219.995250940681,-9.82330877255894));
#2304=CARTESIAN_POINT('',(-43.,219.999436429214,-9.82367495535689));
#2305=CARTESIAN_POINT('',(60.4958515508918,219.995250940681,-9.82330877255895));
#2306=CARTESIAN_POINT('',(-43.,220.000043046069,-9.82372802745482));
#2307=CARTESIAN_POINT('',(-43.,224.72973155142,-10.2375221536819));
#2308=CARTESIAN_POINT('',(-57.75,220.000043046069,-9.82372802745482));
#2309=CARTESIAN_POINT('',(-55.,5.81371033517376,8.91514796694035));
#2310=CARTESIAN_POINT('',(-6.9008716378816,107.676975267663,0.00326705560975693));
#2311=CARTESIAN_POINT('',(-54.,205.057122574693,-8.51639188623994));
#2312=CARTESIAN_POINT('',(-54.,10.2965864766286,8.52294712457222));
#2313=CARTESIAN_POINT('',(-55.,5.81371033517376,8.91514796694035));
#2314=CARTESIAN_POINT('',(-55.,5.81371033517376,8.91514796694035));
#2315=CARTESIAN_POINT('',(-47.5,-1.65774990051432,9.56881603754779));
#2316=CARTESIAN_POINT('Origin',(-47.499998774642,5.81371155591077,8.9151478601397));
#2317=CARTESIAN_POINT('',(-43.,-1.65759642000659,9.56880260974329));
#2318=CARTESIAN_POINT('',(49.996684,-1.65442460261206,9.56852511167849));
#2319=CARTESIAN_POINT('',(-43.,-0.661555202380626,9.48166029479646));
#2320=CARTESIAN_POINT('',(-43.,116.391398563631,-0.759146191953729));
#2321=CARTESIAN_POINT('',(1.2491531569366,90.8263318975048,1.47750732361685));
#2322=CARTESIAN_POINT('',(-43.,-0.661555202380635,9.48166029479646));
#2323=CARTESIAN_POINT('',(-54.,205.057122574693,-8.51639188623994));
#2324=CARTESIAN_POINT('',(49.996684,-1.65442460261206,9.56852511167849));
#2325=CARTESIAN_POINT('',(49.996684,-1.65442460261206,9.56852511167849));
#2326=CARTESIAN_POINT('',(57.496684,5.81703563307604,8.91485704107106));
#2327=CARTESIAN_POINT('Origin',(49.99668448174,5.817035153209,8.91485708305398));
#2328=CARTESIAN_POINT('',(57.4966663287766,10.3001675753318,8.52263381903272));
#2329=CARTESIAN_POINT('',(57.495881,209.535526094936,-8.90820142495579));
#2330=CARTESIAN_POINT('',(-6.0016580000045,10.3001675753319,8.52263381903271));
#2331=CARTESIAN_POINT('',(1.24913951801314,124.527632224844,-1.47097440110783));
#2332=CARTESIAN_POINT('',(40.1962192286005,205.053151409246,-8.51604445428238));
#2333=CARTESIAN_POINT('',(-54.,10.2965864766286,8.52294712457222));
#2334=CARTESIAN_POINT('',(-37.6995604040743,205.056301602104,-8.51632006044539));
#2335=CARTESIAN_POINT('',(-43.,216.015264253702,-9.47510505646418));
#2336=CARTESIAN_POINT('',(-58.,205.057122574693,-8.51639188623995));
#2337=CARTESIAN_POINT('Origin',(60.4958515508918,219.63486194442,-13.9425738491683));
#2338=CARTESIAN_POINT('',(60.4958515508918,219.460550458924,-15.9349632453518));
#2339=CARTESIAN_POINT('',(-43.,219.464735947457,-15.9353294281498));
#2340=CARTESIAN_POINT('',(31.6243853480229,219.46171805346,-15.9350653966373));
#2341=CARTESIAN_POINT('',(-43.,219.856936789822,-11.4524532867369));
#2342=CARTESIAN_POINT('',(60.4958515508918,220.070640658158,-8.96160035870958));
#2343=CARTESIAN_POINT('Origin',(-37.6995604040743,204.695912605843,-12.6355851370548));
#2344=CARTESIAN_POINT('',(-37.6995604040743,204.521601120348,-14.6279745332383));
#2345=CARTESIAN_POINT('',(40.1962192286007,204.518450927489,-14.6276989270752));
#2346=CARTESIAN_POINT('',(-17.4736250964762,204.520783160796,-14.6279029710503));
#2347=CARTESIAN_POINT('',(40.1962192286007,204.872956911116,-10.575676992587));
#2348=CARTESIAN_POINT('',(-37.6995604040743,204.876107103974,-10.5759525987501));
#2349=CARTESIAN_POINT('Origin',(57.4958515508918,220.070640658158,-8.96160035870958));
#2350=CARTESIAN_POINT('',(60.4958515508918,220.332107886401,-5.97301626443434));
#2351=CARTESIAN_POINT('',(57.4958515508918,220.332107886401,-5.97301626443434));
#2352=CARTESIAN_POINT('',(60.4958515508918,220.070640658158,-8.96160035870958));
#2353=CARTESIAN_POINT('Origin',(-43.,205.13251229217,-7.6546834723906));
#2354=CARTESIAN_POINT('',(-43.,219.465342564312,-15.9353825002477));
#2355=CARTESIAN_POINT('',(-43.,155.83228806842,-10.3682116063298));
#2356=CARTESIAN_POINT('',(-43.,220.075432763546,-8.96201961360547));
#2357=CARTESIAN_POINT('Origin',(-54.,10.2965864766286,8.52294712457222));
#2358=CARTESIAN_POINT('',(1.24913951801316,123.992931743087,-7.5826288739007));
#2359=CARTESIAN_POINT('',(-29.5414486846312,60.3314680483631,-2.01297249714517));
#2360=CARTESIAN_POINT('',(1.24913951801316,124.527632224844,-1.47097440110781));
#2361=CARTESIAN_POINT('Origin',(-54.,10.2965864766286,8.52294712457222));
#2362=CARTESIAN_POINT('',(-6.90087163788159,107.142274785906,-6.10838741718311));
#2363=CARTESIAN_POINT('',(-6.90087163788159,107.496780769532,-2.05636548269494));
#2364=CARTESIAN_POINT('',(-29.5414486846312,60.3314680483631,-2.01297249714517));
#2365=CARTESIAN_POINT('Origin',(-43.,-1.02194419864219,5.36239521818709));
#2366=CARTESIAN_POINT('',(9.39916431283135,107.142288372929,-6.10838860589361));
#2367=CARTESIAN_POINT('',(9.39916431283135,107.496794356555,-2.05636667140541));
#2368=CARTESIAN_POINT('',(56.4958515508918,204.517629987548,-14.6276271041369));
#2369=CARTESIAN_POINT('',(-17.426989515242,51.6775402896722,-1.25585192328741));
#2370=CARTESIAN_POINT('',(56.4958515508918,205.127720186782,-7.65426421749472));
#2371=CARTESIAN_POINT('Origin',(-43.,-1.02194419864219,5.36239521818709));
#2372=CARTESIAN_POINT('',(1.2491531569366,90.2916314157479,-4.63414714917602));
#2373=CARTESIAN_POINT('',(1.2491531569366,90.4659429012433,-2.64175775299252));
#2374=CARTESIAN_POINT('',(-43.,-1.19625568413751,3.37000582200359));
#2375=CARTESIAN_POINT('',(-43.,-0.586165484903893,10.3433687086459));
#2376=CARTESIAN_POINT('',(-17.426989515242,51.6775402896722,-1.25585192328741));
#2377=CARTESIAN_POINT('Origin',(-54.,204.696733578431,-12.6356569628493));
#2378=CARTESIAN_POINT('',(-29.5413976303285,153.952859884257,-10.2037829463044));
#2379=CARTESIAN_POINT('Origin',(-43.,216.015264253702,-9.47510505646418));
#2380=CARTESIAN_POINT('',(56.496683999991,9.76546709357496,2.41097934623985));
#2381=CARTESIAN_POINT('',(56.496683999991,10.3755572928086,9.38434223288208));
#2382=CARTESIAN_POINT('',(-17.4269393084377,162.606795109192,-10.9609041733739));
#2383=CARTESIAN_POINT('Origin',(-54.,204.696733578431,-12.6356569628493));
#2384=CARTESIAN_POINT('',(-29.5413976303285,153.952859884257,-10.2037829463044));
#2385=CARTESIAN_POINT('Origin',(-43.,216.015264253702,-9.47510505646418));
#2386=CARTESIAN_POINT('',(-17.4269393084377,162.606795109192,-10.9609041733739));
#2387=CARTESIAN_POINT('Origin',(-55.,5.81371033517376,8.91514796694035));
#2388=CARTESIAN_POINT('Origin',(-58.,217.086848669271,-8.70055238536248));
#2389=CARTESIAN_POINT('',(-58.,219.465342564312,-15.9353825002477));
#2390=CARTESIAN_POINT('',(-58.,161.80945625697,-10.8911460628157));
#2391=CARTESIAN_POINT('',(-58.,220.336899991789,-5.97343551933021));
#2392=CARTESIAN_POINT('',(-58.,217.348315897514,-5.71196829108724));
#2393=CARTESIAN_POINT('',(-58.,220.075432763546,-8.96201961360545));
#2394=CARTESIAN_POINT('Origin',(-43.,220.075432763546,-8.96201961360547));
#2395=CARTESIAN_POINT('',(-20.1258290000023,219.465342564312,-15.9353825002477));
#2396=CARTESIAN_POINT('',(-55.,220.336899991789,-5.97343551933021));
#2397=CARTESIAN_POINT('Origin',(-49.,211.371147708963,-5.1890338346013));
#2398=CARTESIAN_POINT('Origin',(60.496683999991,10.3755572928086,9.38434223288208));
#2399=CARTESIAN_POINT('',(60.496683999991,10.6370245210516,12.3729263271573));
#2400=CARTESIAN_POINT('',(48.496683999991,10.6370245210516,12.3729263271573));
#2401=CARTESIAN_POINT('',(60.496683999991,9.76546709357496,2.41097934623985));
#2402=CARTESIAN_POINT('',(60.496683999991,10.3755572928086,9.38434223288208));
#2403=CARTESIAN_POINT('',(31.6225129999932,9.76546709357496,2.41097934623985));
#2404=CARTESIAN_POINT('',(57.4966663287766,10.3378624340702,8.95348802595739));
#2405=CARTESIAN_POINT('Origin',(57.495881,209.535526094936,-8.90820142495579));
#2406=CARTESIAN_POINT('',(57.496684,5.81703563307604,8.91485704107106));
#2407=CARTESIAN_POINT('Origin',(49.99668448174,5.817035153209,8.91485708305398));
#2408=CARTESIAN_POINT('',(49.996684,-1.65442460261206,9.56852511167849));
#2409=CARTESIAN_POINT('Origin',(49.996684,-1.65442460261206,9.56852511167849));
#2410=CARTESIAN_POINT('Origin',(48.496683999991,-4.56736317856762,10.691678374097));
#2411=CARTESIAN_POINT('',(60.496683999991,-5.17745337780122,3.71831548745473));
#2412=CARTESIAN_POINT('',(25.6225129999932,-5.17745337780122,3.71831548745472));
#2413=CARTESIAN_POINT('',(60.496683999991,-4.30589595032464,13.6802624683722));
#2414=CARTESIAN_POINT('',(60.496683999991,-4.56736317856761,10.691678374097));
#2415=CARTESIAN_POINT('',(48.496683999991,-4.30589595032464,13.6802624683722));
#2416=CARTESIAN_POINT('Origin',(60.496683999991,-1.57877908429238,10.430211145854));
#2417=CARTESIAN_POINT('',(60.496683999991,52.4766423801889,-1.32576429720749));
#2418=CARTESIAN_POINT('',(60.496683999991,-1.3173118560494,13.4187952401292));
#2419=CARTESIAN_POINT('Origin',(2.7483419999955,108.01371147138,3.85357012729074));
#2420=CARTESIAN_POINT('Origin',(2.7483419999955,107.142154043904,-6.10837685362672));
#2421=CARTESIAN_POINT('',(60.4958515508918,204.517629987548,-14.6276271041369));
#2422=CARTESIAN_POINT('',(60.4958515508918,155.829892015726,-10.3680019788818));
#2423=CARTESIAN_POINT('',(24.1220967754437,204.517629987548,-14.6276271041369));
#2424=CARTESIAN_POINT('',(-43.,-5.18088099775029,3.71861536534314));
#2425=CARTESIAN_POINT('',(-43.,52.4749285710902,-1.3256143583399));
#2426=CARTESIAN_POINT('',(-47.5,-5.18103447650448,3.71862879299423));
#2427=CARTESIAN_POINT('',(-22.3738475210965,-5.18017750612481,3.71855381780103));
#2428=CARTESIAN_POINT('',(-58.,-5.18103447650449,3.71862879299423));
#2429=CARTESIAN_POINT('',(-26.1258290000023,-5.18103447650448,3.71862879299423));
#2430=CARTESIAN_POINT('',(-58.,58.4520200193877,-1.84854210092368));
#2431=CARTESIAN_POINT('Origin',(-43.,-1.58220670248987,10.4305110235892));
#2432=CARTESIAN_POINT('',(-43.,-4.3093235702737,13.6805623462607));
#2433=CARTESIAN_POINT('',(-43.,-1.32089295475267,13.4191085456688));
#2434=CARTESIAN_POINT('',(-43.,-4.57079079851668,10.6919782519854));
#2435=CARTESIAN_POINT('',(-43.,-1.61990156126823,9.99965681666799));
#2436=CARTESIAN_POINT('Origin',(49.996684,-1.65442460261206,9.56852511167849));
#2437=CARTESIAN_POINT('',(-47.5,-1.65774990051432,9.56881603754779));
#2438=CARTESIAN_POINT('Origin',(-55.,5.81371033517376,8.91514796694035));
#2439=CARTESIAN_POINT('',(-55.,5.81371033517376,8.91514796694035));
#2440=CARTESIAN_POINT('Origin',(-47.499998774642,5.81371155591077,8.9151478601397));
#2441=CARTESIAN_POINT('Origin',(-58.,10.3719761941053,9.38465553842163));
#2442=CARTESIAN_POINT('',(-58.,-4.3094770490279,13.6805757739117));
#2443=CARTESIAN_POINT('',(-58.,-4.57094427727088,10.6919916796365));
#2444=CARTESIAN_POINT('',(-58.,10.6334434223483,12.3732396326969));
#2445=CARTESIAN_POINT('Origin',(-47.4998972888158,-4.5709442755193,10.6919916794832));
#2446=CARTESIAN_POINT('',(-47.5,-4.3094770490279,13.6805757739117));
#2447=CARTESIAN_POINT('',(-48.2497945767526,-4.30950262385744,13.6805780114194));
#2448=CARTESIAN_POINT('',(-47.5,-4.57094427727088,10.6919916796365));
#2449=CARTESIAN_POINT('Origin',(-55.,-4.57094427727088,10.6919916796365));
#2450=CARTESIAN_POINT('',(-55.,-4.3094770490279,13.6805757739117));
#2451=CARTESIAN_POINT('Origin',(-49.,4.65627523379781,12.8961740891828));
#2452=CARTESIAN_POINT('Origin',(60.4958515508918,205.127720186782,-7.65426421749471));
#2453=CARTESIAN_POINT('',(60.4958515508918,205.389187415025,-4.66568012321947));
#2454=CARTESIAN_POINT('',(60.4958515508918,205.389187415025,-4.66568012321947));
#2455=CARTESIAN_POINT('',(60.4958515508918,205.127720186782,-7.65426421749471));
#2456=CARTESIAN_POINT('Origin',(45.4958515508918,205.127720186782,-7.65426421749471));
#2457=CARTESIAN_POINT('',(45.4958515508918,205.389187415025,-4.66568012321947));
#2458=CARTESIAN_POINT('Origin',(51.4958515508918,211.366355603575,-5.18861457970542));
#2459=UNCERTAINTY_MEASURE_WITH_UNIT(LENGTH_MEASURE(0.01),#2463,
'DISTANCE_ACCURACY_VALUE',
'Maximum model space distance between geometric entities at asserted c
onnectivities');
#2460=UNCERTAINTY_MEASURE_WITH_UNIT(LENGTH_MEASURE(0.01),#2463,
'DISTANCE_ACCURACY_VALUE',
'Maximum model space distance between geometric entities at asserted c
onnectivities');
#2461=(
GEOMETRIC_REPRESENTATION_CONTEXT(3)
GLOBAL_UNCERTAINTY_ASSIGNED_CONTEXT((#2459))
GLOBAL_UNIT_ASSIGNED_CONTEXT((#2463,#2465,#2466))
REPRESENTATION_CONTEXT('','3D')
);
#2462=(
GEOMETRIC_REPRESENTATION_CONTEXT(3)
GLOBAL_UNCERTAINTY_ASSIGNED_CONTEXT((#2460))
GLOBAL_UNIT_ASSIGNED_CONTEXT((#2463,#2465,#2466))
REPRESENTATION_CONTEXT('','3D')
);
#2463=(
LENGTH_UNIT()
NAMED_UNIT(*)
SI_UNIT(.MILLI.,.METRE.)
);
#2464=(
LENGTH_UNIT()
NAMED_UNIT(*)
SI_UNIT($,.METRE.)
);
#2465=(
NAMED_UNIT(*)
PLANE_ANGLE_UNIT()
SI_UNIT($,.RADIAN.)
);
#2466=(
NAMED_UNIT(*)
SI_UNIT($,.STERADIAN.)
SOLID_ANGLE_UNIT()
);
#2467=SHAPE_DEFINITION_REPRESENTATION(#2468,#2469);
#2468=PRODUCT_DEFINITION_SHAPE('',$,#2471);
#2469=SHAPE_REPRESENTATION('',(#1522),#2461);
#2470=PRODUCT_DEFINITION_CONTEXT('part definition',#2475,'design');
#2471=PRODUCT_DEFINITION('FinnishTrainProject',
'FinnishTrainProject v10',#2472,#2470);
#2472=PRODUCT_DEFINITION_FORMATION('',$,#2477);
#2473=PRODUCT_RELATED_PRODUCT_CATEGORY('FinnishTrainProject v10',
'FinnishTrainProject v10',(#2477));
#2474=APPLICATION_PROTOCOL_DEFINITION('international standard',
'automotive_design',2009,#2475);
#2475=APPLICATION_CONTEXT(
'Core Data for Automotive Mechanical Design Process');
#2476=PRODUCT_CONTEXT('part definition',#2475,'mechanical');
#2477=PRODUCT('FinnishTrainProject','FinnishTrainProject v10',$,(#2476));
#2478=PRESENTATION_STYLE_ASSIGNMENT((#2480));
#2479=PRESENTATION_STYLE_ASSIGNMENT((#2481));
#2480=SURFACE_STYLE_USAGE(.BOTH.,#2482);
#2481=SURFACE_STYLE_USAGE(.BOTH.,#2483);
#2482=SURFACE_SIDE_STYLE('',(#2484));
#2483=SURFACE_SIDE_STYLE('',(#2485));
#2484=SURFACE_STYLE_FILL_AREA(#2486);
#2485=SURFACE_STYLE_FILL_AREA(#2487);
#2486=FILL_AREA_STYLE('Steel - Satin',(#2488));
#2487=FILL_AREA_STYLE('Opaque(52,52,52)',(#2489));
#2488=FILL_AREA_STYLE_COLOUR('Steel - Satin',#2490);
#2489=FILL_AREA_STYLE_COLOUR('Opaque(52,52,52)',#2491);
#2490=COLOUR_RGB('Steel - Satin',0.627450980392157,0.627450980392157,0.627450980392157);
#2491=COLOUR_RGB('Opaque(52,52,52)',0.203921568627451,0.203921568627451,
0.203921568627451);
ENDSEC;
END-ISO-10303-21;
