ISO-10303-21;
HEADER;
/* Generated by software containing ST-Developer
 * from STEP Tools, Inc. (www.steptools.com) 
 */

FILE_DESCRIPTION(
/* description */ (''),
/* implementation_level */ '2;1');

FILE_NAME(
/* name */ 'WallmountMainBody.step',
/* time_stamp */ '2026-07-19T13:18:51+03:00',
/* author */ (''),
/* organization */ (''),
/* preprocessor_version */ 'ST-DEVELOPER v20.1',
/* originating_system */ 'Autodesk Translation Framework v15.8.0.0',
/* authorisation */ '');

FILE_SCHEMA (('AUTOMOTIVE_DESIGN { 1 0 10303 214 3 1 1 }'));
ENDSEC;

DATA;
#10=MECHANICAL_DESIGN_GEOMETRIC_PRESENTATION_REPRESENTATION('',(#13),#7849);
#11=SHAPE_REPRESENTATION_RELATIONSHIP('SRR','None',#7856,#12);
#12=ADVANCED_BREP_SHAPE_REPRESENTATION('',(#14),#7848);
#13=STYLED_ITEM('',(#7867),#14);
#14=MANIFOLD_SOLID_BREP('Wallmount',#2452);
#15=TOROIDAL_SURFACE('',#2525,0.75,0.25);
#16=TOROIDAL_SURFACE('',#2532,4.25,0.25);
#17=TOROIDAL_SURFACE('',#2538,0.75,0.25);
#18=TOROIDAL_SURFACE('',#2559,4.25,0.25);
#19=TOROIDAL_SURFACE('',#2564,0.75,0.25);
#20=TOROIDAL_SURFACE('',#2582,9.5,0.5);
#21=TOROIDAL_SURFACE('',#2593,0.75,0.25);
#22=TOROIDAL_SURFACE('',#2598,9.5,0.5);
#23=B_SPLINE_CURVE_WITH_KNOTS('',3,(#7448,#7449,#7450,#7451,#7452,#7453,
#7454,#7455,#7456,#7457,#7458,#7459,#7460,#7461,#7462,#7463,#7464,#7465),
 .UNSPECIFIED.,.F.,.F.,(4,2,2,2,2,2,2,2,4),(0.,0.000173109476347824,0.000346218952695647,
0.000692437905391294,0.00276610434623069,0.0117267977236692,0.0252503785239545,
0.0387739593242398,0.0525664973102542),.UNSPECIFIED.);
#24=B_SPLINE_CURVE_WITH_KNOTS('',3,(#7467,#7468,#7469,#7470,#7471,#7472,
#7473,#7474),.UNSPECIFIED.,.F.,.F.,(4,2,2,4),(-0.0456207576543413,-0.040019182040745,
-0.0284970813434006,-0.0253690562091537),.UNSPECIFIED.);
#25=B_SPLINE_CURVE_WITH_KNOTS('',3,(#7475,#7476,#7477,#7478,#7479,#7480,
#7481,#7482,#7483,#7484),.UNSPECIFIED.,.F.,.F.,(4,2,2,2,4),(0.286580064619187,
0.289893058775198,0.312563395344359,0.345827802749548,0.379092210154737),
 .UNSPECIFIED.);
#26=B_SPLINE_CURVE_WITH_KNOTS('',3,(#7495,#7496,#7497,#7498,#7499,#7500,
#7501,#7502,#7503,#7504),.UNSPECIFIED.,.F.,.F.,(4,2,2,2,4),(0.,0.0332644074051891,
0.0665288148103783,0.0891991513795389,0.0925121455355504),.UNSPECIFIED.);
#27=B_SPLINE_CURVE_WITH_KNOTS('',3,(#7506,#7507,#7508,#7509,#7510,#7511),
 .UNSPECIFIED.,.F.,.F.,(4,2,4),(-0.0266397221459399,-0.0156372874401053,
-0.006358157059363),.UNSPECIFIED.);
#28=B_SPLINE_CURVE_WITH_KNOTS('',3,(#7513,#7514,#7515,#7516,#7517,#7518,
#7519,#7520,#7521,#7522,#7523,#7524,#7525,#7526,#7527,#7528,#7529,#7530),
 .UNSPECIFIED.,.F.,.F.,(4,2,2,2,2,2,2,2,4),(0.0630046945247671,0.0767972325107795,
0.090320813311059,0.103844394111338,0.112805087488768,0.114878753929586,
0.11522497288228,0.115398082358626,0.115571191834973),.UNSPECIFIED.);
#29=CYLINDRICAL_SURFACE('',#2507,0.25);
#30=CYLINDRICAL_SURFACE('',#2510,10.);
#31=CYLINDRICAL_SURFACE('',#2513,1.);
#32=CYLINDRICAL_SURFACE('',#2517,1.);
#33=CYLINDRICAL_SURFACE('',#2519,10.);
#34=CYLINDRICAL_SURFACE('',#2522,0.5);
#35=CYLINDRICAL_SURFACE('',#2530,0.25);
#36=CYLINDRICAL_SURFACE('',#2536,0.25);
#37=CYLINDRICAL_SURFACE('',#2542,0.25);
#38=CYLINDRICAL_SURFACE('',#2545,1.);
#39=CYLINDRICAL_SURFACE('',#2548,4.);
#40=CYLINDRICAL_SURFACE('',#2552,4.);
#41=CYLINDRICAL_SURFACE('',#2556,0.25);
#42=CYLINDRICAL_SURFACE('',#2562,0.25);
#43=CYLINDRICAL_SURFACE('',#2568,0.5);
#44=CYLINDRICAL_SURFACE('',#2571,0.25);
#45=CYLINDRICAL_SURFACE('',#2575,0.25);
#46=CYLINDRICAL_SURFACE('',#2576,1.);
#47=CYLINDRICAL_SURFACE('',#2578,1.);
#48=CYLINDRICAL_SURFACE('',#2580,0.25);
#49=CYLINDRICAL_SURFACE('',#2591,1.);
#50=CYLINDRICAL_SURFACE('',#2601,7.500001225358);
#51=CYLINDRICAL_SURFACE('',#2604,7.499999518251);
#52=CYLINDRICAL_SURFACE('',#2611,7.553356614391);
#53=CYLINDRICAL_SURFACE('',#2612,7.499997811146);
#54=CYLINDRICAL_SURFACE('',#2617,0.5);
#55=CYLINDRICAL_SURFACE('',#2620,0.25);
#56=CYLINDRICAL_SURFACE('',#2623,0.25);
#57=CYLINDRICAL_SURFACE('',#2626,0.5);
#58=CYLINDRICAL_SURFACE('',#2632,0.5);
#59=CYLINDRICAL_SURFACE('',#2640,0.5);
#60=CIRCLE('',#2484,7.553356614391);
#61=CIRCLE('',#2485,7.499997811146);
#62=CIRCLE('',#2486,7.499999518251);
#63=CIRCLE('',#2487,1.);
#64=CIRCLE('',#2488,1.);
#65=CIRCLE('',#2489,7.500001225358);
#66=CIRCLE('',#2491,10.);
#67=CIRCLE('',#2492,1.);
#68=CIRCLE('',#2493,1.);
#69=CIRCLE('',#2494,10.);
#70=CIRCLE('',#2495,0.25);
#71=CIRCLE('',#2496,0.5);
#72=CIRCLE('',#2497,0.5);
#73=CIRCLE('',#2498,0.25);
#74=CIRCLE('',#2506,0.25);
#75=CIRCLE('',#2508,0.250000000000004);
#76=CIRCLE('',#2511,10.);
#77=CIRCLE('',#2520,10.);
#78=CIRCLE('',#2523,0.5);
#79=CIRCLE('',#2524,0.5);
#80=CIRCLE('',#2526,0.250000000000001);
#81=CIRCLE('',#2527,1.);
#82=CIRCLE('',#2528,0.25);
#83=CIRCLE('',#2529,0.75);
#84=CIRCLE('',#2531,0.249999999999995);
#85=CIRCLE('',#2533,4.25);
#86=CIRCLE('',#2534,0.25);
#87=CIRCLE('',#2535,4.);
#88=CIRCLE('',#2537,0.25);
#89=CIRCLE('',#2539,0.25);
#90=CIRCLE('',#2540,1.);
#91=CIRCLE('',#2541,0.75);
#92=CIRCLE('',#2543,0.25);
#93=CIRCLE('',#2546,1.);
#94=CIRCLE('',#2549,4.);
#95=CIRCLE('',#2553,4.);
#96=CIRCLE('',#2554,4.);
#97=CIRCLE('',#2557,0.25);
#98=CIRCLE('',#2558,0.25);
#99=CIRCLE('',#2560,0.25);
#100=CIRCLE('',#2561,4.25);
#101=CIRCLE('',#2563,0.25);
#102=CIRCLE('',#2565,0.249999999999999);
#103=CIRCLE('',#2566,1.);
#104=CIRCLE('',#2567,0.75);
#105=CIRCLE('',#2569,0.5);
#106=CIRCLE('',#2570,0.500000000000007);
#107=CIRCLE('',#2572,0.249999999999999);
#108=CIRCLE('',#2573,0.249999999999999);
#109=CIRCLE('',#2574,0.25);
#110=CIRCLE('',#2577,1.);
#111=CIRCLE('',#2579,1.);
#112=CIRCLE('',#2581,0.25);
#113=CIRCLE('',#2583,0.5);
#114=CIRCLE('',#2584,9.5);
#115=CIRCLE('',#2587,7.499999518251);
#116=CIRCLE('',#2589,7.500001225358);
#117=CIRCLE('',#2590,1.);
#118=CIRCLE('',#2592,1.);
#119=CIRCLE('',#2594,0.250000000000004);
#120=CIRCLE('',#2595,0.75);
#121=CIRCLE('',#2597,9.5);
#122=CIRCLE('',#2599,0.5);
#123=CIRCLE('',#2609,0.5);
#124=CIRCLE('',#2610,7.553356614391);
#125=CIRCLE('',#2613,7.499997811146);
#126=CIRCLE('',#2615,0.5);
#127=CIRCLE('',#2618,0.5);
#128=CIRCLE('',#2619,0.250000000000004);
#129=CIRCLE('',#2624,0.250000000000004);
#130=CIRCLE('',#2625,0.5);
#131=FACE_BOUND('',#355,.T.);
#132=FACE_BOUND('',#376,.T.);
#133=FACE_BOUND('',#391,.T.);
#134=FACE_BOUND('',#392,.T.);
#135=FACE_BOUND('',#393,.T.);
#136=FACE_BOUND('',#394,.T.);
#137=FACE_BOUND('',#395,.T.);
#138=FACE_BOUND('',#397,.T.);
#139=FACE_BOUND('',#398,.T.);
#140=FACE_BOUND('',#482,.T.);
#141=FACE_BOUND('',#487,.T.);
#142=PLANE('',#2466);
#143=PLANE('',#2467);
#144=PLANE('',#2468);
#145=PLANE('',#2469);
#146=PLANE('',#2470);
#147=PLANE('',#2471);
#148=PLANE('',#2472);
#149=PLANE('',#2473);
#150=PLANE('',#2474);
#151=PLANE('',#2475);
#152=PLANE('',#2476);
#153=PLANE('',#2477);
#154=PLANE('',#2478);
#155=PLANE('',#2479);
#156=PLANE('',#2480);
#157=PLANE('',#2481);
#158=PLANE('',#2482);
#159=PLANE('',#2483);
#160=PLANE('',#2490);
#161=PLANE('',#2499);
#162=PLANE('',#2500);
#163=PLANE('',#2501);
#164=PLANE('',#2502);
#165=PLANE('',#2503);
#166=PLANE('',#2504);
#167=PLANE('',#2505);
#168=PLANE('',#2509);
#169=PLANE('',#2512);
#170=PLANE('',#2514);
#171=PLANE('',#2515);
#172=PLANE('',#2516);
#173=PLANE('',#2518);
#174=PLANE('',#2521);
#175=PLANE('',#2544);
#176=PLANE('',#2547);
#177=PLANE('',#2550);
#178=PLANE('',#2551);
#179=PLANE('',#2555);
#180=PLANE('',#2585);
#181=PLANE('',#2586);
#182=PLANE('',#2588);
#183=PLANE('',#2596);
#184=PLANE('',#2600);
#185=PLANE('',#2602);
#186=PLANE('',#2603);
#187=PLANE('',#2605);
#188=PLANE('',#2606);
#189=PLANE('',#2607);
#190=PLANE('',#2608);
#191=PLANE('',#2614);
#192=PLANE('',#2616);
#193=PLANE('',#2621);
#194=PLANE('',#2622);
#195=PLANE('',#2627);
#196=PLANE('',#2628);
#197=PLANE('',#2629);
#198=PLANE('',#2630);
#199=PLANE('',#2631);
#200=PLANE('',#2633);
#201=PLANE('',#2634);
#202=PLANE('',#2635);
#203=PLANE('',#2636);
#204=PLANE('',#2637);
#205=PLANE('',#2638);
#206=PLANE('',#2639);
#207=PLANE('',#2641);
#208=FACE_OUTER_BOUND('',#344,.T.);
#209=FACE_OUTER_BOUND('',#345,.T.);
#210=FACE_OUTER_BOUND('',#346,.T.);
#211=FACE_OUTER_BOUND('',#347,.T.);
#212=FACE_OUTER_BOUND('',#348,.T.);
#213=FACE_OUTER_BOUND('',#349,.T.);
#214=FACE_OUTER_BOUND('',#350,.T.);
#215=FACE_OUTER_BOUND('',#351,.T.);
#216=FACE_OUTER_BOUND('',#352,.T.);
#217=FACE_OUTER_BOUND('',#353,.T.);
#218=FACE_OUTER_BOUND('',#354,.T.);
#219=FACE_OUTER_BOUND('',#356,.T.);
#220=FACE_OUTER_BOUND('',#357,.T.);
#221=FACE_OUTER_BOUND('',#358,.T.);
#222=FACE_OUTER_BOUND('',#359,.T.);
#223=FACE_OUTER_BOUND('',#360,.T.);
#224=FACE_OUTER_BOUND('',#361,.T.);
#225=FACE_OUTER_BOUND('',#362,.T.);
#226=FACE_OUTER_BOUND('',#363,.T.);
#227=FACE_OUTER_BOUND('',#364,.T.);
#228=FACE_OUTER_BOUND('',#365,.T.);
#229=FACE_OUTER_BOUND('',#366,.T.);
#230=FACE_OUTER_BOUND('',#367,.T.);
#231=FACE_OUTER_BOUND('',#368,.T.);
#232=FACE_OUTER_BOUND('',#369,.T.);
#233=FACE_OUTER_BOUND('',#370,.T.);
#234=FACE_OUTER_BOUND('',#371,.T.);
#235=FACE_OUTER_BOUND('',#372,.T.);
#236=FACE_OUTER_BOUND('',#373,.T.);
#237=FACE_OUTER_BOUND('',#374,.T.);
#238=FACE_OUTER_BOUND('',#375,.T.);
#239=FACE_OUTER_BOUND('',#377,.T.);
#240=FACE_OUTER_BOUND('',#378,.T.);
#241=FACE_OUTER_BOUND('',#379,.T.);
#242=FACE_OUTER_BOUND('',#380,.T.);
#243=FACE_OUTER_BOUND('',#381,.T.);
#244=FACE_OUTER_BOUND('',#382,.T.);
#245=FACE_OUTER_BOUND('',#383,.T.);
#246=FACE_OUTER_BOUND('',#384,.T.);
#247=FACE_OUTER_BOUND('',#385,.T.);
#248=FACE_OUTER_BOUND('',#386,.T.);
#249=FACE_OUTER_BOUND('',#387,.T.);
#250=FACE_OUTER_BOUND('',#388,.T.);
#251=FACE_OUTER_BOUND('',#389,.T.);
#252=FACE_OUTER_BOUND('',#390,.T.);
#253=FACE_OUTER_BOUND('',#396,.T.);
#254=FACE_OUTER_BOUND('',#399,.T.);
#255=FACE_OUTER_BOUND('',#400,.T.);
#256=FACE_OUTER_BOUND('',#401,.T.);
#257=FACE_OUTER_BOUND('',#402,.T.);
#258=FACE_OUTER_BOUND('',#403,.T.);
#259=FACE_OUTER_BOUND('',#404,.T.);
#260=FACE_OUTER_BOUND('',#405,.T.);
#261=FACE_OUTER_BOUND('',#406,.T.);
#262=FACE_OUTER_BOUND('',#407,.T.);
#263=FACE_OUTER_BOUND('',#408,.T.);
#264=FACE_OUTER_BOUND('',#409,.T.);
#265=FACE_OUTER_BOUND('',#410,.T.);
#266=FACE_OUTER_BOUND('',#411,.T.);
#267=FACE_OUTER_BOUND('',#412,.T.);
#268=FACE_OUTER_BOUND('',#413,.T.);
#269=FACE_OUTER_BOUND('',#414,.T.);
#270=FACE_OUTER_BOUND('',#415,.T.);
#271=FACE_OUTER_BOUND('',#416,.T.);
#272=FACE_OUTER_BOUND('',#417,.T.);
#273=FACE_OUTER_BOUND('',#418,.T.);
#274=FACE_OUTER_BOUND('',#419,.T.);
#275=FACE_OUTER_BOUND('',#420,.T.);
#276=FACE_OUTER_BOUND('',#421,.T.);
#277=FACE_OUTER_BOUND('',#422,.T.);
#278=FACE_OUTER_BOUND('',#423,.T.);
#279=FACE_OUTER_BOUND('',#424,.T.);
#280=FACE_OUTER_BOUND('',#425,.T.);
#281=FACE_OUTER_BOUND('',#426,.T.);
#282=FACE_OUTER_BOUND('',#427,.T.);
#283=FACE_OUTER_BOUND('',#428,.T.);
#284=FACE_OUTER_BOUND('',#429,.T.);
#285=FACE_OUTER_BOUND('',#430,.T.);
#286=FACE_OUTER_BOUND('',#431,.T.);
#287=FACE_OUTER_BOUND('',#432,.T.);
#288=FACE_OUTER_BOUND('',#433,.T.);
#289=FACE_OUTER_BOUND('',#434,.T.);
#290=FACE_OUTER_BOUND('',#435,.T.);
#291=FACE_OUTER_BOUND('',#436,.T.);
#292=FACE_OUTER_BOUND('',#437,.T.);
#293=FACE_OUTER_BOUND('',#438,.T.);
#294=FACE_OUTER_BOUND('',#439,.T.);
#295=FACE_OUTER_BOUND('',#440,.T.);
#296=FACE_OUTER_BOUND('',#441,.T.);
#297=FACE_OUTER_BOUND('',#442,.T.);
#298=FACE_OUTER_BOUND('',#443,.T.);
#299=FACE_OUTER_BOUND('',#444,.T.);
#300=FACE_OUTER_BOUND('',#445,.T.);
#301=FACE_OUTER_BOUND('',#446,.T.);
#302=FACE_OUTER_BOUND('',#447,.T.);
#303=FACE_OUTER_BOUND('',#448,.T.);
#304=FACE_OUTER_BOUND('',#449,.T.);
#305=FACE_OUTER_BOUND('',#450,.T.);
#306=FACE_OUTER_BOUND('',#451,.T.);
#307=FACE_OUTER_BOUND('',#452,.T.);
#308=FACE_OUTER_BOUND('',#453,.T.);
#309=FACE_OUTER_BOUND('',#454,.T.);
#310=FACE_OUTER_BOUND('',#455,.T.);
#311=FACE_OUTER_BOUND('',#456,.T.);
#312=FACE_OUTER_BOUND('',#457,.T.);
#313=FACE_OUTER_BOUND('',#458,.T.);
#314=FACE_OUTER_BOUND('',#459,.T.);
#315=FACE_OUTER_BOUND('',#460,.T.);
#316=FACE_OUTER_BOUND('',#461,.T.);
#317=FACE_OUTER_BOUND('',#462,.T.);
#318=FACE_OUTER_BOUND('',#463,.T.);
#319=FACE_OUTER_BOUND('',#464,.T.);
#320=FACE_OUTER_BOUND('',#465,.T.);
#321=FACE_OUTER_BOUND('',#466,.T.);
#322=FACE_OUTER_BOUND('',#467,.T.);
#323=FACE_OUTER_BOUND('',#468,.T.);
#324=FACE_OUTER_BOUND('',#469,.T.);
#325=FACE_OUTER_BOUND('',#470,.T.);
#326=FACE_OUTER_BOUND('',#471,.T.);
#327=FACE_OUTER_BOUND('',#472,.T.);
#328=FACE_OUTER_BOUND('',#473,.T.);
#329=FACE_OUTER_BOUND('',#474,.T.);
#330=FACE_OUTER_BOUND('',#475,.T.);
#331=FACE_OUTER_BOUND('',#476,.T.);
#332=FACE_OUTER_BOUND('',#477,.T.);
#333=FACE_OUTER_BOUND('',#478,.T.);
#334=FACE_OUTER_BOUND('',#479,.T.);
#335=FACE_OUTER_BOUND('',#480,.T.);
#336=FACE_OUTER_BOUND('',#481,.T.);
#337=FACE_OUTER_BOUND('',#483,.T.);
#338=FACE_OUTER_BOUND('',#484,.T.);
#339=FACE_OUTER_BOUND('',#485,.T.);
#340=FACE_OUTER_BOUND('',#486,.T.);
#341=FACE_OUTER_BOUND('',#488,.T.);
#342=FACE_OUTER_BOUND('',#489,.T.);
#343=FACE_OUTER_BOUND('',#490,.T.);
#344=EDGE_LOOP('',(#1575,#1576,#1577,#1578));
#345=EDGE_LOOP('',(#1579,#1580,#1581,#1582));
#346=EDGE_LOOP('',(#1583,#1584,#1585,#1586));
#347=EDGE_LOOP('',(#1587,#1588,#1589,#1590));
#348=EDGE_LOOP('',(#1591,#1592,#1593,#1594));
#349=EDGE_LOOP('',(#1595,#1596,#1597,#1598));
#350=EDGE_LOOP('',(#1599,#1600,#1601,#1602));
#351=EDGE_LOOP('',(#1603,#1604,#1605,#1606));
#352=EDGE_LOOP('',(#1607,#1608,#1609,#1610));
#353=EDGE_LOOP('',(#1611,#1612,#1613,#1614));
#354=EDGE_LOOP('',(#1615,#1616,#1617,#1618,#1619,#1620,#1621,#1622));
#355=EDGE_LOOP('',(#1623,#1624));
#356=EDGE_LOOP('',(#1625,#1626,#1627,#1628));
#357=EDGE_LOOP('',(#1629,#1630,#1631,#1632));
#358=EDGE_LOOP('',(#1633,#1634,#1635,#1636));
#359=EDGE_LOOP('',(#1637,#1638,#1639));
#360=EDGE_LOOP('',(#1640,#1641,#1642,#1643));
#361=EDGE_LOOP('',(#1644,#1645,#1646,#1647));
#362=EDGE_LOOP('',(#1648,#1649,#1650,#1651));
#363=EDGE_LOOP('',(#1652,#1653,#1654,#1655));
#364=EDGE_LOOP('',(#1656,#1657,#1658,#1659));
#365=EDGE_LOOP('',(#1660,#1661,#1662,#1663));
#366=EDGE_LOOP('',(#1664,#1665,#1666,#1667));
#367=EDGE_LOOP('',(#1668,#1669,#1670,#1671));
#368=EDGE_LOOP('',(#1672,#1673,#1674,#1675));
#369=EDGE_LOOP('',(#1676,#1677,#1678,#1679));
#370=EDGE_LOOP('',(#1680,#1681,#1682,#1683));
#371=EDGE_LOOP('',(#1684,#1685,#1686,#1687));
#372=EDGE_LOOP('',(#1688,#1689,#1690,#1691));
#373=EDGE_LOOP('',(#1692,#1693,#1694,#1695));
#374=EDGE_LOOP('',(#1696,#1697,#1698,#1699));
#375=EDGE_LOOP('',(#1700,#1701,#1702,#1703,#1704,#1705,#1706,#1707,#1708,
#1709,#1710,#1711,#1712,#1713));
#376=EDGE_LOOP('',(#1714));
#377=EDGE_LOOP('',(#1715,#1716));
#378=EDGE_LOOP('',(#1717));
#379=EDGE_LOOP('',(#1718,#1719));
#380=EDGE_LOOP('',(#1720,#1721,#1722,#1723));
#381=EDGE_LOOP('',(#1724,#1725,#1726,#1727));
#382=EDGE_LOOP('',(#1728,#1729,#1730,#1731));
#383=EDGE_LOOP('',(#1732,#1733,#1734,#1735));
#384=EDGE_LOOP('',(#1736,#1737,#1738,#1739));
#385=EDGE_LOOP('',(#1740,#1741,#1742,#1743));
#386=EDGE_LOOP('',(#1744,#1745,#1746,#1747));
#387=EDGE_LOOP('',(#1748,#1749,#1750,#1751));
#388=EDGE_LOOP('',(#1752,#1753,#1754,#1755));
#389=EDGE_LOOP('',(#1756,#1757,#1758,#1759));
#390=EDGE_LOOP('',(#1760,#1761,#1762,#1763,#1764,#1765,#1766,#1767,#1768,
#1769,#1770,#1771,#1772,#1773,#1774,#1775,#1776,#1777,#1778,#1779,#1780,
#1781,#1782,#1783,#1784,#1785,#1786,#1787,#1788,#1789));
#391=EDGE_LOOP('',(#1790,#1791,#1792));
#392=EDGE_LOOP('',(#1793,#1794,#1795));
#393=EDGE_LOOP('',(#1796,#1797,#1798,#1799,#1800,#1801,#1802,#1803,#1804,
#1805,#1806,#1807));
#394=EDGE_LOOP('',(#1808,#1809,#1810));
#395=EDGE_LOOP('',(#1811,#1812,#1813,#1814,#1815,#1816,#1817,#1818));
#396=EDGE_LOOP('',(#1819,#1820,#1821,#1822,#1823,#1824,#1825,#1826,#1827,
#1828,#1829,#1830,#1831,#1832,#1833,#1834,#1835,#1836,#1837,#1838,#1839,
#1840,#1841,#1842,#1843,#1844,#1845,#1846,#1847,#1848));
#397=EDGE_LOOP('',(#1849,#1850,#1851));
#398=EDGE_LOOP('',(#1852,#1853,#1854));
#399=EDGE_LOOP('',(#1855,#1856,#1857,#1858));
#400=EDGE_LOOP('',(#1859,#1860,#1861,#1862));
#401=EDGE_LOOP('',(#1863,#1864,#1865,#1866));
#402=EDGE_LOOP('',(#1867,#1868,#1869,#1870));
#403=EDGE_LOOP('',(#1871,#1872,#1873,#1874));
#404=EDGE_LOOP('',(#1875,#1876,#1877,#1878));
#405=EDGE_LOOP('',(#1879,#1880,#1881,#1882,#1883,#1884,#1885,#1886,#1887));
#406=EDGE_LOOP('',(#1888,#1889,#1890,#1891));
#407=EDGE_LOOP('',(#1892,#1893,#1894,#1895));
#408=EDGE_LOOP('',(#1896,#1897,#1898,#1899));
#409=EDGE_LOOP('',(#1900,#1901,#1902,#1903));
#410=EDGE_LOOP('',(#1904,#1905,#1906,#1907,#1908,#1909,#1910,#1911));
#411=EDGE_LOOP('',(#1912,#1913,#1914,#1915));
#412=EDGE_LOOP('',(#1916,#1917,#1918,#1919));
#413=EDGE_LOOP('',(#1920,#1921,#1922,#1923));
#414=EDGE_LOOP('',(#1924,#1925,#1926,#1927,#1928,#1929,#1930,#1931));
#415=EDGE_LOOP('',(#1932,#1933,#1934,#1935));
#416=EDGE_LOOP('',(#1936,#1937,#1938,#1939));
#417=EDGE_LOOP('',(#1940,#1941,#1942,#1943));
#418=EDGE_LOOP('',(#1944,#1945,#1946,#1947));
#419=EDGE_LOOP('',(#1948,#1949,#1950,#1951));
#420=EDGE_LOOP('',(#1952,#1953,#1954,#1955));
#421=EDGE_LOOP('',(#1956,#1957,#1958,#1959));
#422=EDGE_LOOP('',(#1960,#1961,#1962,#1963));
#423=EDGE_LOOP('',(#1964,#1965,#1966,#1967));
#424=EDGE_LOOP('',(#1968,#1969,#1970,#1971));
#425=EDGE_LOOP('',(#1972,#1973,#1974,#1975));
#426=EDGE_LOOP('',(#1976,#1977,#1978,#1979));
#427=EDGE_LOOP('',(#1980,#1981,#1982,#1983));
#428=EDGE_LOOP('',(#1984,#1985,#1986,#1987));
#429=EDGE_LOOP('',(#1988,#1989,#1990,#1991));
#430=EDGE_LOOP('',(#1992,#1993,#1994,#1995));
#431=EDGE_LOOP('',(#1996,#1997,#1998,#1999));
#432=EDGE_LOOP('',(#2000,#2001,#2002,#2003));
#433=EDGE_LOOP('',(#2004,#2005,#2006,#2007));
#434=EDGE_LOOP('',(#2008,#2009,#2010,#2011));
#435=EDGE_LOOP('',(#2012,#2013,#2014,#2015));
#436=EDGE_LOOP('',(#2016,#2017,#2018,#2019));
#437=EDGE_LOOP('',(#2020,#2021,#2022,#2023));
#438=EDGE_LOOP('',(#2024,#2025,#2026,#2027));
#439=EDGE_LOOP('',(#2028,#2029,#2030,#2031));
#440=EDGE_LOOP('',(#2032,#2033,#2034,#2035));
#441=EDGE_LOOP('',(#2036,#2037,#2038,#2039));
#442=EDGE_LOOP('',(#2040,#2041,#2042,#2043));
#443=EDGE_LOOP('',(#2044,#2045,#2046,#2047));
#444=EDGE_LOOP('',(#2048,#2049,#2050,#2051));
#445=EDGE_LOOP('',(#2052,#2053,#2054,#2055));
#446=EDGE_LOOP('',(#2056,#2057,#2058,#2059,#2060,#2061,#2062,#2063,#2064,
#2065,#2066));
#447=EDGE_LOOP('',(#2067,#2068,#2069,#2070,#2071,#2072,#2073,#2074,#2075,
#2076,#2077));
#448=EDGE_LOOP('',(#2078,#2079,#2080,#2081,#2082,#2083,#2084,#2085,#2086,
#2087));
#449=EDGE_LOOP('',(#2088,#2089,#2090,#2091));
#450=EDGE_LOOP('',(#2092,#2093,#2094,#2095));
#451=EDGE_LOOP('',(#2096,#2097,#2098,#2099,#2100,#2101,#2102,#2103,#2104,
#2105));
#452=EDGE_LOOP('',(#2106,#2107,#2108,#2109));
#453=EDGE_LOOP('',(#2110,#2111,#2112,#2113));
#454=EDGE_LOOP('',(#2114,#2115,#2116,#2117));
#455=EDGE_LOOP('',(#2118,#2119,#2120,#2121));
#456=EDGE_LOOP('',(#2122,#2123,#2124,#2125));
#457=EDGE_LOOP('',(#2126,#2127,#2128,#2129));
#458=EDGE_LOOP('',(#2130,#2131,#2132,#2133));
#459=EDGE_LOOP('',(#2134,#2135,#2136,#2137,#2138,#2139,#2140,#2141,#2142));
#460=EDGE_LOOP('',(#2143,#2144,#2145,#2146));
#461=EDGE_LOOP('',(#2147,#2148,#2149,#2150,#2151,#2152));
#462=EDGE_LOOP('',(#2153,#2154,#2155,#2156));
#463=EDGE_LOOP('',(#2157,#2158,#2159,#2160));
#464=EDGE_LOOP('',(#2161,#2162,#2163,#2164,#2165,#2166));
#465=EDGE_LOOP('',(#2167,#2168,#2169,#2170));
#466=EDGE_LOOP('',(#2171,#2172,#2173,#2174,#2175));
#467=EDGE_LOOP('',(#2176,#2177,#2178));
#468=EDGE_LOOP('',(#2179,#2180,#2181,#2182,#2183));
#469=EDGE_LOOP('',(#2184,#2185,#2186,#2187,#2188,#2189));
#470=EDGE_LOOP('',(#2190,#2191,#2192,#2193,#2194,#2195));
#471=EDGE_LOOP('',(#2196,#2197,#2198,#2199,#2200));
#472=EDGE_LOOP('',(#2201,#2202,#2203));
#473=EDGE_LOOP('',(#2204,#2205,#2206,#2207,#2208));
#474=EDGE_LOOP('',(#2209,#2210,#2211,#2212));
#475=EDGE_LOOP('',(#2213,#2214,#2215,#2216));
#476=EDGE_LOOP('',(#2217,#2218,#2219,#2220));
#477=EDGE_LOOP('',(#2221,#2222,#2223,#2224));
#478=EDGE_LOOP('',(#2225,#2226,#2227,#2228,#2229,#2230));
#479=EDGE_LOOP('',(#2231,#2232,#2233,#2234));
#480=EDGE_LOOP('',(#2235,#2236,#2237,#2238));
#481=EDGE_LOOP('',(#2239,#2240,#2241,#2242,#2243,#2244));
#482=EDGE_LOOP('',(#2245,#2246,#2247,#2248));
#483=EDGE_LOOP('',(#2249,#2250,#2251,#2252));
#484=EDGE_LOOP('',(#2253,#2254,#2255,#2256));
#485=EDGE_LOOP('',(#2257,#2258,#2259,#2260));
#486=EDGE_LOOP('',(#2261,#2262,#2263,#2264,#2265,#2266));
#487=EDGE_LOOP('',(#2267,#2268,#2269,#2270));
#488=EDGE_LOOP('',(#2271,#2272,#2273,#2274));
#489=EDGE_LOOP('',(#2275,#2276,#2277,#2278));
#490=EDGE_LOOP('',(#2279,#2280,#2281,#2282,#2283,#2284));
#491=LINE('',#3299,#715);
#492=LINE('',#3326,#716);
#493=LINE('',#3525,#717);
#494=LINE('',#3572,#718);
#495=LINE('',#3620,#719);
#496=LINE('',#3683,#720);
#497=LINE('',#3806,#721);
#498=LINE('',#3889,#722);
#499=LINE('',#3907,#723);
#500=LINE('',#3909,#724);
#501=LINE('',#3910,#725);
#502=LINE('',#4258,#726);
#503=LINE('',#4653,#727);
#504=LINE('',#4700,#728);
#505=LINE('',#4853,#729);
#506=LINE('',#5202,#730);
#507=LINE('',#5269,#731);
#508=LINE('',#5277,#732);
#509=LINE('',#5529,#733);
#510=LINE('',#5605,#734);
#511=LINE('',#5656,#735);
#512=LINE('',#5780,#736);
#513=LINE('',#5923,#737);
#514=LINE('',#6066,#738);
#515=LINE('',#6299,#739);
#516=LINE('',#6427,#740);
#517=LINE('',#6615,#741);
#518=LINE('',#6718,#742);
#519=LINE('',#6841,#743);
#520=LINE('',#6999,#744);
#521=LINE('',#7207,#745);
#522=LINE('',#7209,#746);
#523=LINE('',#7211,#747);
#524=LINE('',#7212,#748);
#525=LINE('',#7215,#749);
#526=LINE('',#7217,#750);
#527=LINE('',#7218,#751);
#528=LINE('',#7221,#752);
#529=LINE('',#7223,#753);
#530=LINE('',#7224,#754);
#531=LINE('',#7226,#755);
#532=LINE('',#7227,#756);
#533=LINE('',#7232,#757);
#534=LINE('',#7234,#758);
#535=LINE('',#7236,#759);
#536=LINE('',#7237,#760);
#537=LINE('',#7240,#761);
#538=LINE('',#7242,#762);
#539=LINE('',#7243,#763);
#540=LINE('',#7246,#764);
#541=LINE('',#7248,#765);
#542=LINE('',#7249,#766);
#543=LINE('',#7251,#767);
#544=LINE('',#7252,#768);
#545=LINE('',#7257,#769);
#546=LINE('',#7259,#770);
#547=LINE('',#7261,#771);
#548=LINE('',#7263,#772);
#549=LINE('',#7265,#773);
#550=LINE('',#7267,#774);
#551=LINE('',#7271,#775);
#552=LINE('',#7273,#776);
#553=LINE('',#7275,#777);
#554=LINE('',#7277,#778);
#555=LINE('',#7279,#779);
#556=LINE('',#7283,#780);
#557=LINE('',#7285,#781);
#558=LINE('',#7287,#782);
#559=LINE('',#7289,#783);
#560=LINE('',#7291,#784);
#561=LINE('',#7293,#785);
#562=LINE('',#7297,#786);
#563=LINE('',#7299,#787);
#564=LINE('',#7303,#788);
#565=LINE('',#7305,#789);
#566=LINE('',#7307,#790);
#567=LINE('',#7311,#791);
#568=LINE('',#7313,#792);
#569=LINE('',#7317,#793);
#570=LINE('',#7319,#794);
#571=LINE('',#7320,#795);
#572=LINE('',#7323,#796);
#573=LINE('',#7325,#797);
#574=LINE('',#7326,#798);
#575=LINE('',#7330,#799);
#576=LINE('',#7334,#800);
#577=LINE('',#7338,#801);
#578=LINE('',#7340,#802);
#579=LINE('',#7342,#803);
#580=LINE('',#7346,#804);
#581=LINE('',#7350,#805);
#582=LINE('',#7354,#806);
#583=LINE('',#7356,#807);
#584=LINE('',#7358,#808);
#585=LINE('',#7360,#809);
#586=LINE('',#7364,#810);
#587=LINE('',#7366,#811);
#588=LINE('',#7368,#812);
#589=LINE('',#7370,#813);
#590=LINE('',#7372,#814);
#591=LINE('',#7374,#815);
#592=LINE('',#7376,#816);
#593=LINE('',#7380,#817);
#594=LINE('',#7382,#818);
#595=LINE('',#7384,#819);
#596=LINE('',#7386,#820);
#597=LINE('',#7390,#821);
#598=LINE('',#7392,#822);
#599=LINE('',#7393,#823);
#600=LINE('',#7396,#824);
#601=LINE('',#7398,#825);
#602=LINE('',#7399,#826);
#603=LINE('',#7401,#827);
#604=LINE('',#7402,#828);
#605=LINE('',#7404,#829);
#606=LINE('',#7406,#830);
#607=LINE('',#7407,#831);
#608=LINE('',#7409,#832);
#609=LINE('',#7411,#833);
#610=LINE('',#7412,#834);
#611=LINE('',#7414,#835);
#612=LINE('',#7417,#836);
#613=LINE('',#7421,#837);
#614=LINE('',#7423,#838);
#615=LINE('',#7425,#839);
#616=LINE('',#7426,#840);
#617=LINE('',#7429,#841);
#618=LINE('',#7433,#842);
#619=LINE('',#7434,#843);
#620=LINE('',#7437,#844);
#621=LINE('',#7441,#845);
#622=LINE('',#7442,#846);
#623=LINE('',#7444,#847);
#624=LINE('',#7446,#848);
#625=LINE('',#7486,#849);
#626=LINE('',#7488,#850);
#627=LINE('',#7490,#851);
#628=LINE('',#7493,#852);
#629=LINE('',#7531,#853);
#630=LINE('',#7534,#854);
#631=LINE('',#7535,#855);
#632=LINE('',#7538,#856);
#633=LINE('',#7542,#857);
#634=LINE('',#7543,#858);
#635=LINE('',#7549,#859);
#636=LINE('',#7560,#860);
#637=LINE('',#7563,#861);
#638=LINE('',#7572,#862);
#639=LINE('',#7575,#863);
#640=LINE('',#7584,#864);
#641=LINE('',#7587,#865);
#642=LINE('',#7590,#866);
#643=LINE('',#7592,#867);
#644=LINE('',#7593,#868);
#645=LINE('',#7597,#869);
#646=LINE('',#7600,#870);
#647=LINE('',#7601,#871);
#648=LINE('',#7605,#872);
#649=LINE('',#7608,#873);
#650=LINE('',#7609,#874);
#651=LINE('',#7613,#875);
#652=LINE('',#7615,#876);
#653=LINE('',#7617,#877);
#654=LINE('',#7618,#878);
#655=LINE('',#7624,#879);
#656=LINE('',#7627,#880);
#657=LINE('',#7629,#881);
#658=LINE('',#7630,#882);
#659=LINE('',#7636,#883);
#660=LINE('',#7644,#884);
#661=LINE('',#7655,#885);
#662=LINE('',#7659,#886);
#663=LINE('',#7674,#887);
#664=LINE('',#7675,#888);
#665=LINE('',#7678,#889);
#666=LINE('',#7684,#890);
#667=LINE('',#7700,#891);
#668=LINE('',#7701,#892);
#669=LINE('',#7704,#893);
#670=LINE('',#7706,#894);
#671=LINE('',#7709,#895);
#672=LINE('',#7712,#896);
#673=LINE('',#7714,#897);
#674=LINE('',#7718,#898);
#675=LINE('',#7720,#899);
#676=LINE('',#7725,#900);
#677=LINE('',#7732,#901);
#678=LINE('',#7734,#902);
#679=LINE('',#7739,#903);
#680=LINE('',#7740,#904);
#681=LINE('',#7742,#905);
#682=LINE('',#7744,#906);
#683=LINE('',#7746,#907);
#684=LINE('',#7747,#908);
#685=LINE('',#7749,#909);
#686=LINE('',#7752,#910);
#687=LINE('',#7756,#911);
#688=LINE('',#7757,#912);
#689=LINE('',#7758,#913);
#690=LINE('',#7764,#914);
#691=LINE('',#7766,#915);
#692=LINE('',#7768,#916);
#693=LINE('',#7770,#917);
#694=LINE('',#7773,#918);
#695=LINE('',#7776,#919);
#696=LINE('',#7782,#920);
#697=LINE('',#7783,#921);
#698=LINE('',#7785,#922);
#699=LINE('',#7786,#923);
#700=LINE('',#7788,#924);
#701=LINE('',#7802,#925);
#702=LINE('',#7805,#926);
#703=LINE('',#7822,#927);
#704=LINE('',#7824,#928);
#705=LINE('',#7826,#929);
#706=LINE('',#7828,#930);
#707=LINE('',#7830,#931);
#708=LINE('',#7832,#932);
#709=LINE('',#7834,#933);
#710=LINE('',#7836,#934);
#711=LINE('',#7838,#935);
#712=LINE('',#7840,#936);
#713=LINE('',#7842,#937);
#714=LINE('',#7844,#938);
#715=VECTOR('',#2644,10.);
#716=VECTOR('',#2645,10.);
#717=VECTOR('',#2646,10.);
#718=VECTOR('',#2647,10.);
#719=VECTOR('',#2648,10.);
#720=VECTOR('',#2649,10.);
#721=VECTOR('',#2650,10.);
#722=VECTOR('',#2651,10.);
#723=VECTOR('',#2654,10.);
#724=VECTOR('',#2655,10.);
#725=VECTOR('',#2656,10.);
#726=VECTOR('',#2657,10.);
#727=VECTOR('',#2660,10.);
#728=VECTOR('',#2661,10.);
#729=VECTOR('',#2662,10.);
#730=VECTOR('',#2665,10.);
#731=VECTOR('',#2666,10.);
#732=VECTOR('',#2667,10.);
#733=VECTOR('',#2668,10.);
#734=VECTOR('',#2669,10.);
#735=VECTOR('',#2670,10.);
#736=VECTOR('',#2671,10.);
#737=VECTOR('',#2672,10.);
#738=VECTOR('',#2673,10.);
#739=VECTOR('',#2674,10.);
#740=VECTOR('',#2675,10.);
#741=VECTOR('',#2676,10.);
#742=VECTOR('',#2677,10.);
#743=VECTOR('',#2678,10.);
#744=VECTOR('',#2679,10.);
#745=VECTOR('',#2690,10.);
#746=VECTOR('',#2691,10.);
#747=VECTOR('',#2692,10.);
#748=VECTOR('',#2693,10.);
#749=VECTOR('',#2696,10.);
#750=VECTOR('',#2697,10.);
#751=VECTOR('',#2698,10.);
#752=VECTOR('',#2701,10.);
#753=VECTOR('',#2702,10.);
#754=VECTOR('',#2703,10.);
#755=VECTOR('',#2706,10.);
#756=VECTOR('',#2707,10.);
#757=VECTOR('',#2712,10.);
#758=VECTOR('',#2713,10.);
#759=VECTOR('',#2714,10.);
#760=VECTOR('',#2715,10.);
#761=VECTOR('',#2718,10.);
#762=VECTOR('',#2719,10.);
#763=VECTOR('',#2720,10.);
#764=VECTOR('',#2723,10.);
#765=VECTOR('',#2724,10.);
#766=VECTOR('',#2725,10.);
#767=VECTOR('',#2728,10.);
#768=VECTOR('',#2729,10.);
#769=VECTOR('',#2734,1.00000000000049);
#770=VECTOR('',#2735,10.);
#771=VECTOR('',#2736,10.);
#772=VECTOR('',#2737,10.);
#773=VECTOR('',#2738,10.);
#774=VECTOR('',#2739,1.00000000000049);
#775=VECTOR('',#2742,10.);
#776=VECTOR('',#2743,10.);
#777=VECTOR('',#2744,10.);
#778=VECTOR('',#2745,10.);
#779=VECTOR('',#2746,10.);
#780=VECTOR('',#2749,1.);
#781=VECTOR('',#2750,10.);
#782=VECTOR('',#2751,10.);
#783=VECTOR('',#2752,10.);
#784=VECTOR('',#2753,10.);
#785=VECTOR('',#2754,1.);
#786=VECTOR('',#2757,1.0000000000003);
#787=VECTOR('',#2758,10.);
#788=VECTOR('',#2761,10.);
#789=VECTOR('',#2762,10.);
#790=VECTOR('',#2763,10.);
#791=VECTOR('',#2766,10.);
#792=VECTOR('',#2767,1.0000000000003);
#793=VECTOR('',#2770,10.);
#794=VECTOR('',#2771,10.);
#795=VECTOR('',#2772,10.);
#796=VECTOR('',#2773,10.);
#797=VECTOR('',#2774,10.);
#798=VECTOR('',#2775,10.);
#799=VECTOR('',#2778,10.);
#800=VECTOR('',#2781,10.);
#801=VECTOR('',#2784,10.);
#802=VECTOR('',#2785,10.);
#803=VECTOR('',#2786,10.);
#804=VECTOR('',#2789,10.);
#805=VECTOR('',#2792,10.);
#806=VECTOR('',#2795,10.);
#807=VECTOR('',#2796,10.);
#808=VECTOR('',#2797,10.);
#809=VECTOR('',#2798,10.);
#810=VECTOR('',#2801,10.);
#811=VECTOR('',#2802,10.);
#812=VECTOR('',#2803,10.);
#813=VECTOR('',#2804,10.);
#814=VECTOR('',#2805,10.);
#815=VECTOR('',#2806,10.);
#816=VECTOR('',#2807,10.);
#817=VECTOR('',#2810,10.);
#818=VECTOR('',#2811,10.);
#819=VECTOR('',#2812,10.);
#820=VECTOR('',#2813,10.);
#821=VECTOR('',#2816,10.);
#822=VECTOR('',#2817,10.);
#823=VECTOR('',#2818,10.);
#824=VECTOR('',#2819,10.);
#825=VECTOR('',#2820,10.);
#826=VECTOR('',#2821,10.);
#827=VECTOR('',#2824,10.);
#828=VECTOR('',#2825,10.);
#829=VECTOR('',#2828,10.);
#830=VECTOR('',#2831,10.);
#831=VECTOR('',#2832,10.);
#832=VECTOR('',#2835,10.);
#833=VECTOR('',#2838,10.);
#834=VECTOR('',#2839,10.);
#835=VECTOR('',#2842,10.);
#836=VECTOR('',#2845,10.);
#837=VECTOR('',#2848,10.);
#838=VECTOR('',#2849,10.);
#839=VECTOR('',#2850,10.);
#840=VECTOR('',#2851,10.);
#841=VECTOR('',#2854,10.);
#842=VECTOR('',#2859,10.);
#843=VECTOR('',#2860,10.);
#844=VECTOR('',#2863,10.);
#845=VECTOR('',#2868,10.);
#846=VECTOR('',#2869,10.);
#847=VECTOR('',#2872,10.);
#848=VECTOR('',#2873,10.);
#849=VECTOR('',#2876,10.);
#850=VECTOR('',#2879,10.);
#851=VECTOR('',#2882,10.);
#852=VECTOR('',#2885,10.);
#853=VECTOR('',#2886,10.);
#854=VECTOR('',#2889,10.);
#855=VECTOR('',#2890,10.);
#856=VECTOR('',#2893,10.);
#857=VECTOR('',#2898,10.);
#858=VECTOR('',#2899,10.);
#859=VECTOR('',#2906,10.);
#860=VECTOR('',#2919,10.);
#861=VECTOR('',#2922,10.);
#862=VECTOR('',#2933,10.);
#863=VECTOR('',#2936,10.);
#864=VECTOR('',#2947,10.);
#865=VECTOR('',#2950,10.);
#866=VECTOR('',#2953,10.);
#867=VECTOR('',#2954,10.);
#868=VECTOR('',#2955,10.);
#869=VECTOR('',#2960,10.);
#870=VECTOR('',#2963,10.);
#871=VECTOR('',#2964,10.);
#872=VECTOR('',#2969,10.);
#873=VECTOR('',#2972,10.);
#874=VECTOR('',#2973,10.);
#875=VECTOR('',#2976,10.);
#876=VECTOR('',#2977,10.);
#877=VECTOR('',#2978,10.);
#878=VECTOR('',#2979,10.);
#879=VECTOR('',#2986,10.);
#880=VECTOR('',#2989,10.);
#881=VECTOR('',#2990,10.);
#882=VECTOR('',#2991,10.);
#883=VECTOR('',#2998,10.);
#884=VECTOR('',#3009,10.);
#885=VECTOR('',#3022,10.);
#886=VECTOR('',#3027,10.);
#887=VECTOR('',#3036,10.);
#888=VECTOR('',#3037,10.);
#889=VECTOR('',#3040,10.);
#890=VECTOR('',#3051,10.);
#891=VECTOR('',#3060,10.);
#892=VECTOR('',#3061,10.);
#893=VECTOR('',#3064,10.);
#894=VECTOR('',#3065,1.0000000000003);
#895=VECTOR('',#3068,1.);
#896=VECTOR('',#3071,10.);
#897=VECTOR('',#3072,1.00000000000049);
#898=VECTOR('',#3075,1.0000000000003);
#899=VECTOR('',#3076,10.);
#900=VECTOR('',#3083,10.);
#901=VECTOR('',#3092,10.);
#902=VECTOR('',#3093,10.);
#903=VECTOR('',#3102,10.);
#904=VECTOR('',#3103,10.);
#905=VECTOR('',#3106,1.);
#906=VECTOR('',#3109,10.);
#907=VECTOR('',#3112,10.);
#908=VECTOR('',#3113,1.);
#909=VECTOR('',#3116,1.);
#910=VECTOR('',#3121,10.);
#911=VECTOR('',#3124,10.);
#912=VECTOR('',#3125,1.);
#913=VECTOR('',#3126,10.);
#914=VECTOR('',#3131,10.);
#915=VECTOR('',#3132,10.);
#916=VECTOR('',#3135,10.);
#917=VECTOR('',#3138,10.);
#918=VECTOR('',#3141,10.);
#919=VECTOR('',#3144,1.);
#920=VECTOR('',#3149,10.);
#921=VECTOR('',#3150,10.);
#922=VECTOR('',#3151,10.);
#923=VECTOR('',#3152,10.);
#924=VECTOR('',#3155,10.);
#925=VECTOR('',#3164,10.);
#926=VECTOR('',#3169,10.);
#927=VECTOR('',#3184,10.);
#928=VECTOR('',#3187,10.);
#929=VECTOR('',#3190,10.);
#930=VECTOR('',#3193,10.);
#931=VECTOR('',#3196,10.);
#932=VECTOR('',#3199,10.);
#933=VECTOR('',#3202,10.);
#934=VECTOR('',#3205,10.);
#935=VECTOR('',#3208,10.);
#936=VECTOR('',#3211,10.);
#937=VECTOR('',#3214,10.);
#938=VECTOR('',#3217,10.);
#939=(
BOUNDED_CURVE()
B_SPLINE_CURVE(5,(#3273,#3274,#3275,#3276,#3277,#3278,#3279,#3280,#3281,
#3282,#3283,#3284,#3285,#3286,#3287,#3288,#3289,#3290,#3291,#3292,#3293,
#3294,#3295,#3296,#3297),.UNSPECIFIED.,.F.,.F.)
B_SPLINE_CURVE_WITH_KNOTS((6,1,1,1,1,1,1,1,1,1,1,1,1,1,1,1,1,1,1,1,6),(0.,
0.05,0.1,0.15,0.2,0.25,0.3,0.35,0.4,0.45,0.5,0.55,0.6,0.65,0.7,0.75,0.8,
0.85,0.9,0.95,1.),.UNSPECIFIED.)
CURVE()
GEOMETRIC_REPRESENTATION_ITEM()
RATIONAL_B_SPLINE_CURVE((1.,1.,1.,1.,1.,1.,1.,1.,1.,1.,1.,1.,1.,1.,1.,1.,
1.,1.,1.,1.,1.,1.,1.,1.,1.))
REPRESENTATION_ITEM('')
);
#940=(
BOUNDED_CURVE()
B_SPLINE_CURVE(5,(#3301,#3302,#3303,#3304,#3305,#3306,#3307,#3308,#3309,
#3310,#3311,#3312,#3313,#3314,#3315,#3316,#3317,#3318,#3319,#3320,#3321,
#3322,#3323,#3324,#3325),.UNSPECIFIED.,.F.,.F.)
B_SPLINE_CURVE_WITH_KNOTS((6,1,1,1,1,1,1,1,1,1,1,1,1,1,1,1,1,1,1,1,6),(0.,
0.05,0.1,0.15,0.2,0.25,0.3,0.35,0.4,0.45,0.5,0.55,0.6,0.65,0.7,0.75,0.8,
0.85,0.9,0.95,1.),.UNSPECIFIED.)
CURVE()
GEOMETRIC_REPRESENTATION_ITEM()
RATIONAL_B_SPLINE_CURVE((1.,1.,1.,1.,1.,1.,1.,1.,1.,1.,1.,1.,1.,1.,1.,1.,
1.,1.,1.,1.,1.,1.,1.,1.,1.))
REPRESENTATION_ITEM('')
);
#941=(
BOUNDED_CURVE()
B_SPLINE_CURVE(5,(#3357,#3358,#3359,#3360,#3361,#3362,#3363,#3364,#3365,
#3366,#3367,#3368,#3369,#3370,#3371),.UNSPECIFIED.,.F.,.F.)
B_SPLINE_CURVE_WITH_KNOTS((6,1,1,1,1,1,1,1,1,1,6),(0.,0.1,0.2,0.3,0.4,0.5,
0.6,0.7,0.8,0.9,1.),.UNSPECIFIED.)
CURVE()
GEOMETRIC_REPRESENTATION_ITEM()
RATIONAL_B_SPLINE_CURVE((1.,1.,1.,1.,1.,1.,1.,1.,1.,1.,1.,1.,1.,1.,1.))
REPRESENTATION_ITEM('')
);
#942=(
BOUNDED_CURVE()
B_SPLINE_CURVE(5,(#3372,#3373,#3374,#3375,#3376,#3377,#3378,#3379,#3380,
#3381,#3382,#3383,#3384,#3385,#3386),.UNSPECIFIED.,.F.,.F.)
B_SPLINE_CURVE_WITH_KNOTS((6,1,1,1,1,1,1,1,1,1,6),(0.,0.1,0.2,0.3,0.4,0.5,
0.6,0.7,0.8,0.9,1.),.UNSPECIFIED.)
CURVE()
GEOMETRIC_REPRESENTATION_ITEM()
RATIONAL_B_SPLINE_CURVE((1.,1.,1.,1.,1.,1.,1.,1.,1.,1.,1.,1.,1.,1.,1.))
REPRESENTATION_ITEM('')
);
#943=(
BOUNDED_CURVE()
B_SPLINE_CURVE(5,(#3479,#3480,#3481,#3482,#3483,#3484,#3485,#3486,#3487,
#3488,#3489,#3490,#3491,#3492,#3493,#3494,#3495,#3496,#3497,#3498,#3499,
#3500,#3501,#3502,#3503,#3504,#3505,#3506,#3507,#3508,#3509,#3510,#3511,
#3512,#3513,#3514,#3515,#3516,#3517,#3518,#3519,#3520,#3521,#3522,#3523),
 .UNSPECIFIED.,.F.,.F.)
B_SPLINE_CURVE_WITH_KNOTS((6,1,1,1,1,1,1,1,1,1,1,1,1,1,1,1,1,1,1,1,1,1,
1,1,1,1,1,1,1,1,1,1,1,1,1,1,1,1,1,1,6),(-1.,-0.975,-0.95,-0.925,-0.9,-0.875,
-0.85,-0.825,-0.8,-0.775,-0.75,-0.725,-0.7,-0.675,-0.65,-0.625,-0.6,-0.575,
-0.55,-0.525,-0.5,-0.475,-0.45,-0.425,-0.4,-0.375,-0.35,-0.325,-0.3,-0.275,
-0.25,-0.225,-0.2,-0.175,-0.15,-0.125,-0.1,-0.075,-0.05,-0.025,0.),
 .UNSPECIFIED.)
CURVE()
GEOMETRIC_REPRESENTATION_ITEM()
RATIONAL_B_SPLINE_CURVE((1.,1.,1.,1.,1.,1.,1.,1.,1.,1.,1.,1.,1.,1.,1.,1.,
1.,1.,1.,1.,1.,1.,1.,1.,1.,1.,1.,1.,1.,1.,1.,1.,1.,1.,1.,1.,1.,1.,1.,1.,
1.,1.,1.,1.,1.))
REPRESENTATION_ITEM('')
);
#944=(
BOUNDED_CURVE()
B_SPLINE_CURVE(5,(#3527,#3528,#3529,#3530,#3531,#3532,#3533,#3534,#3535,
#3536,#3537,#3538,#3539,#3540,#3541,#3542,#3543,#3544,#3545,#3546,#3547,
#3548,#3549,#3550,#3551,#3552,#3553,#3554,#3555,#3556,#3557,#3558,#3559,
#3560,#3561,#3562,#3563,#3564,#3565,#3566,#3567,#3568,#3569,#3570,#3571),
 .UNSPECIFIED.,.F.,.F.)
B_SPLINE_CURVE_WITH_KNOTS((6,1,1,1,1,1,1,1,1,1,1,1,1,1,1,1,1,1,1,1,1,1,
1,1,1,1,1,1,1,1,1,1,1,1,1,1,1,1,1,1,6),(-1.,-0.975,-0.95,-0.925,-0.9,-0.875,
-0.85,-0.825,-0.8,-0.775,-0.75,-0.725,-0.7,-0.675,-0.65,-0.625,-0.6,-0.575,
-0.55,-0.525,-0.5,-0.475,-0.45,-0.425,-0.4,-0.375,-0.35,-0.325,-0.3,-0.275,
-0.25,-0.225,-0.2,-0.175,-0.15,-0.125,-0.1,-0.075,-0.05,-0.025,0.),
 .UNSPECIFIED.)
CURVE()
GEOMETRIC_REPRESENTATION_ITEM()
RATIONAL_B_SPLINE_CURVE((1.,1.,1.,1.,1.,1.,1.,1.,1.,1.,1.,1.,1.,1.,1.,1.,
1.,1.,1.,1.,1.,1.,1.,1.,1.,1.,1.,1.,1.,1.,1.,1.,1.,1.,1.,1.,1.,1.,1.,1.,
1.,1.,1.,1.,1.))
REPRESENTATION_ITEM('')
);
#945=(
BOUNDED_CURVE()
B_SPLINE_CURVE(5,(#3604,#3605,#3606,#3607,#3608,#3609,#3610,#3611,#3612,
#3613,#3614,#3615,#3616,#3617,#3618),.UNSPECIFIED.,.F.,.F.)
B_SPLINE_CURVE_WITH_KNOTS((6,1,1,1,1,1,1,1,1,1,6),(-1.,-0.9,-0.8,-0.7,-0.6,
-0.5,-0.4,-0.3,-0.2,-0.1,0.),.UNSPECIFIED.)
CURVE()
GEOMETRIC_REPRESENTATION_ITEM()
RATIONAL_B_SPLINE_CURVE((1.,1.,1.,1.,1.,1.,1.,1.,1.,1.,1.,1.,1.,1.,1.))
REPRESENTATION_ITEM('')
);
#946=(
BOUNDED_CURVE()
B_SPLINE_CURVE(5,(#3621,#3622,#3623,#3624,#3625,#3626,#3627,#3628,#3629,
#3630,#3631,#3632,#3633,#3634,#3635),.UNSPECIFIED.,.F.,.F.)
B_SPLINE_CURVE_WITH_KNOTS((6,1,1,1,1,1,1,1,1,1,6),(-1.,-0.9,-0.8,-0.7,-0.6,
-0.5,-0.4,-0.3,-0.2,-0.1,0.),.UNSPECIFIED.)
CURVE()
GEOMETRIC_REPRESENTATION_ITEM()
RATIONAL_B_SPLINE_CURVE((1.,1.,1.,1.,1.,1.,1.,1.,1.,1.,1.,1.,1.,1.,1.))
REPRESENTATION_ITEM('')
);
#947=(
BOUNDED_CURVE()
B_SPLINE_CURVE(5,(#3667,#3668,#3669,#3670,#3671,#3672,#3673,#3674,#3675,
#3676,#3677,#3678,#3679,#3680,#3681),.UNSPECIFIED.,.F.,.F.)
B_SPLINE_CURVE_WITH_KNOTS((6,1,1,1,1,1,1,1,1,1,6),(-1.,-0.9,-0.8,-0.7,-0.6,
-0.5,-0.4,-0.3,-0.2,-0.1,0.),.UNSPECIFIED.)
CURVE()
GEOMETRIC_REPRESENTATION_ITEM()
RATIONAL_B_SPLINE_CURVE((1.,1.,1.,1.,1.,1.,1.,1.,1.,1.,1.,1.,1.,1.,1.))
REPRESENTATION_ITEM('')
);
#948=(
BOUNDED_CURVE()
B_SPLINE_CURVE(5,(#3684,#3685,#3686,#3687,#3688,#3689,#3690,#3691,#3692,
#3693,#3694,#3695,#3696,#3697,#3698),.UNSPECIFIED.,.F.,.F.)
B_SPLINE_CURVE_WITH_KNOTS((6,1,1,1,1,1,1,1,1,1,6),(-1.,-0.9,-0.8,-0.7,-0.6,
-0.5,-0.4,-0.3,-0.2,-0.1,0.),.UNSPECIFIED.)
CURVE()
GEOMETRIC_REPRESENTATION_ITEM()
RATIONAL_B_SPLINE_CURVE((1.,1.,1.,1.,1.,1.,1.,1.,1.,1.,1.,1.,1.,1.,1.))
REPRESENTATION_ITEM('')
);
#949=(
BOUNDED_CURVE()
B_SPLINE_CURVE(5,(#3770,#3771,#3772,#3773,#3774,#3775,#3776,#3777,#3778,
#3779,#3780,#3781,#3782,#3783,#3784,#3785,#3786,#3787,#3788,#3789,#3790,
#3791,#3792,#3793,#3794,#3795,#3796,#3797,#3798,#3799,#3800,#3801,#3802,
#3803,#3804),.UNSPECIFIED.,.F.,.F.)
B_SPLINE_CURVE_WITH_KNOTS((6,1,1,1,1,1,1,1,1,1,1,1,1,1,1,1,1,1,1,1,1,1,
1,1,1,1,1,1,1,1,6),(-1.,-0.966666666666666,-0.933333333333333,-0.9,-0.866666666666667,
-0.833333333333333,-0.8,-0.766666666666667,-0.733333333333333,-0.7,-0.666666666666667,
-0.633333333333333,-0.6,-0.566666666666667,-0.533333333333333,-0.5,-0.466666666666667,
-0.433333333333333,-0.4,-0.366666666666666,-0.333333333333333,-0.3,-0.266666666666667,
-0.233333333333333,-0.2,-0.166666666666667,-0.133333333333333,-0.1,-0.0666666666666667,
-0.0333333333333333,0.),.UNSPECIFIED.)
CURVE()
GEOMETRIC_REPRESENTATION_ITEM()
RATIONAL_B_SPLINE_CURVE((1.,1.,1.,1.,1.,1.,1.,1.,1.,1.,1.,1.,1.,1.,1.,1.,
1.,1.,1.,1.,1.,1.,1.,1.,1.,1.,1.,1.,1.,1.,1.,1.,1.,1.,1.))
REPRESENTATION_ITEM('')
);
#950=(
BOUNDED_CURVE()
B_SPLINE_CURVE(5,(#3807,#3808,#3809,#3810,#3811,#3812,#3813,#3814,#3815,
#3816,#3817,#3818,#3819,#3820,#3821,#3822,#3823,#3824,#3825,#3826,#3827,
#3828,#3829,#3830,#3831,#3832,#3833,#3834,#3835,#3836,#3837,#3838,#3839,
#3840,#3841),.UNSPECIFIED.,.F.,.F.)
B_SPLINE_CURVE_WITH_KNOTS((6,1,1,1,1,1,1,1,1,1,1,1,1,1,1,1,1,1,1,1,1,1,
1,1,1,1,1,1,1,1,6),(-1.,-0.966666666666666,-0.933333333333333,-0.9,-0.866666666666667,
-0.833333333333333,-0.8,-0.766666666666667,-0.733333333333333,-0.7,-0.666666666666667,
-0.633333333333333,-0.6,-0.566666666666667,-0.533333333333333,-0.5,-0.466666666666667,
-0.433333333333333,-0.4,-0.366666666666666,-0.333333333333333,-0.3,-0.266666666666667,
-0.233333333333333,-0.2,-0.166666666666667,-0.133333333333333,-0.1,-0.0666666666666667,
-0.0333333333333333,0.),.UNSPECIFIED.)
CURVE()
GEOMETRIC_REPRESENTATION_ITEM()
RATIONAL_B_SPLINE_CURVE((1.,1.,1.,1.,1.,1.,1.,1.,1.,1.,1.,1.,1.,1.,1.,1.,
1.,1.,1.,1.,1.,1.,1.,1.,1.,1.,1.,1.,1.,1.,1.,1.,1.,1.,1.))
REPRESENTATION_ITEM('')
);
#951=(
BOUNDED_CURVE()
B_SPLINE_CURVE(5,(#3873,#3874,#3875,#3876,#3877,#3878,#3879,#3880,#3881,
#3882,#3883,#3884,#3885,#3886,#3887),.UNSPECIFIED.,.F.,.F.)
B_SPLINE_CURVE_WITH_KNOTS((6,1,1,1,1,1,1,1,1,1,6),(-1.,-0.9,-0.8,-0.7,-0.6,
-0.5,-0.4,-0.3,-0.2,-0.1,0.),.UNSPECIFIED.)
CURVE()
GEOMETRIC_REPRESENTATION_ITEM()
RATIONAL_B_SPLINE_CURVE((1.,1.,1.,1.,1.,1.,1.,1.,1.,1.,1.,1.,1.,1.,1.))
REPRESENTATION_ITEM('')
);
#952=(
BOUNDED_CURVE()
B_SPLINE_CURVE(5,(#3890,#3891,#3892,#3893,#3894,#3895,#3896,#3897,#3898,
#3899,#3900,#3901,#3902,#3903,#3904),.UNSPECIFIED.,.F.,.F.)
B_SPLINE_CURVE_WITH_KNOTS((6,1,1,1,1,1,1,1,1,1,6),(-1.,-0.9,-0.8,-0.7,-0.6,
-0.5,-0.4,-0.3,-0.2,-0.1,0.),.UNSPECIFIED.)
CURVE()
GEOMETRIC_REPRESENTATION_ITEM()
RATIONAL_B_SPLINE_CURVE((1.,1.,1.,1.,1.,1.,1.,1.,1.,1.,1.,1.,1.,1.,1.))
REPRESENTATION_ITEM('')
);
#953=(
BOUNDED_CURVE()
B_SPLINE_CURVE(5,(#4142,#4143,#4144,#4145,#4146,#4147,#4148,#4149,#4150,
#4151,#4152,#4153,#4154,#4155,#4156,#4157,#4158,#4159,#4160,#4161,#4162,
#4163,#4164,#4165,#4166,#4167,#4168,#4169,#4170,#4171,#4172,#4173,#4174,
#4175,#4176,#4177,#4178,#4179,#4180,#4181,#4182,#4183,#4184,#4185,#4186,
#4187,#4188,#4189,#4190,#4191,#4192,#4193,#4194,#4195,#4196,#4197,#4198,
#4199,#4200,#4201,#4202,#4203,#4204,#4205,#4206,#4207,#4208,#4209,#4210,
#4211,#4212,#4213,#4214,#4215,#4216,#4217,#4218,#4219,#4220,#4221,#4222,
#4223,#4224,#4225,#4226,#4227,#4228,#4229,#4230,#4231,#4232,#4233,#4234,
#4235,#4236,#4237,#4238,#4239,#4240,#4241,#4242,#4243,#4244,#4245,#4246,
#4247,#4248,#4249,#4250,#4251,#4252,#4253,#4254,#4255,#4256),
 .UNSPECIFIED.,.F.,.F.)
B_SPLINE_CURVE_WITH_KNOTS((6,1,1,1,1,1,1,1,1,1,1,1,1,1,1,1,1,1,1,1,1,1,
1,1,1,1,1,1,1,1,1,1,1,1,1,1,1,1,1,1,1,1,1,1,1,1,1,1,1,1,1,1,1,1,1,1,1,1,
1,1,1,1,1,1,1,1,1,1,1,1,1,1,1,1,1,1,1,1,1,1,1,1,1,1,1,1,1,1,1,1,1,1,1,1,
1,1,1,1,1,1,1,1,1,1,1,1,1,1,1,1,6),(-1.,-0.990909090909088,-0.981818181818179,
-0.97272727272727,-0.963636363636361,-0.954545454545452,-0.945454545454543,
-0.936363636363634,-0.927272727272725,-0.918181818181816,-0.909090909090907,
-0.899999999999998,-0.890909090909089,-0.88181818181818,-0.872727272727271,
-0.863636363636362,-0.854545454545453,-0.845454545454543,-0.836363636363635,
-0.827272727272726,-0.818181818181816,-0.809090909090907,-0.799999999999998,
-0.790909090909089,-0.78181818181818,-0.772727272727271,-0.763636363636362,
-0.754545454545453,-0.745454545454544,-0.736363636363635,-0.727272727272726,
-0.718181818181817,-0.709090909090908,-0.699999999999999,-0.69090909090909,
-0.681818181818181,-0.672727272727272,-0.663636363636363,-0.654545454545454,
-0.645454545454545,-0.636363636363636,-0.627272727272727,-0.618181818181818,
-0.609090909090909,-0.6,-0.59090909090909,-0.581818181818181,-0.572727272727272,
-0.563636363636363,-0.554545454545454,-0.545454545454545,-0.536363636363636,
-0.527272727272727,-0.518181818181818,-0.509090909090909,-0.5,-0.490909090909091,
-0.481818181818182,-0.472727272727273,-0.463636363636364,-0.454545454545455,
-0.445454545454546,-0.436363636363637,-0.427272727272727,-0.418181818181818,
-0.409090909090909,-0.4,-0.390909090909091,-0.381818181818182,-0.372727272727273,
-0.363636363636364,-0.354545454545455,-0.345454545454546,-0.336363636363636,
-0.327272727272727,-0.318181818181818,-0.309090909090909,-0.3,-0.290909090909091,
-0.281818181818182,-0.272727272727273,-0.263636363636364,-0.254545454545455,
-0.245454545454546,-0.236363636363636,-0.227272727272727,-0.218181818181818,
-0.209090909090909,-0.2,-0.190909090909091,-0.181818181818182,-0.172727272727273,
-0.163636363636364,-0.154545454545455,-0.145454545454545,-0.136363636363636,
-0.127272727272727,-0.118181818181818,-0.109090909090909,-0.1,-0.0909090909090909,
-0.0818181818181818,-0.0727272727272727,-0.0636363636363636,-0.0545454545454545,
-0.0454545454545455,-0.0363636363636364,-0.0272727272727273,-0.0181818181818182,
-0.00909090909090909,0.),.UNSPECIFIED.)
CURVE()
GEOMETRIC_REPRESENTATION_ITEM()
RATIONAL_B_SPLINE_CURVE((1.,1.,1.,1.,1.,1.,1.,1.,1.,1.,1.,1.,1.,1.,1.,1.,
1.,1.,1.,1.,1.,1.,1.,1.,1.,1.,1.,1.,1.,1.,1.,1.,1.,1.,1.,1.,1.,1.,1.,1.,
1.,1.,1.,1.,1.,1.,1.,1.,1.,1.,1.,1.,1.,1.,1.,1.,1.,1.,1.,1.,1.,1.,1.,1.,
1.,1.,1.,1.,1.,1.,1.,1.,1.,1.,1.,1.,1.,1.,1.,1.,1.,1.,1.,1.,1.,1.,1.,1.,
1.,1.,1.,1.,1.,1.,1.,1.,1.,1.,1.,1.,1.,1.,1.,1.,1.,1.,1.,1.,1.,1.,1.,1.,
1.,1.,1.))
REPRESENTATION_ITEM('')
);
#954=(
BOUNDED_CURVE()
B_SPLINE_CURVE(5,(#4259,#4260,#4261,#4262,#4263,#4264,#4265,#4266,#4267,
#4268,#4269,#4270,#4271,#4272,#4273,#4274,#4275,#4276,#4277,#4278,#4279,
#4280,#4281,#4282,#4283,#4284,#4285,#4286,#4287,#4288,#4289,#4290,#4291,
#4292,#4293,#4294,#4295,#4296,#4297,#4298,#4299,#4300,#4301,#4302,#4303,
#4304,#4305,#4306,#4307,#4308,#4309,#4310,#4311,#4312,#4313,#4314,#4315,
#4316,#4317,#4318,#4319,#4320,#4321,#4322,#4323,#4324,#4325,#4326,#4327,
#4328,#4329,#4330,#4331,#4332,#4333,#4334,#4335,#4336,#4337,#4338,#4339,
#4340,#4341,#4342,#4343,#4344,#4345,#4346,#4347,#4348,#4349,#4350,#4351,
#4352,#4353,#4354,#4355,#4356,#4357,#4358,#4359,#4360,#4361,#4362,#4363,
#4364,#4365,#4366,#4367,#4368,#4369,#4370,#4371,#4372,#4373),
 .UNSPECIFIED.,.F.,.F.)
B_SPLINE_CURVE_WITH_KNOTS((6,1,1,1,1,1,1,1,1,1,1,1,1,1,1,1,1,1,1,1,1,1,
1,1,1,1,1,1,1,1,1,1,1,1,1,1,1,1,1,1,1,1,1,1,1,1,1,1,1,1,1,1,1,1,1,1,1,1,
1,1,1,1,1,1,1,1,1,1,1,1,1,1,1,1,1,1,1,1,1,1,1,1,1,1,1,1,1,1,1,1,1,1,1,1,
1,1,1,1,1,1,1,1,1,1,1,1,1,1,1,1,6),(-1.,-0.990909090909088,-0.981818181818179,
-0.97272727272727,-0.963636363636361,-0.954545454545452,-0.945454545454543,
-0.936363636363634,-0.927272727272725,-0.918181818181816,-0.909090909090907,
-0.899999999999998,-0.890909090909089,-0.88181818181818,-0.872727272727271,
-0.863636363636362,-0.854545454545453,-0.845454545454543,-0.836363636363635,
-0.827272727272726,-0.818181818181816,-0.809090909090907,-0.799999999999998,
-0.790909090909089,-0.78181818181818,-0.772727272727271,-0.763636363636362,
-0.754545454545453,-0.745454545454544,-0.736363636363635,-0.727272727272726,
-0.718181818181817,-0.709090909090908,-0.699999999999999,-0.69090909090909,
-0.681818181818181,-0.672727272727272,-0.663636363636363,-0.654545454545454,
-0.645454545454545,-0.636363636363636,-0.627272727272727,-0.618181818181818,
-0.609090909090909,-0.6,-0.59090909090909,-0.581818181818181,-0.572727272727272,
-0.563636363636363,-0.554545454545454,-0.545454545454545,-0.536363636363636,
-0.527272727272727,-0.518181818181818,-0.509090909090909,-0.5,-0.490909090909091,
-0.481818181818182,-0.472727272727273,-0.463636363636364,-0.454545454545455,
-0.445454545454546,-0.436363636363637,-0.427272727272727,-0.418181818181818,
-0.409090909090909,-0.4,-0.390909090909091,-0.381818181818182,-0.372727272727273,
-0.363636363636364,-0.354545454545455,-0.345454545454546,-0.336363636363636,
-0.327272727272727,-0.318181818181818,-0.309090909090909,-0.3,-0.290909090909091,
-0.281818181818182,-0.272727272727273,-0.263636363636364,-0.254545454545455,
-0.245454545454546,-0.236363636363636,-0.227272727272727,-0.218181818181818,
-0.209090909090909,-0.2,-0.190909090909091,-0.181818181818182,-0.172727272727273,
-0.163636363636364,-0.154545454545455,-0.145454545454545,-0.136363636363636,
-0.127272727272727,-0.118181818181818,-0.109090909090909,-0.1,-0.0909090909090909,
-0.0818181818181818,-0.0727272727272727,-0.0636363636363636,-0.0545454545454545,
-0.0454545454545455,-0.0363636363636364,-0.0272727272727273,-0.0181818181818182,
-0.00909090909090909,0.),.UNSPECIFIED.)
CURVE()
GEOMETRIC_REPRESENTATION_ITEM()
RATIONAL_B_SPLINE_CURVE((1.,1.,1.,1.,1.,1.,1.,1.,1.,1.,1.,1.,1.,1.,1.,1.,
1.,1.,1.,1.,1.,1.,1.,1.,1.,1.,1.,1.,1.,1.,1.,1.,1.,1.,1.,1.,1.,1.,1.,1.,
1.,1.,1.,1.,1.,1.,1.,1.,1.,1.,1.,1.,1.,1.,1.,1.,1.,1.,1.,1.,1.,1.,1.,1.,
1.,1.,1.,1.,1.,1.,1.,1.,1.,1.,1.,1.,1.,1.,1.,1.,1.,1.,1.,1.,1.,1.,1.,1.,
1.,1.,1.,1.,1.,1.,1.,1.,1.,1.,1.,1.,1.,1.,1.,1.,1.,1.,1.,1.,1.,1.,1.,1.,
1.,1.,1.))
REPRESENTATION_ITEM('')
);
#955=(
BOUNDED_CURVE()
B_SPLINE_CURVE(5,(#4444,#4445,#4446,#4447,#4448,#4449,#4450,#4451,#4452,
#4453,#4454,#4455,#4456,#4457,#4458,#4459,#4460,#4461,#4462,#4463,#4464,
#4465,#4466,#4467,#4468,#4469,#4470,#4471,#4472,#4473,#4474,#4475,#4476,
#4477,#4478),.UNSPECIFIED.,.F.,.F.)
B_SPLINE_CURVE_WITH_KNOTS((6,1,1,1,1,1,1,1,1,1,1,1,1,1,1,1,1,1,1,1,1,1,
1,1,1,1,1,1,1,1,6),(-1.,-0.966666666666666,-0.933333333333333,-0.9,-0.866666666666667,
-0.833333333333333,-0.8,-0.766666666666667,-0.733333333333333,-0.7,-0.666666666666667,
-0.633333333333333,-0.6,-0.566666666666667,-0.533333333333333,-0.5,-0.466666666666667,
-0.433333333333333,-0.4,-0.366666666666666,-0.333333333333333,-0.3,-0.266666666666667,
-0.233333333333333,-0.2,-0.166666666666667,-0.133333333333333,-0.1,-0.0666666666666667,
-0.0333333333333333,0.),.UNSPECIFIED.)
CURVE()
GEOMETRIC_REPRESENTATION_ITEM()
RATIONAL_B_SPLINE_CURVE((1.,1.,1.,1.,1.,1.,1.,1.,1.,1.,1.,1.,1.,1.,1.,1.,
1.,1.,1.,1.,1.,1.,1.,1.,1.,1.,1.,1.,1.,1.,1.,1.,1.,1.,1.))
REPRESENTATION_ITEM('')
);
#956=(
BOUNDED_CURVE()
B_SPLINE_CURVE(5,(#4479,#4480,#4481,#4482,#4483,#4484,#4485,#4486,#4487,
#4488,#4489,#4490,#4491,#4492,#4493,#4494,#4495,#4496,#4497,#4498,#4499,
#4500,#4501,#4502,#4503,#4504,#4505,#4506,#4507,#4508,#4509,#4510,#4511,
#4512,#4513),.UNSPECIFIED.,.F.,.F.)
B_SPLINE_CURVE_WITH_KNOTS((6,1,1,1,1,1,1,1,1,1,1,1,1,1,1,1,1,1,1,1,1,1,
1,1,1,1,1,1,1,1,6),(-1.,-0.966666666666666,-0.933333333333333,-0.9,-0.866666666666667,
-0.833333333333333,-0.8,-0.766666666666667,-0.733333333333333,-0.7,-0.666666666666667,
-0.633333333333333,-0.6,-0.566666666666667,-0.533333333333333,-0.5,-0.466666666666667,
-0.433333333333333,-0.4,-0.366666666666666,-0.333333333333333,-0.3,-0.266666666666667,
-0.233333333333333,-0.2,-0.166666666666667,-0.133333333333333,-0.1,-0.0666666666666667,
-0.0333333333333333,0.),.UNSPECIFIED.)
CURVE()
GEOMETRIC_REPRESENTATION_ITEM()
RATIONAL_B_SPLINE_CURVE((1.,1.,1.,1.,1.,1.,1.,1.,1.,1.,1.,1.,1.,1.,1.,1.,
1.,1.,1.,1.,1.,1.,1.,1.,1.,1.,1.,1.,1.,1.,1.,1.,1.,1.,1.))
REPRESENTATION_ITEM('')
);
#957=(
BOUNDED_CURVE()
B_SPLINE_CURVE(5,(#4607,#4608,#4609,#4610,#4611,#4612,#4613,#4614,#4615,
#4616,#4617,#4618,#4619,#4620,#4621,#4622,#4623,#4624,#4625,#4626,#4627,
#4628,#4629,#4630,#4631,#4632,#4633,#4634,#4635,#4636,#4637,#4638,#4639,
#4640,#4641,#4642,#4643,#4644,#4645,#4646,#4647,#4648,#4649,#4650,#4651),
 .UNSPECIFIED.,.F.,.F.)
B_SPLINE_CURVE_WITH_KNOTS((6,1,1,1,1,1,1,1,1,1,1,1,1,1,1,1,1,1,1,1,1,1,
1,1,1,1,1,1,1,1,1,1,1,1,1,1,1,1,1,1,6),(0.,0.025,0.05,0.075,0.1,0.125,0.15,
0.175,0.2,0.225,0.25,0.275,0.3,0.325,0.35,0.375,0.4,0.425,0.45,0.475,0.5,
0.525,0.55,0.575,0.6,0.625,0.65,0.675,0.7,0.725,0.75,0.775,0.8,0.825,0.85,
0.875,0.9,0.925,0.95,0.975,1.),.UNSPECIFIED.)
CURVE()
GEOMETRIC_REPRESENTATION_ITEM()
RATIONAL_B_SPLINE_CURVE((1.,1.,1.,1.,1.,1.,1.,1.,1.,1.,1.,1.,1.,1.,1.,1.,
1.,1.,1.,1.,1.,1.,1.,1.,1.,1.,1.,1.,1.,1.,1.,1.,1.,1.,1.,1.,1.,1.,1.,1.,
1.,1.,1.,1.,1.))
REPRESENTATION_ITEM('')
);
#958=(
BOUNDED_CURVE()
B_SPLINE_CURVE(5,(#4655,#4656,#4657,#4658,#4659,#4660,#4661,#4662,#4663,
#4664,#4665,#4666,#4667,#4668,#4669,#4670,#4671,#4672,#4673,#4674,#4675,
#4676,#4677,#4678,#4679,#4680,#4681,#4682,#4683,#4684,#4685,#4686,#4687,
#4688,#4689,#4690,#4691,#4692,#4693,#4694,#4695,#4696,#4697,#4698,#4699),
 .UNSPECIFIED.,.F.,.F.)
B_SPLINE_CURVE_WITH_KNOTS((6,1,1,1,1,1,1,1,1,1,1,1,1,1,1,1,1,1,1,1,1,1,
1,1,1,1,1,1,1,1,1,1,1,1,1,1,1,1,1,1,6),(0.,0.025,0.05,0.075,0.1,0.125,0.15,
0.175,0.2,0.225,0.25,0.275,0.3,0.325,0.35,0.375,0.4,0.425,0.45,0.475,0.5,
0.525,0.55,0.575,0.6,0.625,0.65,0.675,0.7,0.725,0.75,0.775,0.8,0.825,0.85,
0.875,0.9,0.925,0.95,0.975,1.),.UNSPECIFIED.)
CURVE()
GEOMETRIC_REPRESENTATION_ITEM()
RATIONAL_B_SPLINE_CURVE((1.,1.,1.,1.,1.,1.,1.,1.,1.,1.,1.,1.,1.,1.,1.,1.,
1.,1.,1.,1.,1.,1.,1.,1.,1.,1.,1.,1.,1.,1.,1.,1.,1.,1.,1.,1.,1.,1.,1.,1.,
1.,1.,1.,1.,1.))
REPRESENTATION_ITEM('')
);
#959=(
BOUNDED_CURVE()
B_SPLINE_CURVE(5,(#4802,#4803,#4804,#4805,#4806,#4807,#4808,#4809,#4810,
#4811,#4812,#4813,#4814,#4815,#4816,#4817,#4818,#4819,#4820,#4821,#4822,
#4823,#4824,#4825,#4826,#4827,#4828,#4829,#4830,#4831,#4832,#4833,#4834,
#4835,#4836,#4837,#4838,#4839,#4840,#4841,#4842,#4843,#4844,#4845,#4846,
#4847,#4848,#4849,#4850,#4851),.UNSPECIFIED.,.F.,.F.)
B_SPLINE_CURVE_WITH_KNOTS((6,1,1,1,1,1,1,1,1,1,1,1,1,1,1,1,1,1,1,1,1,1,
1,1,1,1,1,1,1,1,1,1,1,1,1,1,1,1,1,1,1,1,1,1,1,6),(0.,0.0222222222222222,
0.0444444444444445,0.0666666666666667,0.0888888888888889,0.111111111111111,
0.133333333333333,0.155555555555556,0.177777777777778,0.2,0.222222222222222,
0.244444444444444,0.266666666666667,0.288888888888889,0.311111111111111,
0.333333333333333,0.355555555555555,0.377777777777778,0.4,0.422222222222222,
0.444444444444444,0.466666666666667,0.488888888888889,0.511111111111111,
0.533333333333333,0.555555555555555,0.577777777777778,0.6,0.622222222222222,
0.644444444444444,0.666666666666667,0.688888888888889,0.711111111111111,
0.733333333333333,0.755555555555556,0.777777777777778,0.8,0.822222222222222,
0.844444444444445,0.866666666666667,0.888888888888889,0.911111111111111,
0.933333333333334,0.955555555555556,0.977777777777778,1.),.UNSPECIFIED.)
CURVE()
GEOMETRIC_REPRESENTATION_ITEM()
RATIONAL_B_SPLINE_CURVE((1.,1.,1.,1.,1.,1.,1.,1.,1.,1.,1.,1.,1.,1.,1.,1.,
1.,1.,1.,1.,1.,1.,1.,1.,1.,1.,1.,1.,1.,1.,1.,1.,1.,1.,1.,1.,1.,1.,1.,1.,
1.,1.,1.,1.,1.,1.,1.,1.,1.,1.))
REPRESENTATION_ITEM('')
);
#960=(
BOUNDED_CURVE()
B_SPLINE_CURVE(5,(#4854,#4855,#4856,#4857,#4858,#4859,#4860,#4861,#4862,
#4863,#4864,#4865,#4866,#4867,#4868,#4869,#4870,#4871,#4872,#4873,#4874,
#4875,#4876,#4877,#4878,#4879,#4880,#4881,#4882,#4883,#4884,#4885,#4886,
#4887,#4888,#4889,#4890,#4891,#4892,#4893,#4894,#4895,#4896,#4897,#4898,
#4899,#4900,#4901,#4902,#4903),.UNSPECIFIED.,.F.,.F.)
B_SPLINE_CURVE_WITH_KNOTS((6,1,1,1,1,1,1,1,1,1,1,1,1,1,1,1,1,1,1,1,1,1,
1,1,1,1,1,1,1,1,1,1,1,1,1,1,1,1,1,1,1,1,1,1,1,6),(0.,0.0222222222222222,
0.0444444444444445,0.0666666666666667,0.0888888888888889,0.111111111111111,
0.133333333333333,0.155555555555556,0.177777777777778,0.2,0.222222222222222,
0.244444444444444,0.266666666666667,0.288888888888889,0.311111111111111,
0.333333333333333,0.355555555555555,0.377777777777778,0.4,0.422222222222222,
0.444444444444444,0.466666666666667,0.488888888888889,0.511111111111111,
0.533333333333333,0.555555555555555,0.577777777777778,0.6,0.622222222222222,
0.644444444444444,0.666666666666667,0.688888888888889,0.711111111111111,
0.733333333333333,0.755555555555556,0.777777777777778,0.8,0.822222222222222,
0.844444444444445,0.866666666666667,0.888888888888889,0.911111111111111,
0.933333333333334,0.955555555555556,0.977777777777778,1.),.UNSPECIFIED.)
CURVE()
GEOMETRIC_REPRESENTATION_ITEM()
RATIONAL_B_SPLINE_CURVE((1.,1.,1.,1.,1.,1.,1.,1.,1.,1.,1.,1.,1.,1.,1.,1.,
1.,1.,1.,1.,1.,1.,1.,1.,1.,1.,1.,1.,1.,1.,1.,1.,1.,1.,1.,1.,1.,1.,1.,1.,
1.,1.,1.,1.,1.,1.,1.,1.,1.,1.))
REPRESENTATION_ITEM('')
);
#961=(
BOUNDED_CURVE()
B_SPLINE_CURVE(5,(#4984,#4985,#4986,#4987,#4988,#4989,#4990,#4991,#4992,
#4993,#4994,#4995,#4996,#4997,#4998,#4999,#5000,#5001,#5002,#5003,#5004,
#5005,#5006,#5007,#5008,#5009,#5010,#5011,#5012,#5013,#5014,#5015,#5016,
#5017,#5018,#5019,#5020,#5021,#5022,#5023),.UNSPECIFIED.,.F.,.F.)
B_SPLINE_CURVE_WITH_KNOTS((6,1,1,1,1,1,1,1,1,1,1,1,1,1,1,1,1,1,1,1,1,1,
1,1,1,1,1,1,1,1,1,1,1,1,1,6),(0.,0.0285714285714286,0.0571428571428571,
0.0857142857142857,0.114285714285714,0.142857142857143,0.171428571428571,
0.2,0.228571428571429,0.257142857142857,0.285714285714286,0.314285714285714,
0.342857142857143,0.371428571428571,0.4,0.428571428571429,0.457142857142857,
0.485714285714286,0.514285714285714,0.542857142857143,0.571428571428572,
0.6,0.628571428571429,0.657142857142857,0.685714285714286,0.714285714285714,
0.742857142857143,0.771428571428571,0.8,0.828571428571429,0.857142857142857,
0.885714285714286,0.914285714285715,0.942857142857143,0.971428571428572,
1.),.UNSPECIFIED.)
CURVE()
GEOMETRIC_REPRESENTATION_ITEM()
RATIONAL_B_SPLINE_CURVE((1.,1.,1.,1.,1.,1.,1.,1.,1.,1.,1.,1.,1.,1.,1.,1.,
1.,1.,1.,1.,1.,1.,1.,1.,1.,1.,1.,1.,1.,1.,1.,1.,1.,1.,1.,1.,1.,1.,1.,1.))
REPRESENTATION_ITEM('')
);
#962=(
BOUNDED_CURVE()
B_SPLINE_CURVE(5,(#5024,#5025,#5026,#5027,#5028,#5029,#5030,#5031,#5032,
#5033,#5034,#5035,#5036,#5037,#5038,#5039,#5040,#5041,#5042,#5043,#5044,
#5045,#5046,#5047,#5048,#5049,#5050,#5051,#5052,#5053,#5054,#5055,#5056,
#5057,#5058,#5059,#5060,#5061,#5062,#5063),.UNSPECIFIED.,.F.,.F.)
B_SPLINE_CURVE_WITH_KNOTS((6,1,1,1,1,1,1,1,1,1,1,1,1,1,1,1,1,1,1,1,1,1,
1,1,1,1,1,1,1,1,1,1,1,1,1,6),(0.,0.0285714285714286,0.0571428571428571,
0.0857142857142857,0.114285714285714,0.142857142857143,0.171428571428571,
0.2,0.228571428571429,0.257142857142857,0.285714285714286,0.314285714285714,
0.342857142857143,0.371428571428571,0.4,0.428571428571429,0.457142857142857,
0.485714285714286,0.514285714285714,0.542857142857143,0.571428571428572,
0.6,0.628571428571429,0.657142857142857,0.685714285714286,0.714285714285714,
0.742857142857143,0.771428571428571,0.8,0.828571428571429,0.857142857142857,
0.885714285714286,0.914285714285715,0.942857142857143,0.971428571428572,
1.),.UNSPECIFIED.)
CURVE()
GEOMETRIC_REPRESENTATION_ITEM()
RATIONAL_B_SPLINE_CURVE((1.,1.,1.,1.,1.,1.,1.,1.,1.,1.,1.,1.,1.,1.,1.,1.,
1.,1.,1.,1.,1.,1.,1.,1.,1.,1.,1.,1.,1.,1.,1.,1.,1.,1.,1.,1.,1.,1.,1.,1.))
REPRESENTATION_ITEM('')
);
#963=(
BOUNDED_CURVE()
B_SPLINE_CURVE(5,(#5156,#5157,#5158,#5159,#5160,#5161,#5162,#5163,#5164,
#5165,#5166,#5167,#5168,#5169,#5170,#5171,#5172,#5173,#5174,#5175,#5176,
#5177,#5178,#5179,#5180,#5181,#5182,#5183,#5184,#5185,#5186,#5187,#5188,
#5189,#5190,#5191,#5192,#5193,#5194,#5195,#5196,#5197,#5198,#5199,#5200),
 .UNSPECIFIED.,.T.,.F.)
B_SPLINE_CURVE_WITH_KNOTS((6,1,1,1,1,1,1,1,1,1,1,1,1,1,1,1,1,1,1,1,1,1,
1,1,1,1,1,1,1,1,1,1,1,1,1,1,1,1,1,1,6),(-1.,-0.975,-0.95,-0.925,-0.9,-0.875,
-0.85,-0.825,-0.8,-0.775,-0.75,-0.725,-0.7,-0.675,-0.65,-0.625,-0.6,-0.575,
-0.55,-0.525,-0.5,-0.475,-0.45,-0.425,-0.4,-0.375,-0.35,-0.325,-0.3,-0.275,
-0.25,-0.225,-0.2,-0.175,-0.15,-0.125,-0.1,-0.075,-0.05,-0.025,0.),
 .UNSPECIFIED.)
CURVE()
GEOMETRIC_REPRESENTATION_ITEM()
RATIONAL_B_SPLINE_CURVE((1.,1.,1.,1.,1.,1.,1.,1.,1.,1.,1.,1.,1.,1.,1.,1.,
1.,1.,1.,1.,1.,1.,1.,1.,1.,1.,1.,1.,1.,1.,1.,1.,1.,1.,1.,1.,1.,1.,1.,1.,
1.,1.,1.,1.,1.))
REPRESENTATION_ITEM('')
);
#964=(
BOUNDED_CURVE()
B_SPLINE_CURVE(5,(#5203,#5204,#5205,#5206,#5207,#5208,#5209,#5210,#5211,
#5212,#5213,#5214,#5215,#5216,#5217,#5218,#5219,#5220,#5221,#5222,#5223,
#5224,#5225,#5226,#5227,#5228,#5229,#5230,#5231,#5232,#5233,#5234,#5235,
#5236,#5237,#5238,#5239,#5240,#5241,#5242,#5243,#5244,#5245,#5246,#5247),
 .UNSPECIFIED.,.T.,.F.)
B_SPLINE_CURVE_WITH_KNOTS((6,1,1,1,1,1,1,1,1,1,1,1,1,1,1,1,1,1,1,1,1,1,
1,1,1,1,1,1,1,1,1,1,1,1,1,1,1,1,1,1,6),(-1.,-0.975,-0.95,-0.925,-0.9,-0.875,
-0.85,-0.825,-0.8,-0.775,-0.75,-0.725,-0.7,-0.675,-0.65,-0.625,-0.6,-0.575,
-0.55,-0.525,-0.5,-0.475,-0.45,-0.425,-0.4,-0.375,-0.35,-0.325,-0.3,-0.275,
-0.25,-0.225,-0.2,-0.175,-0.15,-0.125,-0.1,-0.075,-0.05,-0.025,0.),
 .UNSPECIFIED.)
CURVE()
GEOMETRIC_REPRESENTATION_ITEM()
RATIONAL_B_SPLINE_CURVE((1.,1.,1.,1.,1.,1.,1.,1.,1.,1.,1.,1.,1.,1.,1.,1.,
1.,1.,1.,1.,1.,1.,1.,1.,1.,1.,1.,1.,1.,1.,1.,1.,1.,1.,1.,1.,1.,1.,1.,1.,
1.,1.,1.,1.,1.))
REPRESENTATION_ITEM('')
);
#965=(
BOUNDED_CURVE()
B_SPLINE_CURVE(5,(#5262,#5263,#5264,#5265,#5266,#5267),.UNSPECIFIED.,.F.,
 .F.)
B_SPLINE_CURVE_WITH_KNOTS((6,6),(-1.,-0.997317909817105),.UNSPECIFIED.)
CURVE()
GEOMETRIC_REPRESENTATION_ITEM()
RATIONAL_B_SPLINE_CURVE((1.,1.,1.,1.,1.,1.))
REPRESENTATION_ITEM('')
);
#966=(
BOUNDED_CURVE()
B_SPLINE_CURVE(5,(#5271,#5272,#5273,#5274,#5275,#5276),.UNSPECIFIED.,.F.,
 .F.)
B_SPLINE_CURVE_WITH_KNOTS((6,6),(-1.,-0.997317909817105),.UNSPECIFIED.)
CURVE()
GEOMETRIC_REPRESENTATION_ITEM()
RATIONAL_B_SPLINE_CURVE((1.,1.,1.,1.,1.,1.))
REPRESENTATION_ITEM('')
);
#967=(
BOUNDED_CURVE()
B_SPLINE_CURVE(5,(#5290,#5291,#5292,#5293,#5294,#5295),.UNSPECIFIED.,.F.,
 .F.)
B_SPLINE_CURVE_WITH_KNOTS((6,6),(-0.00305761203543655,0.),.UNSPECIFIED.)
CURVE()
GEOMETRIC_REPRESENTATION_ITEM()
RATIONAL_B_SPLINE_CURVE((1.,1.,1.,1.,1.,1.))
REPRESENTATION_ITEM('')
);
#968=(
BOUNDED_CURVE()
B_SPLINE_CURVE(5,(#5296,#5297,#5298,#5299,#5300,#5301),.UNSPECIFIED.,.F.,
 .F.)
B_SPLINE_CURVE_WITH_KNOTS((6,6),(-0.00305761203543655,0.),.UNSPECIFIED.)
CURVE()
GEOMETRIC_REPRESENTATION_ITEM()
RATIONAL_B_SPLINE_CURVE((1.,1.,1.,1.,1.,1.))
REPRESENTATION_ITEM('')
);
#969=(
BOUNDED_CURVE()
B_SPLINE_CURVE(5,(#5453,#5454,#5455,#5456,#5457,#5458,#5459,#5460,#5461,
#5462,#5463,#5464,#5465,#5466,#5467,#5468,#5469,#5470,#5471,#5472,#5473,
#5474,#5475,#5476,#5477,#5478,#5479,#5480,#5481,#5482,#5483,#5484,#5485,
#5486,#5487,#5488,#5489,#5490,#5491,#5492,#5493,#5494,#5495,#5496,#5497,
#5498,#5499,#5500,#5501,#5502,#5503,#5504,#5505,#5506,#5507,#5508,#5509,
#5510,#5511,#5512,#5513,#5514,#5515,#5516,#5517,#5518,#5519,#5520,#5521,
#5522,#5523,#5524,#5525,#5526,#5527),.UNSPECIFIED.,.F.,.F.)
B_SPLINE_CURVE_WITH_KNOTS((6,1,1,1,1,1,1,1,1,1,1,1,1,1,1,1,1,1,1,1,1,1,
1,1,1,1,1,1,1,1,1,1,1,1,1,1,1,1,1,1,1,1,1,1,1,1,1,1,1,1,1,1,1,1,1,1,1,1,
1,1,1,1,1,1,1,1,1,1,1,1,6),(0.,0.0142857142857143,0.0285714285714286,0.0428571428571429,
0.0571428571428571,0.0714285714285714,0.0857142857142857,0.1,0.114285714285714,
0.128571428571429,0.142857142857143,0.157142857142857,0.171428571428571,
0.185714285714286,0.2,0.214285714285714,0.228571428571429,0.242857142857143,
0.257142857142857,0.271428571428571,0.285714285714286,0.3,0.314285714285714,
0.328571428571429,0.342857142857143,0.357142857142857,0.371428571428571,
0.385714285714286,0.4,0.414285714285714,0.428571428571429,0.442857142857143,
0.457142857142857,0.471428571428571,0.485714285714286,0.5,0.514285714285714,
0.528571428571429,0.542857142857143,0.557142857142857,0.571428571428571,
0.585714285714286,0.6,0.614285714285714,0.628571428571428,0.642857142857142,
0.657142857142857,0.671428571428571,0.685714285714285,0.699999999999999,
0.714285714285714,0.728571428571428,0.742857142857142,0.757142857142856,
0.771428571428571,0.785714285714285,0.799999999999999,0.814285714285713,
0.828571428571428,0.842857142857142,0.857142857142856,0.87142857142857,
0.885714285714284,0.899999999999999,0.914285714285713,0.928571428571427,
0.942857142857141,0.957142857142856,0.97142857142857,0.985714285714284,
0.997317909817105),.UNSPECIFIED.)
CURVE()
GEOMETRIC_REPRESENTATION_ITEM()
RATIONAL_B_SPLINE_CURVE((1.,1.,1.,1.,1.,1.,1.,1.,1.,1.,1.,1.,1.,1.,1.,1.,
1.,1.,1.,1.,1.,1.,1.,1.,1.,1.,1.,1.,1.,1.,1.,1.,1.,1.,1.,1.,1.,1.,1.,1.,
1.,1.,1.,1.,1.,1.,1.,1.,1.,1.,1.,1.,1.,1.,1.,1.,1.,1.,1.,1.,1.,1.,1.,1.,
1.,1.,1.,1.,1.,1.,1.,1.,1.,1.,1.))
REPRESENTATION_ITEM('')
);
#970=(
BOUNDED_CURVE()
B_SPLINE_CURVE(5,(#5530,#5531,#5532,#5533,#5534,#5535,#5536,#5537,#5538,
#5539,#5540,#5541,#5542,#5543,#5544,#5545,#5546,#5547,#5548,#5549,#5550,
#5551,#5552,#5553,#5554,#5555,#5556,#5557,#5558,#5559,#5560,#5561,#5562,
#5563,#5564,#5565,#5566,#5567,#5568,#5569,#5570,#5571,#5572,#5573,#5574,
#5575,#5576,#5577,#5578,#5579,#5580,#5581,#5582,#5583,#5584,#5585,#5586,
#5587,#5588,#5589,#5590,#5591,#5592,#5593,#5594,#5595,#5596,#5597,#5598,
#5599,#5600,#5601,#5602,#5603,#5604),.UNSPECIFIED.,.F.,.F.)
B_SPLINE_CURVE_WITH_KNOTS((6,1,1,1,1,1,1,1,1,1,1,1,1,1,1,1,1,1,1,1,1,1,
1,1,1,1,1,1,1,1,1,1,1,1,1,1,1,1,1,1,1,1,1,1,1,1,1,1,1,1,1,1,1,1,1,1,1,1,
1,1,1,1,1,1,1,1,1,1,1,1,6),(0.,0.0142857142857143,0.0285714285714286,0.0428571428571429,
0.0571428571428571,0.0714285714285714,0.0857142857142857,0.1,0.114285714285714,
0.128571428571429,0.142857142857143,0.157142857142857,0.171428571428571,
0.185714285714286,0.2,0.214285714285714,0.228571428571429,0.242857142857143,
0.257142857142857,0.271428571428571,0.285714285714286,0.3,0.314285714285714,
0.328571428571429,0.342857142857143,0.357142857142857,0.371428571428571,
0.385714285714286,0.4,0.414285714285714,0.428571428571429,0.442857142857143,
0.457142857142857,0.471428571428571,0.485714285714286,0.5,0.514285714285714,
0.528571428571429,0.542857142857143,0.557142857142857,0.571428571428571,
0.585714285714286,0.6,0.614285714285714,0.628571428571428,0.642857142857142,
0.657142857142857,0.671428571428571,0.685714285714285,0.699999999999999,
0.714285714285714,0.728571428571428,0.742857142857142,0.757142857142856,
0.771428571428571,0.785714285714285,0.799999999999999,0.814285714285713,
0.828571428571428,0.842857142857142,0.857142857142856,0.87142857142857,
0.885714285714284,0.899999999999999,0.914285714285713,0.928571428571427,
0.942857142857141,0.957142857142856,0.97142857142857,0.985714285714284,
0.997317909817105),.UNSPECIFIED.)
CURVE()
GEOMETRIC_REPRESENTATION_ITEM()
RATIONAL_B_SPLINE_CURVE((1.,1.,1.,1.,1.,1.,1.,1.,1.,1.,1.,1.,1.,1.,1.,1.,
1.,1.,1.,1.,1.,1.,1.,1.,1.,1.,1.,1.,1.,1.,1.,1.,1.,1.,1.,1.,1.,1.,1.,1.,
1.,1.,1.,1.,1.,1.,1.,1.,1.,1.,1.,1.,1.,1.,1.,1.,1.,1.,1.,1.,1.,1.,1.,1.,
1.,1.,1.,1.,1.,1.,1.,1.,1.,1.,1.))
REPRESENTATION_ITEM('')
);
#971=(
BOUNDED_CURVE()
B_SPLINE_CURVE(5,(#5639,#5640,#5641,#5642,#5643,#5644,#5645,#5646,#5647,
#5648,#5649,#5650,#5651,#5652,#5653,#5654),.UNSPECIFIED.,.F.,.F.)
B_SPLINE_CURVE_WITH_KNOTS((6,1,1,1,1,1,1,1,1,1,1,6),(0.,0.0333333333333333,
0.0666666666666667,0.1,0.133333333333333,0.166666666666667,0.2,0.233333333333333,
0.266666666666667,0.3,0.333333333333333,0.356637772273336),
 .UNSPECIFIED.)
CURVE()
GEOMETRIC_REPRESENTATION_ITEM()
RATIONAL_B_SPLINE_CURVE((1.,1.,1.,1.,1.,1.,1.,1.,1.,1.,1.,1.,1.,1.,1.,1.))
REPRESENTATION_ITEM('')
);
#972=(
BOUNDED_CURVE()
B_SPLINE_CURVE(5,(#5657,#5658,#5659,#5660,#5661,#5662,#5663,#5664,#5665,
#5666,#5667,#5668,#5669,#5670,#5671,#5672),.UNSPECIFIED.,.F.,.F.)
B_SPLINE_CURVE_WITH_KNOTS((6,1,1,1,1,1,1,1,1,1,1,6),(0.,0.0333333333333333,
0.0666666666666667,0.1,0.133333333333333,0.166666666666667,0.2,0.233333333333333,
0.266666666666667,0.3,0.333333333333333,0.356637772273336),
 .UNSPECIFIED.)
CURVE()
GEOMETRIC_REPRESENTATION_ITEM()
RATIONAL_B_SPLINE_CURVE((1.,1.,1.,1.,1.,1.,1.,1.,1.,1.,1.,1.,1.,1.,1.,1.))
REPRESENTATION_ITEM('')
);
#973=(
BOUNDED_CURVE()
B_SPLINE_CURVE(5,(#5744,#5745,#5746,#5747,#5748,#5749,#5750,#5751,#5752,
#5753,#5754,#5755,#5756,#5757,#5758,#5759,#5760,#5761,#5762,#5763,#5764,
#5765,#5766,#5767,#5768,#5769,#5770,#5771,#5772,#5773,#5774,#5775,#5776,
#5777,#5778),.UNSPECIFIED.,.F.,.F.)
B_SPLINE_CURVE_WITH_KNOTS((6,1,1,1,1,1,1,1,1,1,1,1,1,1,1,1,1,1,1,1,1,1,
1,1,1,1,1,1,1,1,6),(0.,0.0333333333333333,0.0666666666666667,0.1,0.133333333333333,
0.166666666666667,0.2,0.233333333333333,0.266666666666667,0.3,0.333333333333333,
0.366666666666666,0.4,0.433333333333333,0.466666666666667,0.5,0.533333333333333,
0.566666666666667,0.6,0.633333333333333,0.666666666666667,0.7,0.733333333333333,
0.766666666666667,0.8,0.833333333333333,0.866666666666667,0.9,0.933333333333333,
0.966666666666666,1.),.UNSPECIFIED.)
CURVE()
GEOMETRIC_REPRESENTATION_ITEM()
RATIONAL_B_SPLINE_CURVE((1.,1.,1.,1.,1.,1.,1.,1.,1.,1.,1.,1.,1.,1.,1.,1.,
1.,1.,1.,1.,1.,1.,1.,1.,1.,1.,1.,1.,1.,1.,1.,1.,1.,1.,1.))
REPRESENTATION_ITEM('')
);
#974=(
BOUNDED_CURVE()
B_SPLINE_CURVE(5,(#5781,#5782,#5783,#5784,#5785,#5786,#5787,#5788,#5789,
#5790,#5791,#5792,#5793,#5794,#5795,#5796,#5797,#5798,#5799,#5800,#5801,
#5802,#5803,#5804,#5805,#5806,#5807,#5808,#5809,#5810,#5811,#5812,#5813,
#5814,#5815),.UNSPECIFIED.,.F.,.F.)
B_SPLINE_CURVE_WITH_KNOTS((6,1,1,1,1,1,1,1,1,1,1,1,1,1,1,1,1,1,1,1,1,1,
1,1,1,1,1,1,1,1,6),(0.,0.0333333333333333,0.0666666666666667,0.1,0.133333333333333,
0.166666666666667,0.2,0.233333333333333,0.266666666666667,0.3,0.333333333333333,
0.366666666666666,0.4,0.433333333333333,0.466666666666667,0.5,0.533333333333333,
0.566666666666667,0.6,0.633333333333333,0.666666666666667,0.7,0.733333333333333,
0.766666666666667,0.8,0.833333333333333,0.866666666666667,0.9,0.933333333333333,
0.966666666666666,1.),.UNSPECIFIED.)
CURVE()
GEOMETRIC_REPRESENTATION_ITEM()
RATIONAL_B_SPLINE_CURVE((1.,1.,1.,1.,1.,1.,1.,1.,1.,1.,1.,1.,1.,1.,1.,1.,
1.,1.,1.,1.,1.,1.,1.,1.,1.,1.,1.,1.,1.,1.,1.,1.,1.,1.,1.))
REPRESENTATION_ITEM('')
);
#975=(
BOUNDED_CURVE()
B_SPLINE_CURVE(5,(#5887,#5888,#5889,#5890,#5891,#5892,#5893,#5894,#5895,
#5896,#5897,#5898,#5899,#5900,#5901,#5902,#5903,#5904,#5905,#5906,#5907,
#5908,#5909,#5910,#5911,#5912,#5913,#5914,#5915,#5916,#5917,#5918,#5919,
#5920,#5921),.UNSPECIFIED.,.F.,.F.)
B_SPLINE_CURVE_WITH_KNOTS((6,1,1,1,1,1,1,1,1,1,1,1,1,1,1,1,1,1,1,1,1,1,
1,1,1,1,1,1,1,1,6),(0.,0.0333333333333333,0.0666666666666667,0.1,0.133333333333333,
0.166666666666667,0.2,0.233333333333333,0.266666666666667,0.3,0.333333333333333,
0.366666666666666,0.4,0.433333333333333,0.466666666666667,0.5,0.533333333333333,
0.566666666666667,0.6,0.633333333333333,0.666666666666667,0.7,0.733333333333333,
0.766666666666667,0.8,0.833333333333333,0.866666666666667,0.9,0.933333333333333,
0.966666666666666,1.),.UNSPECIFIED.)
CURVE()
GEOMETRIC_REPRESENTATION_ITEM()
RATIONAL_B_SPLINE_CURVE((1.,1.,1.,1.,1.,1.,1.,1.,1.,1.,1.,1.,1.,1.,1.,1.,
1.,1.,1.,1.,1.,1.,1.,1.,1.,1.,1.,1.,1.,1.,1.,1.,1.,1.,1.))
REPRESENTATION_ITEM('')
);
#976=(
BOUNDED_CURVE()
B_SPLINE_CURVE(5,(#5924,#5925,#5926,#5927,#5928,#5929,#5930,#5931,#5932,
#5933,#5934,#5935,#5936,#5937,#5938,#5939,#5940,#5941,#5942,#5943,#5944,
#5945,#5946,#5947,#5948,#5949,#5950,#5951,#5952,#5953,#5954,#5955,#5956,
#5957,#5958),.UNSPECIFIED.,.F.,.F.)
B_SPLINE_CURVE_WITH_KNOTS((6,1,1,1,1,1,1,1,1,1,1,1,1,1,1,1,1,1,1,1,1,1,
1,1,1,1,1,1,1,1,6),(0.,0.0333333333333333,0.0666666666666667,0.1,0.133333333333333,
0.166666666666667,0.2,0.233333333333333,0.266666666666667,0.3,0.333333333333333,
0.366666666666666,0.4,0.433333333333333,0.466666666666667,0.5,0.533333333333333,
0.566666666666667,0.6,0.633333333333333,0.666666666666667,0.7,0.733333333333333,
0.766666666666667,0.8,0.833333333333333,0.866666666666667,0.9,0.933333333333333,
0.966666666666666,1.),.UNSPECIFIED.)
CURVE()
GEOMETRIC_REPRESENTATION_ITEM()
RATIONAL_B_SPLINE_CURVE((1.,1.,1.,1.,1.,1.,1.,1.,1.,1.,1.,1.,1.,1.,1.,1.,
1.,1.,1.,1.,1.,1.,1.,1.,1.,1.,1.,1.,1.,1.,1.,1.,1.,1.,1.))
REPRESENTATION_ITEM('')
);
#977=(
BOUNDED_CURVE()
B_SPLINE_CURVE(5,(#6030,#6031,#6032,#6033,#6034,#6035,#6036,#6037,#6038,
#6039,#6040,#6041,#6042,#6043,#6044,#6045,#6046,#6047,#6048,#6049,#6050,
#6051,#6052,#6053,#6054,#6055,#6056,#6057,#6058,#6059,#6060,#6061,#6062,
#6063,#6064),.UNSPECIFIED.,.F.,.F.)
B_SPLINE_CURVE_WITH_KNOTS((6,1,1,1,1,1,1,1,1,1,1,1,1,1,1,1,1,1,1,1,1,1,
1,1,1,1,1,1,1,1,6),(0.,0.0333333333333333,0.0666666666666667,0.1,0.133333333333333,
0.166666666666667,0.2,0.233333333333333,0.266666666666667,0.3,0.333333333333333,
0.366666666666666,0.4,0.433333333333333,0.466666666666667,0.5,0.533333333333333,
0.566666666666667,0.6,0.633333333333333,0.666666666666667,0.7,0.733333333333333,
0.766666666666667,0.8,0.833333333333333,0.866666666666667,0.9,0.933333333333333,
0.966666666666666,1.),.UNSPECIFIED.)
CURVE()
GEOMETRIC_REPRESENTATION_ITEM()
RATIONAL_B_SPLINE_CURVE((1.,1.,1.,1.,1.,1.,1.,1.,1.,1.,1.,1.,1.,1.,1.,1.,
1.,1.,1.,1.,1.,1.,1.,1.,1.,1.,1.,1.,1.,1.,1.,1.,1.,1.,1.))
REPRESENTATION_ITEM('')
);
#978=(
BOUNDED_CURVE()
B_SPLINE_CURVE(5,(#6067,#6068,#6069,#6070,#6071,#6072,#6073,#6074,#6075,
#6076,#6077,#6078,#6079,#6080,#6081,#6082,#6083,#6084,#6085,#6086,#6087,
#6088,#6089,#6090,#6091,#6092,#6093,#6094,#6095,#6096,#6097,#6098,#6099,
#6100,#6101),.UNSPECIFIED.,.F.,.F.)
B_SPLINE_CURVE_WITH_KNOTS((6,1,1,1,1,1,1,1,1,1,1,1,1,1,1,1,1,1,1,1,1,1,
1,1,1,1,1,1,1,1,6),(0.,0.0333333333333333,0.0666666666666667,0.1,0.133333333333333,
0.166666666666667,0.2,0.233333333333333,0.266666666666667,0.3,0.333333333333333,
0.366666666666666,0.4,0.433333333333333,0.466666666666667,0.5,0.533333333333333,
0.566666666666667,0.6,0.633333333333333,0.666666666666667,0.7,0.733333333333333,
0.766666666666667,0.8,0.833333333333333,0.866666666666667,0.9,0.933333333333333,
0.966666666666666,1.),.UNSPECIFIED.)
CURVE()
GEOMETRIC_REPRESENTATION_ITEM()
RATIONAL_B_SPLINE_CURVE((1.,1.,1.,1.,1.,1.,1.,1.,1.,1.,1.,1.,1.,1.,1.,1.,
1.,1.,1.,1.,1.,1.,1.,1.,1.,1.,1.,1.,1.,1.,1.,1.,1.,1.,1.))
REPRESENTATION_ITEM('')
);
#979=(
BOUNDED_CURVE()
B_SPLINE_CURVE(5,(#6233,#6234,#6235,#6236,#6237,#6238,#6239,#6240,#6241,
#6242,#6243,#6244,#6245,#6246,#6247,#6248,#6249,#6250,#6251,#6252,#6253,
#6254,#6255,#6256,#6257,#6258,#6259,#6260,#6261,#6262,#6263,#6264,#6265,
#6266,#6267,#6268,#6269,#6270,#6271,#6272,#6273,#6274,#6275,#6276,#6277,
#6278,#6279,#6280,#6281,#6282,#6283,#6284,#6285,#6286,#6287,#6288,#6289,
#6290,#6291,#6292,#6293,#6294,#6295,#6296,#6297),.UNSPECIFIED.,.F.,.F.)
B_SPLINE_CURVE_WITH_KNOTS((6,1,1,1,1,1,1,1,1,1,1,1,1,1,1,1,1,1,1,1,1,1,
1,1,1,1,1,1,1,1,1,1,1,1,1,1,1,1,1,1,1,1,1,1,1,1,1,1,1,1,1,1,1,1,1,1,1,1,
1,1,6),(0.,0.0166666666666667,0.0333333333333333,0.05,0.0666666666666667,
0.0833333333333333,0.1,0.116666666666667,0.133333333333333,0.15,0.166666666666667,
0.183333333333333,0.2,0.216666666666667,0.233333333333333,0.25,0.266666666666667,
0.283333333333333,0.3,0.316666666666667,0.333333333333333,0.35,0.366666666666666,
0.383333333333333,0.4,0.416666666666667,0.433333333333333,0.45,0.466666666666667,
0.483333333333333,0.5,0.516666666666667,0.533333333333333,0.55,0.566666666666667,
0.583333333333333,0.6,0.616666666666667,0.633333333333334,0.65,0.666666666666667,
0.683333333333334,0.700000000000001,0.716666666666667,0.733333333333334,
0.750000000000001,0.766666666666667,0.783333333333334,0.800000000000001,
0.816666666666668,0.833333333333334,0.850000000000001,0.866666666666668,
0.883333333333334,0.900000000000001,0.916666666666668,0.933333333333334,
0.950000000000001,0.966666666666668,0.983333333333335,1.),.UNSPECIFIED.)
CURVE()
GEOMETRIC_REPRESENTATION_ITEM()
RATIONAL_B_SPLINE_CURVE((1.,1.,1.,1.,1.,1.,1.,1.,1.,1.,1.,1.,1.,1.,1.,1.,
1.,1.,1.,1.,1.,1.,1.,1.,1.,1.,1.,1.,1.,1.,1.,1.,1.,1.,1.,1.,1.,1.,1.,1.,
1.,1.,1.,1.,1.,1.,1.,1.,1.,1.,1.,1.,1.,1.,1.,1.,1.,1.,1.,1.,1.,1.,1.,1.,
1.))
REPRESENTATION_ITEM('')
);
#980=(
BOUNDED_CURVE()
B_SPLINE_CURVE(5,(#6300,#6301,#6302,#6303,#6304,#6305,#6306,#6307,#6308,
#6309,#6310,#6311,#6312,#6313,#6314,#6315,#6316,#6317,#6318,#6319,#6320,
#6321,#6322,#6323,#6324,#6325,#6326,#6327,#6328,#6329,#6330,#6331,#6332,
#6333,#6334,#6335,#6336,#6337,#6338,#6339,#6340,#6341,#6342,#6343,#6344,
#6345,#6346,#6347,#6348,#6349,#6350,#6351,#6352,#6353,#6354,#6355,#6356,
#6357,#6358,#6359,#6360,#6361,#6362,#6363,#6364),.UNSPECIFIED.,.F.,.F.)
B_SPLINE_CURVE_WITH_KNOTS((6,1,1,1,1,1,1,1,1,1,1,1,1,1,1,1,1,1,1,1,1,1,
1,1,1,1,1,1,1,1,1,1,1,1,1,1,1,1,1,1,1,1,1,1,1,1,1,1,1,1,1,1,1,1,1,1,1,1,
1,1,6),(0.,0.0166666666666667,0.0333333333333333,0.05,0.0666666666666667,
0.0833333333333333,0.1,0.116666666666667,0.133333333333333,0.15,0.166666666666667,
0.183333333333333,0.2,0.216666666666667,0.233333333333333,0.25,0.266666666666667,
0.283333333333333,0.3,0.316666666666667,0.333333333333333,0.35,0.366666666666666,
0.383333333333333,0.4,0.416666666666667,0.433333333333333,0.45,0.466666666666667,
0.483333333333333,0.5,0.516666666666667,0.533333333333333,0.55,0.566666666666667,
0.583333333333333,0.6,0.616666666666667,0.633333333333334,0.65,0.666666666666667,
0.683333333333334,0.700000000000001,0.716666666666667,0.733333333333334,
0.750000000000001,0.766666666666667,0.783333333333334,0.800000000000001,
0.816666666666668,0.833333333333334,0.850000000000001,0.866666666666668,
0.883333333333334,0.900000000000001,0.916666666666668,0.933333333333334,
0.950000000000001,0.966666666666668,0.983333333333335,1.),.UNSPECIFIED.)
CURVE()
GEOMETRIC_REPRESENTATION_ITEM()
RATIONAL_B_SPLINE_CURVE((1.,1.,1.,1.,1.,1.,1.,1.,1.,1.,1.,1.,1.,1.,1.,1.,
1.,1.,1.,1.,1.,1.,1.,1.,1.,1.,1.,1.,1.,1.,1.,1.,1.,1.,1.,1.,1.,1.,1.,1.,
1.,1.,1.,1.,1.,1.,1.,1.,1.,1.,1.,1.,1.,1.,1.,1.,1.,1.,1.,1.,1.,1.,1.,1.,
1.))
REPRESENTATION_ITEM('')
);
#981=(
BOUNDED_CURVE()
B_SPLINE_CURVE(5,(#6406,#6407,#6408,#6409,#6410,#6411,#6412,#6413,#6414,
#6415,#6416,#6417,#6418,#6419,#6420,#6421,#6422,#6423,#6424,#6425),
 .UNSPECIFIED.,.F.,.F.)
B_SPLINE_CURVE_WITH_KNOTS((6,1,1,1,1,1,1,1,1,1,1,1,1,1,1,6),(0.500824184137207,
0.533333333333333,0.566666666666667,0.6,0.633333333333333,0.666666666666667,
0.7,0.733333333333333,0.766666666666667,0.8,0.833333333333333,0.866666666666667,
0.9,0.933333333333333,0.966666666666666,1.),.UNSPECIFIED.)
CURVE()
GEOMETRIC_REPRESENTATION_ITEM()
RATIONAL_B_SPLINE_CURVE((1.,1.,1.,1.,1.,1.,1.,1.,1.,1.,1.,1.,1.,1.,1.,1.,
1.,1.,1.,1.))
REPRESENTATION_ITEM('')
);
#982=(
BOUNDED_CURVE()
B_SPLINE_CURVE(5,(#6428,#6429,#6430,#6431,#6432,#6433,#6434,#6435,#6436,
#6437,#6438,#6439,#6440,#6441,#6442,#6443,#6444,#6445,#6446,#6447),
 .UNSPECIFIED.,.F.,.F.)
B_SPLINE_CURVE_WITH_KNOTS((6,1,1,1,1,1,1,1,1,1,1,1,1,1,1,6),(0.500824184137207,
0.533333333333333,0.566666666666667,0.6,0.633333333333333,0.666666666666667,
0.7,0.733333333333333,0.766666666666667,0.8,0.833333333333333,0.866666666666667,
0.9,0.933333333333333,0.966666666666666,1.),.UNSPECIFIED.)
CURVE()
GEOMETRIC_REPRESENTATION_ITEM()
RATIONAL_B_SPLINE_CURVE((1.,1.,1.,1.,1.,1.,1.,1.,1.,1.,1.,1.,1.,1.,1.,1.,
1.,1.,1.,1.))
REPRESENTATION_ITEM('')
);
#983=(
BOUNDED_CURVE()
B_SPLINE_CURVE(5,(#6559,#6560,#6561,#6562,#6563,#6564,#6565,#6566,#6567,
#6568,#6569,#6570,#6571,#6572,#6573,#6574,#6575,#6576,#6577,#6578,#6579,
#6580,#6581,#6582,#6583,#6584,#6585,#6586,#6587,#6588,#6589,#6590,#6591,
#6592,#6593,#6594,#6595,#6596,#6597,#6598,#6599,#6600,#6601,#6602,#6603,
#6604,#6605,#6606,#6607,#6608,#6609,#6610,#6611,#6612,#6613),
 .UNSPECIFIED.,.F.,.F.)
B_SPLINE_CURVE_WITH_KNOTS((6,1,1,1,1,1,1,1,1,1,1,1,1,1,1,1,1,1,1,1,1,1,
1,1,1,1,1,1,1,1,1,1,1,1,1,1,1,1,1,1,1,1,1,1,1,1,1,1,1,1,6),(0.,0.02,0.04,
0.06,0.08,0.1,0.12,0.14,0.16,0.18,0.2,0.22,0.24,0.26,0.28,0.3,0.32,0.34,
0.36,0.38,0.4,0.42,0.44,0.46,0.48,0.5,0.52,0.54,0.56,0.58,0.6,0.62,0.64,
0.66,0.68,0.7,0.72,0.74,0.76,0.78,0.8,0.82,0.84,0.86,0.88,0.9,0.92,0.94,
0.96,0.98,1.),.UNSPECIFIED.)
CURVE()
GEOMETRIC_REPRESENTATION_ITEM()
RATIONAL_B_SPLINE_CURVE((1.,1.,1.,1.,1.,1.,1.,1.,1.,1.,1.,1.,1.,1.,1.,1.,
1.,1.,1.,1.,1.,1.,1.,1.,1.,1.,1.,1.,1.,1.,1.,1.,1.,1.,1.,1.,1.,1.,1.,1.,
1.,1.,1.,1.,1.,1.,1.,1.,1.,1.,1.,1.,1.,1.,1.))
REPRESENTATION_ITEM('')
);
#984=(
BOUNDED_CURVE()
B_SPLINE_CURVE(5,(#6616,#6617,#6618,#6619,#6620,#6621,#6622,#6623,#6624,
#6625,#6626,#6627,#6628,#6629,#6630,#6631,#6632,#6633,#6634,#6635,#6636,
#6637,#6638,#6639,#6640,#6641,#6642,#6643,#6644,#6645,#6646,#6647,#6648,
#6649,#6650,#6651,#6652,#6653,#6654,#6655,#6656,#6657,#6658,#6659,#6660,
#6661,#6662,#6663,#6664,#6665,#6666,#6667,#6668,#6669,#6670),
 .UNSPECIFIED.,.F.,.F.)
B_SPLINE_CURVE_WITH_KNOTS((6,1,1,1,1,1,1,1,1,1,1,1,1,1,1,1,1,1,1,1,1,1,
1,1,1,1,1,1,1,1,1,1,1,1,1,1,1,1,1,1,1,1,1,1,1,1,1,1,1,1,6),(0.,0.02,0.04,
0.06,0.08,0.1,0.12,0.14,0.16,0.18,0.2,0.22,0.24,0.26,0.28,0.3,0.32,0.34,
0.36,0.38,0.4,0.42,0.44,0.46,0.48,0.5,0.52,0.54,0.56,0.58,0.6,0.62,0.64,
0.66,0.68,0.7,0.72,0.74,0.76,0.78,0.8,0.82,0.84,0.86,0.88,0.9,0.92,0.94,
0.96,0.98,1.),.UNSPECIFIED.)
CURVE()
GEOMETRIC_REPRESENTATION_ITEM()
RATIONAL_B_SPLINE_CURVE((1.,1.,1.,1.,1.,1.,1.,1.,1.,1.,1.,1.,1.,1.,1.,1.,
1.,1.,1.,1.,1.,1.,1.,1.,1.,1.,1.,1.,1.,1.,1.,1.,1.,1.,1.,1.,1.,1.,1.,1.,
1.,1.,1.,1.,1.,1.,1.,1.,1.,1.,1.,1.,1.,1.,1.))
REPRESENTATION_ITEM('')
);
#985=(
BOUNDED_CURVE()
B_SPLINE_CURVE(5,(#6702,#6703,#6704,#6705,#6706,#6707,#6708,#6709,#6710,
#6711,#6712,#6713,#6714,#6715,#6716),.UNSPECIFIED.,.F.,.F.)
B_SPLINE_CURVE_WITH_KNOTS((6,1,1,1,1,1,1,1,1,1,6),(0.,0.1,0.2,0.3,0.4,0.5,
0.6,0.7,0.8,0.9,1.),.UNSPECIFIED.)
CURVE()
GEOMETRIC_REPRESENTATION_ITEM()
RATIONAL_B_SPLINE_CURVE((1.,1.,1.,1.,1.,1.,1.,1.,1.,1.,1.,1.,1.,1.,1.))
REPRESENTATION_ITEM('')
);
#986=(
BOUNDED_CURVE()
B_SPLINE_CURVE(5,(#6719,#6720,#6721,#6722,#6723,#6724,#6725,#6726,#6727,
#6728,#6729,#6730,#6731,#6732,#6733),.UNSPECIFIED.,.F.,.F.)
B_SPLINE_CURVE_WITH_KNOTS((6,1,1,1,1,1,1,1,1,1,6),(0.,0.1,0.2,0.3,0.4,0.5,
0.6,0.7,0.8,0.9,1.),.UNSPECIFIED.)
CURVE()
GEOMETRIC_REPRESENTATION_ITEM()
RATIONAL_B_SPLINE_CURVE((1.,1.,1.,1.,1.,1.,1.,1.,1.,1.,1.,1.,1.,1.,1.))
REPRESENTATION_ITEM('')
);
#987=(
BOUNDED_CURVE()
B_SPLINE_CURVE(5,(#6805,#6806,#6807,#6808,#6809,#6810,#6811,#6812,#6813,
#6814,#6815,#6816,#6817,#6818,#6819,#6820,#6821,#6822,#6823,#6824,#6825,
#6826,#6827,#6828,#6829,#6830,#6831,#6832,#6833,#6834,#6835,#6836,#6837,
#6838,#6839),.UNSPECIFIED.,.F.,.F.)
B_SPLINE_CURVE_WITH_KNOTS((6,1,1,1,1,1,1,1,1,1,1,1,1,1,1,1,1,1,1,1,1,1,
1,1,1,1,1,1,1,1,6),(0.,0.0333333333333333,0.0666666666666667,0.1,0.133333333333333,
0.166666666666667,0.2,0.233333333333333,0.266666666666667,0.3,0.333333333333333,
0.366666666666666,0.4,0.433333333333333,0.466666666666667,0.5,0.533333333333333,
0.566666666666667,0.6,0.633333333333333,0.666666666666667,0.7,0.733333333333333,
0.766666666666667,0.8,0.833333333333333,0.866666666666667,0.9,0.933333333333333,
0.966666666666666,1.),.UNSPECIFIED.)
CURVE()
GEOMETRIC_REPRESENTATION_ITEM()
RATIONAL_B_SPLINE_CURVE((1.,1.,1.,1.,1.,1.,1.,1.,1.,1.,1.,1.,1.,1.,1.,1.,
1.,1.,1.,1.,1.,1.,1.,1.,1.,1.,1.,1.,1.,1.,1.,1.,1.,1.,1.))
REPRESENTATION_ITEM('')
);
#988=(
BOUNDED_CURVE()
B_SPLINE_CURVE(5,(#6842,#6843,#6844,#6845,#6846,#6847,#6848,#6849,#6850,
#6851,#6852,#6853,#6854,#6855,#6856,#6857,#6858,#6859,#6860,#6861,#6862,
#6863,#6864,#6865,#6866,#6867,#6868,#6869,#6870,#6871,#6872,#6873,#6874,
#6875,#6876),.UNSPECIFIED.,.F.,.F.)
B_SPLINE_CURVE_WITH_KNOTS((6,1,1,1,1,1,1,1,1,1,1,1,1,1,1,1,1,1,1,1,1,1,
1,1,1,1,1,1,1,1,6),(0.,0.0333333333333333,0.0666666666666667,0.1,0.133333333333333,
0.166666666666667,0.2,0.233333333333333,0.266666666666667,0.3,0.333333333333333,
0.366666666666666,0.4,0.433333333333333,0.466666666666667,0.5,0.533333333333333,
0.566666666666667,0.6,0.633333333333333,0.666666666666667,0.7,0.733333333333333,
0.766666666666667,0.8,0.833333333333333,0.866666666666667,0.9,0.933333333333333,
0.966666666666666,1.),.UNSPECIFIED.)
CURVE()
GEOMETRIC_REPRESENTATION_ITEM()
RATIONAL_B_SPLINE_CURVE((1.,1.,1.,1.,1.,1.,1.,1.,1.,1.,1.,1.,1.,1.,1.,1.,
1.,1.,1.,1.,1.,1.,1.,1.,1.,1.,1.,1.,1.,1.,1.,1.,1.,1.,1.))
REPRESENTATION_ITEM('')
);
#989=(
BOUNDED_CURVE()
B_SPLINE_CURVE(5,(#6958,#6959,#6960,#6961,#6962,#6963,#6964,#6965,#6966,
#6967,#6968,#6969,#6970,#6971,#6972,#6973,#6974,#6975,#6976,#6977,#6978,
#6979,#6980,#6981,#6982,#6983,#6984,#6985,#6986,#6987,#6988,#6989,#6990,
#6991,#6992,#6993,#6994,#6995,#6996,#6997),.UNSPECIFIED.,.F.,.F.)
B_SPLINE_CURVE_WITH_KNOTS((6,1,1,1,1,1,1,1,1,1,1,1,1,1,1,1,1,1,1,1,1,1,
1,1,1,1,1,1,1,1,1,1,1,1,1,6),(0.,0.0285714285714286,0.0571428571428571,
0.0857142857142857,0.114285714285714,0.142857142857143,0.171428571428571,
0.2,0.228571428571429,0.257142857142857,0.285714285714286,0.314285714285714,
0.342857142857143,0.371428571428571,0.4,0.428571428571429,0.457142857142857,
0.485714285714286,0.514285714285714,0.542857142857143,0.571428571428572,
0.6,0.628571428571429,0.657142857142857,0.685714285714286,0.714285714285714,
0.742857142857143,0.771428571428571,0.8,0.828571428571429,0.857142857142857,
0.885714285714286,0.914285714285715,0.942857142857143,0.971428571428572,
1.),.UNSPECIFIED.)
CURVE()
GEOMETRIC_REPRESENTATION_ITEM()
RATIONAL_B_SPLINE_CURVE((1.,1.,1.,1.,1.,1.,1.,1.,1.,1.,1.,1.,1.,1.,1.,1.,
1.,1.,1.,1.,1.,1.,1.,1.,1.,1.,1.,1.,1.,1.,1.,1.,1.,1.,1.,1.,1.,1.,1.,1.))
REPRESENTATION_ITEM('')
);
#990=(
BOUNDED_CURVE()
B_SPLINE_CURVE(5,(#7000,#7001,#7002,#7003,#7004,#7005,#7006,#7007,#7008,
#7009,#7010,#7011,#7012,#7013,#7014,#7015,#7016,#7017,#7018,#7019,#7020,
#7021,#7022,#7023,#7024,#7025,#7026,#7027,#7028,#7029,#7030,#7031,#7032,
#7033,#7034,#7035,#7036,#7037,#7038,#7039),.UNSPECIFIED.,.F.,.F.)
B_SPLINE_CURVE_WITH_KNOTS((6,1,1,1,1,1,1,1,1,1,1,1,1,1,1,1,1,1,1,1,1,1,
1,1,1,1,1,1,1,1,1,1,1,1,1,6),(0.,0.0285714285714286,0.0571428571428571,
0.0857142857142857,0.114285714285714,0.142857142857143,0.171428571428571,
0.2,0.228571428571429,0.257142857142857,0.285714285714286,0.314285714285714,
0.342857142857143,0.371428571428571,0.4,0.428571428571429,0.457142857142857,
0.485714285714286,0.514285714285714,0.542857142857143,0.571428571428572,
0.6,0.628571428571429,0.657142857142857,0.685714285714286,0.714285714285714,
0.742857142857143,0.771428571428571,0.8,0.828571428571429,0.857142857142857,
0.885714285714286,0.914285714285715,0.942857142857143,0.971428571428572,
1.),.UNSPECIFIED.)
CURVE()
GEOMETRIC_REPRESENTATION_ITEM()
RATIONAL_B_SPLINE_CURVE((1.,1.,1.,1.,1.,1.,1.,1.,1.,1.,1.,1.,1.,1.,1.,1.,
1.,1.,1.,1.,1.,1.,1.,1.,1.,1.,1.,1.,1.,1.,1.,1.,1.,1.,1.,1.,1.,1.,1.,1.))
REPRESENTATION_ITEM('')
);
#991=(
BOUNDED_CURVE()
B_SPLINE_CURVE(5,(#7120,#7121,#7122,#7123,#7124,#7125,#7126,#7127,#7128,
#7129,#7130,#7131,#7132,#7133,#7134,#7135,#7136,#7137,#7138,#7139,#7140,
#7141,#7142,#7143,#7144,#7145,#7146,#7147,#7148,#7149,#7150,#7151,#7152,
#7153,#7154,#7155,#7156,#7157,#7158,#7159),.UNSPECIFIED.,.F.,.F.)
B_SPLINE_CURVE_WITH_KNOTS((6,1,1,1,1,1,1,1,1,1,1,1,1,1,1,1,1,1,1,1,1,1,
1,1,1,1,1,1,1,1,1,1,1,1,1,6),(0.00305761203544032,0.0285714285714286,0.0571428571428571,
0.0857142857142857,0.114285714285714,0.142857142857143,0.171428571428571,
0.2,0.228571428571429,0.257142857142857,0.285714285714286,0.314285714285714,
0.342857142857143,0.371428571428571,0.4,0.428571428571429,0.457142857142857,
0.485714285714286,0.514285714285714,0.542857142857143,0.571428571428572,
0.6,0.628571428571429,0.657142857142857,0.685714285714286,0.714285714285714,
0.742857142857143,0.771428571428571,0.8,0.828571428571429,0.857142857142857,
0.885714285714286,0.914285714285715,0.942857142857143,0.971428571428572,
1.),.UNSPECIFIED.)
CURVE()
GEOMETRIC_REPRESENTATION_ITEM()
RATIONAL_B_SPLINE_CURVE((1.,1.,1.,1.,1.,1.,1.,1.,1.,1.,1.,1.,1.,1.,1.,1.,
1.,1.,1.,1.,1.,1.,1.,1.,1.,1.,1.,1.,1.,1.,1.,1.,1.,1.,1.,1.,1.,1.,1.,1.))
REPRESENTATION_ITEM('')
);
#992=(
BOUNDED_CURVE()
B_SPLINE_CURVE(5,(#7160,#7161,#7162,#7163,#7164,#7165,#7166,#7167,#7168,
#7169,#7170,#7171,#7172,#7173,#7174,#7175,#7176,#7177,#7178,#7179,#7180,
#7181,#7182,#7183,#7184,#7185,#7186,#7187,#7188,#7189,#7190,#7191,#7192,
#7193,#7194,#7195,#7196,#7197,#7198,#7199),.UNSPECIFIED.,.F.,.F.)
B_SPLINE_CURVE_WITH_KNOTS((6,1,1,1,1,1,1,1,1,1,1,1,1,1,1,1,1,1,1,1,1,1,
1,1,1,1,1,1,1,1,1,1,1,1,1,6),(0.00305761203544032,0.0285714285714286,0.0571428571428571,
0.0857142857142857,0.114285714285714,0.142857142857143,0.171428571428571,
0.2,0.228571428571429,0.257142857142857,0.285714285714286,0.314285714285714,
0.342857142857143,0.371428571428571,0.4,0.428571428571429,0.457142857142857,
0.485714285714286,0.514285714285714,0.542857142857143,0.571428571428572,
0.6,0.628571428571429,0.657142857142857,0.685714285714286,0.714285714285714,
0.742857142857143,0.771428571428571,0.8,0.828571428571429,0.857142857142857,
0.885714285714286,0.914285714285715,0.942857142857143,0.971428571428572,
1.),.UNSPECIFIED.)
CURVE()
GEOMETRIC_REPRESENTATION_ITEM()
RATIONAL_B_SPLINE_CURVE((1.,1.,1.,1.,1.,1.,1.,1.,1.,1.,1.,1.,1.,1.,1.,1.,
1.,1.,1.,1.,1.,1.,1.,1.,1.,1.,1.,1.,1.,1.,1.,1.,1.,1.,1.,1.,1.,1.,1.,1.))
REPRESENTATION_ITEM('')
);
#993=VERTEX_POINT('',#3271);
#994=VERTEX_POINT('',#3272);
#995=VERTEX_POINT('',#3298);
#996=VERTEX_POINT('',#3300);
#997=VERTEX_POINT('',#3477);
#998=VERTEX_POINT('',#3478);
#999=VERTEX_POINT('',#3524);
#1000=VERTEX_POINT('',#3526);
#1001=VERTEX_POINT('',#3603);
#1002=VERTEX_POINT('',#3619);
#1003=VERTEX_POINT('',#3666);
#1004=VERTEX_POINT('',#3682);
#1005=VERTEX_POINT('',#3769);
#1006=VERTEX_POINT('',#3805);
#1007=VERTEX_POINT('',#3872);
#1008=VERTEX_POINT('',#3888);
#1009=VERTEX_POINT('',#3906);
#1010=VERTEX_POINT('',#3908);
#1011=VERTEX_POINT('',#4141);
#1012=VERTEX_POINT('',#4257);
#1013=VERTEX_POINT('',#4605);
#1014=VERTEX_POINT('',#4606);
#1015=VERTEX_POINT('',#4652);
#1016=VERTEX_POINT('',#4654);
#1017=VERTEX_POINT('',#4801);
#1018=VERTEX_POINT('',#4852);
#1019=VERTEX_POINT('',#5155);
#1020=VERTEX_POINT('',#5201);
#1021=VERTEX_POINT('',#5260);
#1022=VERTEX_POINT('',#5261);
#1023=VERTEX_POINT('',#5268);
#1024=VERTEX_POINT('',#5270);
#1025=VERTEX_POINT('',#5452);
#1026=VERTEX_POINT('',#5528);
#1027=VERTEX_POINT('',#5638);
#1028=VERTEX_POINT('',#5655);
#1029=VERTEX_POINT('',#5743);
#1030=VERTEX_POINT('',#5779);
#1031=VERTEX_POINT('',#5886);
#1032=VERTEX_POINT('',#5922);
#1033=VERTEX_POINT('',#6029);
#1034=VERTEX_POINT('',#6065);
#1035=VERTEX_POINT('',#6232);
#1036=VERTEX_POINT('',#6298);
#1037=VERTEX_POINT('',#6405);
#1038=VERTEX_POINT('',#6426);
#1039=VERTEX_POINT('',#6558);
#1040=VERTEX_POINT('',#6614);
#1041=VERTEX_POINT('',#6701);
#1042=VERTEX_POINT('',#6717);
#1043=VERTEX_POINT('',#6804);
#1044=VERTEX_POINT('',#6840);
#1045=VERTEX_POINT('',#6957);
#1046=VERTEX_POINT('',#6998);
#1047=VERTEX_POINT('',#7205);
#1048=VERTEX_POINT('',#7206);
#1049=VERTEX_POINT('',#7208);
#1050=VERTEX_POINT('',#7210);
#1051=VERTEX_POINT('',#7214);
#1052=VERTEX_POINT('',#7216);
#1053=VERTEX_POINT('',#7220);
#1054=VERTEX_POINT('',#7222);
#1055=VERTEX_POINT('',#7230);
#1056=VERTEX_POINT('',#7231);
#1057=VERTEX_POINT('',#7233);
#1058=VERTEX_POINT('',#7235);
#1059=VERTEX_POINT('',#7239);
#1060=VERTEX_POINT('',#7241);
#1061=VERTEX_POINT('',#7245);
#1062=VERTEX_POINT('',#7247);
#1063=VERTEX_POINT('',#7255);
#1064=VERTEX_POINT('',#7256);
#1065=VERTEX_POINT('',#7258);
#1066=VERTEX_POINT('',#7260);
#1067=VERTEX_POINT('',#7262);
#1068=VERTEX_POINT('',#7264);
#1069=VERTEX_POINT('',#7266);
#1070=VERTEX_POINT('',#7268);
#1071=VERTEX_POINT('',#7270);
#1072=VERTEX_POINT('',#7272);
#1073=VERTEX_POINT('',#7274);
#1074=VERTEX_POINT('',#7276);
#1075=VERTEX_POINT('',#7278);
#1076=VERTEX_POINT('',#7280);
#1077=VERTEX_POINT('',#7282);
#1078=VERTEX_POINT('',#7284);
#1079=VERTEX_POINT('',#7286);
#1080=VERTEX_POINT('',#7288);
#1081=VERTEX_POINT('',#7290);
#1082=VERTEX_POINT('',#7292);
#1083=VERTEX_POINT('',#7294);
#1084=VERTEX_POINT('',#7296);
#1085=VERTEX_POINT('',#7298);
#1086=VERTEX_POINT('',#7300);
#1087=VERTEX_POINT('',#7302);
#1088=VERTEX_POINT('',#7304);
#1089=VERTEX_POINT('',#7306);
#1090=VERTEX_POINT('',#7308);
#1091=VERTEX_POINT('',#7310);
#1092=VERTEX_POINT('',#7312);
#1093=VERTEX_POINT('',#7315);
#1094=VERTEX_POINT('',#7316);
#1095=VERTEX_POINT('',#7318);
#1096=VERTEX_POINT('',#7321);
#1097=VERTEX_POINT('',#7322);
#1098=VERTEX_POINT('',#7324);
#1099=VERTEX_POINT('',#7328);
#1100=VERTEX_POINT('',#7329);
#1101=VERTEX_POINT('',#7331);
#1102=VERTEX_POINT('',#7333);
#1103=VERTEX_POINT('',#7335);
#1104=VERTEX_POINT('',#7337);
#1105=VERTEX_POINT('',#7339);
#1106=VERTEX_POINT('',#7341);
#1107=VERTEX_POINT('',#7343);
#1108=VERTEX_POINT('',#7345);
#1109=VERTEX_POINT('',#7347);
#1110=VERTEX_POINT('',#7349);
#1111=VERTEX_POINT('',#7351);
#1112=VERTEX_POINT('',#7353);
#1113=VERTEX_POINT('',#7355);
#1114=VERTEX_POINT('',#7357);
#1115=VERTEX_POINT('',#7359);
#1116=VERTEX_POINT('',#7361);
#1117=VERTEX_POINT('',#7363);
#1118=VERTEX_POINT('',#7365);
#1119=VERTEX_POINT('',#7367);
#1120=VERTEX_POINT('',#7369);
#1121=VERTEX_POINT('',#7371);
#1122=VERTEX_POINT('',#7373);
#1123=VERTEX_POINT('',#7375);
#1124=VERTEX_POINT('',#7377);
#1125=VERTEX_POINT('',#7379);
#1126=VERTEX_POINT('',#7381);
#1127=VERTEX_POINT('',#7383);
#1128=VERTEX_POINT('',#7385);
#1129=VERTEX_POINT('',#7388);
#1130=VERTEX_POINT('',#7389);
#1131=VERTEX_POINT('',#7391);
#1132=VERTEX_POINT('',#7394);
#1133=VERTEX_POINT('',#7395);
#1134=VERTEX_POINT('',#7397);
#1135=VERTEX_POINT('',#7416);
#1136=VERTEX_POINT('',#7418);
#1137=VERTEX_POINT('',#7420);
#1138=VERTEX_POINT('',#7422);
#1139=VERTEX_POINT('',#7424);
#1140=VERTEX_POINT('',#7428);
#1141=VERTEX_POINT('',#7432);
#1142=VERTEX_POINT('',#7436);
#1143=VERTEX_POINT('',#7440);
#1144=VERTEX_POINT('',#7445);
#1145=VERTEX_POINT('',#7447);
#1146=VERTEX_POINT('',#7466);
#1147=VERTEX_POINT('',#7492);
#1148=VERTEX_POINT('',#7494);
#1149=VERTEX_POINT('',#7505);
#1150=VERTEX_POINT('',#7512);
#1151=VERTEX_POINT('',#7533);
#1152=VERTEX_POINT('',#7537);
#1153=VERTEX_POINT('',#7541);
#1154=VERTEX_POINT('',#7545);
#1155=VERTEX_POINT('',#7547);
#1156=VERTEX_POINT('',#7551);
#1157=VERTEX_POINT('',#7552);
#1158=VERTEX_POINT('',#7555);
#1159=VERTEX_POINT('',#7559);
#1160=VERTEX_POINT('',#7561);
#1161=VERTEX_POINT('',#7565);
#1162=VERTEX_POINT('',#7567);
#1163=VERTEX_POINT('',#7571);
#1164=VERTEX_POINT('',#7573);
#1165=VERTEX_POINT('',#7577);
#1166=VERTEX_POINT('',#7578);
#1167=VERTEX_POINT('',#7583);
#1168=VERTEX_POINT('',#7585);
#1169=VERTEX_POINT('',#7589);
#1170=VERTEX_POINT('',#7591);
#1171=VERTEX_POINT('',#7595);
#1172=VERTEX_POINT('',#7599);
#1173=VERTEX_POINT('',#7603);
#1174=VERTEX_POINT('',#7607);
#1175=VERTEX_POINT('',#7611);
#1176=VERTEX_POINT('',#7612);
#1177=VERTEX_POINT('',#7614);
#1178=VERTEX_POINT('',#7616);
#1179=VERTEX_POINT('',#7620);
#1180=VERTEX_POINT('',#7622);
#1181=VERTEX_POINT('',#7626);
#1182=VERTEX_POINT('',#7628);
#1183=VERTEX_POINT('',#7632);
#1184=VERTEX_POINT('',#7634);
#1185=VERTEX_POINT('',#7638);
#1186=VERTEX_POINT('',#7642);
#1187=VERTEX_POINT('',#7646);
#1188=VERTEX_POINT('',#7647);
#1189=VERTEX_POINT('',#7652);
#1190=VERTEX_POINT('',#7654);
#1191=VERTEX_POINT('',#7658);
#1192=VERTEX_POINT('',#7670);
#1193=VERTEX_POINT('',#7677);
#1194=VERTEX_POINT('',#7695);
#1195=VERTEX_POINT('',#7699);
#1196=VERTEX_POINT('',#7703);
#1197=VERTEX_POINT('',#7705);
#1198=VERTEX_POINT('',#7707);
#1199=VERTEX_POINT('',#7711);
#1200=VERTEX_POINT('',#7713);
#1201=VERTEX_POINT('',#7715);
#1202=VERTEX_POINT('',#7717);
#1203=VERTEX_POINT('',#7719);
#1204=VERTEX_POINT('',#7723);
#1205=VERTEX_POINT('',#7727);
#1206=VERTEX_POINT('',#7731);
#1207=VERTEX_POINT('',#7733);
#1208=VERTEX_POINT('',#7754);
#1209=VERTEX_POINT('',#7755);
#1210=VERTEX_POINT('',#7760);
#1211=VERTEX_POINT('',#7761);
#1212=VERTEX_POINT('',#7763);
#1213=VERTEX_POINT('',#7765);
#1214=VERTEX_POINT('',#7772);
#1215=VERTEX_POINT('',#7774);
#1216=VERTEX_POINT('',#7778);
#1217=VERTEX_POINT('',#7779);
#1218=VERTEX_POINT('',#7781);
#1219=VERTEX_POINT('',#7784);
#1220=EDGE_CURVE('',#993,#994,#939,.T.);
#1221=EDGE_CURVE('',#993,#995,#491,.T.);
#1222=EDGE_CURVE('',#995,#996,#940,.T.);
#1223=EDGE_CURVE('',#994,#996,#492,.T.);
#1224=EDGE_CURVE('',#994,#993,#941,.T.);
#1225=EDGE_CURVE('',#996,#995,#942,.T.);
#1226=EDGE_CURVE('',#997,#998,#943,.T.);
#1227=EDGE_CURVE('',#997,#999,#493,.T.);
#1228=EDGE_CURVE('',#999,#1000,#944,.T.);
#1229=EDGE_CURVE('',#998,#1000,#494,.T.);
#1230=EDGE_CURVE('',#1001,#997,#945,.T.);
#1231=EDGE_CURVE('',#1001,#1002,#495,.T.);
#1232=EDGE_CURVE('',#1002,#999,#946,.T.);
#1233=EDGE_CURVE('',#1003,#1001,#947,.T.);
#1234=EDGE_CURVE('',#1003,#1004,#496,.T.);
#1235=EDGE_CURVE('',#1004,#1002,#948,.T.);
#1236=EDGE_CURVE('',#1005,#1003,#949,.T.);
#1237=EDGE_CURVE('',#1005,#1006,#497,.T.);
#1238=EDGE_CURVE('',#1006,#1004,#950,.T.);
#1239=EDGE_CURVE('',#1007,#1005,#951,.T.);
#1240=EDGE_CURVE('',#1007,#1008,#498,.T.);
#1241=EDGE_CURVE('',#1008,#1006,#952,.T.);
#1242=EDGE_CURVE('',#1009,#1007,#499,.T.);
#1243=EDGE_CURVE('',#1009,#1010,#500,.T.);
#1244=EDGE_CURVE('',#1010,#1008,#501,.T.);
#1245=EDGE_CURVE('',#1011,#1009,#953,.T.);
#1246=EDGE_CURVE('',#1011,#1012,#502,.T.);
#1247=EDGE_CURVE('',#1012,#1010,#954,.T.);
#1248=EDGE_CURVE('',#998,#1011,#955,.T.);
#1249=EDGE_CURVE('',#1000,#1012,#956,.T.);
#1250=EDGE_CURVE('',#1013,#1014,#957,.T.);
#1251=EDGE_CURVE('',#1013,#1015,#503,.T.);
#1252=EDGE_CURVE('',#1015,#1016,#958,.T.);
#1253=EDGE_CURVE('',#1014,#1016,#504,.T.);
#1254=EDGE_CURVE('',#1017,#1013,#959,.T.);
#1255=EDGE_CURVE('',#1017,#1018,#505,.T.);
#1256=EDGE_CURVE('',#1018,#1015,#960,.T.);
#1257=EDGE_CURVE('',#1014,#1017,#961,.T.);
#1258=EDGE_CURVE('',#1016,#1018,#962,.T.);
#1259=EDGE_CURVE('',#1019,#1019,#963,.T.);
#1260=EDGE_CURVE('',#1019,#1020,#506,.T.);
#1261=EDGE_CURVE('',#1020,#1020,#964,.T.);
#1262=EDGE_CURVE('',#1021,#1022,#965,.T.);
#1263=EDGE_CURVE('',#1021,#1023,#507,.T.);
#1264=EDGE_CURVE('',#1023,#1024,#966,.T.);
#1265=EDGE_CURVE('',#1022,#1024,#508,.T.);
#1266=EDGE_CURVE('',#1022,#1021,#967,.T.);
#1267=EDGE_CURVE('',#1024,#1023,#968,.T.);
#1268=EDGE_CURVE('',#1025,#1022,#969,.T.);
#1269=EDGE_CURVE('',#1025,#1026,#509,.T.);
#1270=EDGE_CURVE('',#1026,#1024,#970,.T.);
#1271=EDGE_CURVE('',#1022,#1024,#510,.T.);
#1272=EDGE_CURVE('',#1027,#1025,#971,.T.);
#1273=EDGE_CURVE('',#1027,#1028,#511,.T.);
#1274=EDGE_CURVE('',#1028,#1026,#972,.T.);
#1275=EDGE_CURVE('',#1029,#1027,#973,.T.);
#1276=EDGE_CURVE('',#1029,#1030,#512,.T.);
#1277=EDGE_CURVE('',#1030,#1028,#974,.T.);
#1278=EDGE_CURVE('',#1031,#1029,#975,.T.);
#1279=EDGE_CURVE('',#1031,#1032,#513,.T.);
#1280=EDGE_CURVE('',#1032,#1030,#976,.T.);
#1281=EDGE_CURVE('',#1033,#1031,#977,.T.);
#1282=EDGE_CURVE('',#1033,#1034,#514,.T.);
#1283=EDGE_CURVE('',#1034,#1032,#978,.T.);
#1284=EDGE_CURVE('',#1035,#1033,#979,.T.);
#1285=EDGE_CURVE('',#1035,#1036,#515,.T.);
#1286=EDGE_CURVE('',#1036,#1034,#980,.T.);
#1287=EDGE_CURVE('',#1037,#1035,#981,.T.);
#1288=EDGE_CURVE('',#1037,#1038,#516,.T.);
#1289=EDGE_CURVE('',#1038,#1036,#982,.T.);
#1290=EDGE_CURVE('',#1039,#1037,#983,.T.);
#1291=EDGE_CURVE('',#1039,#1040,#517,.T.);
#1292=EDGE_CURVE('',#1040,#1038,#984,.T.);
#1293=EDGE_CURVE('',#1041,#1039,#985,.T.);
#1294=EDGE_CURVE('',#1041,#1042,#518,.T.);
#1295=EDGE_CURVE('',#1042,#1040,#986,.T.);
#1296=EDGE_CURVE('',#1043,#1041,#987,.T.);
#1297=EDGE_CURVE('',#1043,#1044,#519,.T.);
#1298=EDGE_CURVE('',#1044,#1042,#988,.T.);
#1299=EDGE_CURVE('',#1045,#1043,#989,.T.);
#1300=EDGE_CURVE('',#1045,#1046,#520,.T.);
#1301=EDGE_CURVE('',#1046,#1044,#990,.T.);
#1302=EDGE_CURVE('',#1022,#1045,#991,.T.);
#1303=EDGE_CURVE('',#1024,#1046,#992,.T.);
#1304=EDGE_CURVE('',#1047,#1048,#521,.T.);
#1305=EDGE_CURVE('',#1047,#1049,#522,.T.);
#1306=EDGE_CURVE('',#1049,#1050,#523,.T.);
#1307=EDGE_CURVE('',#1048,#1050,#524,.F.);
#1308=EDGE_CURVE('',#1051,#1047,#525,.T.);
#1309=EDGE_CURVE('',#1051,#1052,#526,.F.);
#1310=EDGE_CURVE('',#1052,#1049,#527,.F.);
#1311=EDGE_CURVE('',#1053,#1051,#528,.T.);
#1312=EDGE_CURVE('',#1053,#1054,#529,.T.);
#1313=EDGE_CURVE('',#1054,#1052,#530,.T.);
#1314=EDGE_CURVE('',#1048,#1053,#531,.T.);
#1315=EDGE_CURVE('',#1050,#1054,#532,.F.);
#1316=EDGE_CURVE('',#1055,#1056,#533,.T.);
#1317=EDGE_CURVE('',#1055,#1057,#534,.T.);
#1318=EDGE_CURVE('',#1057,#1058,#535,.T.);
#1319=EDGE_CURVE('',#1056,#1058,#536,.F.);
#1320=EDGE_CURVE('',#1059,#1055,#537,.T.);
#1321=EDGE_CURVE('',#1059,#1060,#538,.F.);
#1322=EDGE_CURVE('',#1060,#1057,#539,.F.);
#1323=EDGE_CURVE('',#1061,#1059,#540,.T.);
#1324=EDGE_CURVE('',#1061,#1062,#541,.T.);
#1325=EDGE_CURVE('',#1062,#1060,#542,.T.);
#1326=EDGE_CURVE('',#1056,#1061,#543,.T.);
#1327=EDGE_CURVE('',#1058,#1062,#544,.F.);
#1328=EDGE_CURVE('',#1063,#1064,#545,.T.);
#1329=EDGE_CURVE('',#1065,#1063,#546,.T.);
#1330=EDGE_CURVE('',#1065,#1066,#547,.T.);
#1331=EDGE_CURVE('',#1067,#1066,#548,.T.);
#1332=EDGE_CURVE('',#1068,#1067,#549,.F.);
#1333=EDGE_CURVE('',#1069,#1068,#550,.T.);
#1334=EDGE_CURVE('',#1070,#1069,#60,.T.);
#1335=EDGE_CURVE('',#1070,#1071,#551,.T.);
#1336=EDGE_CURVE('',#1071,#1072,#552,.T.);
#1337=EDGE_CURVE('',#1073,#1072,#553,.T.);
#1338=EDGE_CURVE('',#1073,#1074,#554,.T.);
#1339=EDGE_CURVE('',#1074,#1075,#555,.T.);
#1340=EDGE_CURVE('',#1076,#1075,#61,.T.);
#1341=EDGE_CURVE('',#1077,#1076,#556,.T.);
#1342=EDGE_CURVE('',#1078,#1077,#557,.F.);
#1343=EDGE_CURVE('',#1079,#1078,#558,.T.);
#1344=EDGE_CURVE('',#1079,#1080,#559,.T.);
#1345=EDGE_CURVE('',#1081,#1080,#560,.T.);
#1346=EDGE_CURVE('',#1082,#1081,#561,.T.);
#1347=EDGE_CURVE('',#1083,#1082,#62,.T.);
#1348=EDGE_CURVE('',#1084,#1083,#562,.T.);
#1349=EDGE_CURVE('',#1085,#1084,#563,.T.);
#1350=EDGE_CURVE('',#1086,#1085,#63,.T.);
#1351=EDGE_CURVE('',#1087,#1086,#564,.T.);
#1352=EDGE_CURVE('',#1087,#1088,#565,.T.);
#1353=EDGE_CURVE('',#1088,#1089,#566,.T.);
#1354=EDGE_CURVE('',#1090,#1089,#64,.T.);
#1355=EDGE_CURVE('',#1090,#1091,#567,.T.);
#1356=EDGE_CURVE('',#1092,#1091,#568,.T.);
#1357=EDGE_CURVE('',#1064,#1092,#65,.T.);
#1358=EDGE_CURVE('',#1093,#1094,#569,.T.);
#1359=EDGE_CURVE('',#1094,#1095,#570,.T.);
#1360=EDGE_CURVE('',#1095,#1093,#571,.T.);
#1361=EDGE_CURVE('',#1096,#1097,#572,.F.);
#1362=EDGE_CURVE('',#1098,#1096,#573,.F.);
#1363=EDGE_CURVE('',#1098,#1097,#574,.T.);
#1364=EDGE_CURVE('',#1099,#1100,#575,.T.);
#1365=EDGE_CURVE('',#1101,#1099,#66,.T.);
#1366=EDGE_CURVE('',#1102,#1101,#576,.T.);
#1367=EDGE_CURVE('',#1103,#1102,#67,.T.);
#1368=EDGE_CURVE('',#1104,#1103,#577,.T.);
#1369=EDGE_CURVE('',#1105,#1104,#578,.T.);
#1370=EDGE_CURVE('',#1106,#1105,#579,.T.);
#1371=EDGE_CURVE('',#1107,#1106,#68,.T.);
#1372=EDGE_CURVE('',#1108,#1107,#580,.T.);
#1373=EDGE_CURVE('',#1109,#1108,#69,.T.);
#1374=EDGE_CURVE('',#1110,#1109,#581,.T.);
#1375=EDGE_CURVE('',#1111,#1110,#70,.T.);
#1376=EDGE_CURVE('',#1112,#1111,#582,.T.);
#1377=EDGE_CURVE('',#1113,#1112,#583,.T.);
#1378=EDGE_CURVE('',#1114,#1113,#584,.T.);
#1379=EDGE_CURVE('',#1115,#1114,#585,.T.);
#1380=EDGE_CURVE('',#1116,#1115,#71,.T.);
#1381=EDGE_CURVE('',#1117,#1116,#586,.T.);
#1382=EDGE_CURVE('',#1118,#1117,#587,.T.);
#1383=EDGE_CURVE('',#1119,#1118,#588,.T.);
#1384=EDGE_CURVE('',#1120,#1119,#589,.T.);
#1385=EDGE_CURVE('',#1121,#1120,#590,.T.);
#1386=EDGE_CURVE('',#1122,#1121,#591,.T.);
#1387=EDGE_CURVE('',#1123,#1122,#592,.T.);
#1388=EDGE_CURVE('',#1124,#1123,#72,.T.);
#1389=EDGE_CURVE('',#1125,#1124,#593,.T.);
#1390=EDGE_CURVE('',#1126,#1125,#594,.T.);
#1391=EDGE_CURVE('',#1127,#1126,#595,.T.);
#1392=EDGE_CURVE('',#1128,#1127,#596,.T.);
#1393=EDGE_CURVE('',#1100,#1128,#73,.T.);
#1394=EDGE_CURVE('',#1129,#1130,#597,.T.);
#1395=EDGE_CURVE('',#1131,#1129,#598,.T.);
#1396=EDGE_CURVE('',#1130,#1131,#599,.T.);
#1397=EDGE_CURVE('',#1132,#1133,#600,.T.);
#1398=EDGE_CURVE('',#1134,#1132,#601,.T.);
#1399=EDGE_CURVE('',#1133,#1134,#602,.T.);
#1400=EDGE_CURVE('',#1093,#1134,#603,.T.);
#1401=EDGE_CURVE('',#1095,#1133,#604,.T.);
#1402=EDGE_CURVE('',#1094,#1132,#605,.T.);
#1403=EDGE_CURVE('',#1097,#1129,#606,.T.);
#1404=EDGE_CURVE('',#1131,#1098,#607,.T.);
#1405=EDGE_CURVE('',#1096,#1130,#608,.T.);
#1406=EDGE_CURVE('',#1113,#1079,#609,.T.);
#1407=EDGE_CURVE('',#1078,#1114,#610,.F.);
#1408=EDGE_CURVE('',#1080,#1112,#611,.T.);
#1409=EDGE_CURVE('',#1135,#1111,#612,.T.);
#1410=EDGE_CURVE('',#1136,#1135,#74,.T.);
#1411=EDGE_CURVE('',#1137,#1136,#613,.T.);
#1412=EDGE_CURVE('',#1138,#1137,#614,.T.);
#1413=EDGE_CURVE('',#1138,#1139,#615,.F.);
#1414=EDGE_CURVE('',#1139,#1081,#616,.F.);
#1415=EDGE_CURVE('',#1140,#1110,#617,.T.);
#1416=EDGE_CURVE('',#1140,#1135,#75,.T.);
#1417=EDGE_CURVE('',#1141,#1109,#618,.T.);
#1418=EDGE_CURVE('',#1140,#1141,#619,.T.);
#1419=EDGE_CURVE('',#1108,#1142,#620,.T.);
#1420=EDGE_CURVE('',#1141,#1142,#76,.T.);
#1421=EDGE_CURVE('',#1143,#1107,#621,.T.);
#1422=EDGE_CURVE('',#1142,#1143,#622,.T.);
#1423=EDGE_CURVE('',#1086,#1106,#623,.T.);
#1424=EDGE_CURVE('',#1085,#1144,#624,.T.);
#1425=EDGE_CURVE('',#1144,#1145,#23,.T.);
#1426=EDGE_CURVE('',#1145,#1146,#24,.T.);
#1427=EDGE_CURVE('',#1146,#1143,#25,.T.);
#1428=EDGE_CURVE('',#1087,#1105,#625,.T.);
#1429=EDGE_CURVE('',#1104,#1088,#626,.T.);
#1430=EDGE_CURVE('',#1089,#1103,#627,.T.);
#1431=EDGE_CURVE('',#1102,#1147,#628,.T.);
#1432=EDGE_CURVE('',#1147,#1148,#26,.T.);
#1433=EDGE_CURVE('',#1148,#1149,#27,.T.);
#1434=EDGE_CURVE('',#1149,#1150,#28,.T.);
#1435=EDGE_CURVE('',#1150,#1090,#629,.T.);
#1436=EDGE_CURVE('',#1151,#1101,#630,.T.);
#1437=EDGE_CURVE('',#1147,#1151,#631,.T.);
#1438=EDGE_CURVE('',#1099,#1152,#632,.T.);
#1439=EDGE_CURVE('',#1151,#1152,#77,.T.);
#1440=EDGE_CURVE('',#1153,#1100,#633,.T.);
#1441=EDGE_CURVE('',#1152,#1153,#634,.T.);
#1442=EDGE_CURVE('',#1140,#1154,#78,.T.);
#1443=EDGE_CURVE('',#1155,#1141,#79,.T.);
#1444=EDGE_CURVE('',#1155,#1154,#635,.T.);
#1445=EDGE_CURVE('',#1156,#1157,#80,.T.);
#1446=EDGE_CURVE('',#1157,#1137,#81,.T.);
#1447=EDGE_CURVE('',#1158,#1137,#82,.T.);
#1448=EDGE_CURVE('',#1158,#1156,#83,.T.);
#1449=EDGE_CURVE('',#1156,#1159,#636,.T.);
#1450=EDGE_CURVE('',#1160,#1159,#84,.T.);
#1451=EDGE_CURVE('',#1160,#1157,#637,.T.);
#1452=EDGE_CURVE('',#1159,#1161,#85,.T.);
#1453=EDGE_CURVE('',#1162,#1161,#86,.T.);
#1454=EDGE_CURVE('',#1162,#1160,#87,.T.);
#1455=EDGE_CURVE('',#1161,#1163,#638,.T.);
#1456=EDGE_CURVE('',#1164,#1163,#88,.T.);
#1457=EDGE_CURVE('',#1164,#1162,#639,.T.);
#1458=EDGE_CURVE('',#1165,#1166,#89,.T.);
#1459=EDGE_CURVE('',#1166,#1164,#90,.T.);
#1460=EDGE_CURVE('',#1163,#1165,#91,.T.);
#1461=EDGE_CURVE('',#1165,#1167,#640,.T.);
#1462=EDGE_CURVE('',#1167,#1168,#92,.T.);
#1463=EDGE_CURVE('',#1168,#1166,#641,.T.);
#1464=EDGE_CURVE('',#1168,#1169,#642,.T.);
#1465=EDGE_CURVE('',#1169,#1170,#643,.T.);
#1466=EDGE_CURVE('',#1166,#1170,#644,.T.);
#1467=EDGE_CURVE('',#1170,#1171,#93,.T.);
#1468=EDGE_CURVE('',#1171,#1164,#645,.T.);
#1469=EDGE_CURVE('',#1172,#1171,#646,.T.);
#1470=EDGE_CURVE('',#1162,#1172,#647,.T.);
#1471=EDGE_CURVE('',#1172,#1173,#94,.T.);
#1472=EDGE_CURVE('',#1173,#1160,#648,.T.);
#1473=EDGE_CURVE('',#1174,#1173,#649,.T.);
#1474=EDGE_CURVE('',#1157,#1174,#650,.T.);
#1475=EDGE_CURVE('',#1175,#1176,#651,.T.);
#1476=EDGE_CURVE('',#1177,#1175,#652,.T.);
#1477=EDGE_CURVE('',#1178,#1177,#653,.T.);
#1478=EDGE_CURVE('',#1176,#1178,#654,.T.);
#1479=EDGE_CURVE('',#1176,#1179,#95,.T.);
#1480=EDGE_CURVE('',#1178,#1180,#96,.T.);
#1481=EDGE_CURVE('',#1180,#1179,#655,.T.);
#1482=EDGE_CURVE('',#1179,#1181,#656,.T.);
#1483=EDGE_CURVE('',#1182,#1180,#657,.T.);
#1484=EDGE_CURVE('',#1181,#1182,#658,.T.);
#1485=EDGE_CURVE('',#1183,#1179,#97,.T.);
#1486=EDGE_CURVE('',#1184,#1181,#98,.T.);
#1487=EDGE_CURVE('',#1184,#1183,#659,.T.);
#1488=EDGE_CURVE('',#1185,#1176,#99,.T.);
#1489=EDGE_CURVE('',#1183,#1185,#100,.T.);
#1490=EDGE_CURVE('',#1186,#1175,#101,.T.);
#1491=EDGE_CURVE('',#1185,#1186,#660,.T.);
#1492=EDGE_CURVE('',#1187,#1188,#102,.T.);
#1493=EDGE_CURVE('',#1187,#1175,#103,.T.);
#1494=EDGE_CURVE('',#1186,#1188,#104,.T.);
#1495=EDGE_CURVE('',#1189,#1153,#105,.T.);
#1496=EDGE_CURVE('',#1189,#1190,#661,.T.);
#1497=EDGE_CURVE('',#1152,#1190,#106,.T.);
#1498=EDGE_CURVE('',#1128,#1191,#662,.T.);
#1499=EDGE_CURVE('',#1191,#1153,#107,.T.);
#1500=EDGE_CURVE('',#1192,#1189,#108,.T.);
#1501=EDGE_CURVE('',#1191,#1192,#109,.T.);
#1502=EDGE_CURVE('',#1188,#1189,#663,.T.);
#1503=EDGE_CURVE('',#1192,#1187,#664,.T.);
#1504=EDGE_CURVE('',#1187,#1193,#665,.T.);
#1505=EDGE_CURVE('',#1193,#1177,#110,.T.);
#1506=EDGE_CURVE('',#1174,#1138,#111,.T.);
#1507=EDGE_CURVE('',#1154,#1136,#112,.T.);
#1508=EDGE_CURVE('',#1154,#1158,#666,.T.);
#1509=EDGE_CURVE('',#1142,#1194,#113,.T.);
#1510=EDGE_CURVE('',#1194,#1155,#114,.T.);
#1511=EDGE_CURVE('',#1195,#1194,#667,.T.);
#1512=EDGE_CURVE('',#1167,#1195,#668,.T.);
#1513=EDGE_CURVE('',#1196,#1169,#669,.T.);
#1514=EDGE_CURVE('',#1197,#1196,#670,.T.);
#1515=EDGE_CURVE('',#1198,#1197,#115,.T.);
#1516=EDGE_CURVE('',#1139,#1198,#671,.T.);
#1517=EDGE_CURVE('',#1199,#1193,#672,.F.);
#1518=EDGE_CURVE('',#1200,#1199,#673,.T.);
#1519=EDGE_CURVE('',#1201,#1200,#116,.T.);
#1520=EDGE_CURVE('',#1202,#1201,#674,.T.);
#1521=EDGE_CURVE('',#1203,#1202,#675,.T.);
#1522=EDGE_CURVE('',#1182,#1203,#117,.T.);
#1523=EDGE_CURVE('',#1181,#1204,#118,.T.);
#1524=EDGE_CURVE('',#1203,#1204,#676,.T.);
#1525=EDGE_CURVE('',#1204,#1205,#119,.T.);
#1526=EDGE_CURVE('',#1205,#1184,#120,.T.);
#1527=EDGE_CURVE('',#1206,#1205,#677,.T.);
#1528=EDGE_CURVE('',#1207,#1206,#678,.T.);
#1529=EDGE_CURVE('',#1190,#1207,#121,.T.);
#1530=EDGE_CURVE('',#1207,#1151,#122,.T.);
#1531=EDGE_CURVE('',#1063,#1199,#679,.F.);
#1532=EDGE_CURVE('',#1064,#1200,#680,.T.);
#1533=EDGE_CURVE('',#1092,#1201,#681,.T.);
#1534=EDGE_CURVE('',#1202,#1091,#682,.T.);
#1535=EDGE_CURVE('',#1084,#1196,#683,.T.);
#1536=EDGE_CURVE('',#1083,#1197,#684,.T.);
#1537=EDGE_CURVE('',#1082,#1198,#685,.T.);
#1538=EDGE_CURVE('',#1065,#1127,#686,.F.);
#1539=EDGE_CURVE('',#1208,#1209,#687,.T.);
#1540=EDGE_CURVE('',#1069,#1208,#688,.T.);
#1541=EDGE_CURVE('',#1209,#1068,#689,.F.);
#1542=EDGE_CURVE('',#1210,#1211,#123,.T.);
#1543=EDGE_CURVE('',#1210,#1212,#690,.T.);
#1544=EDGE_CURVE('',#1212,#1213,#691,.T.);
#1545=EDGE_CURVE('',#1213,#1208,#124,.T.);
#1546=EDGE_CURVE('',#1209,#1211,#692,.F.);
#1547=EDGE_CURVE('',#1213,#1070,#693,.T.);
#1548=EDGE_CURVE('',#1075,#1214,#694,.T.);
#1549=EDGE_CURVE('',#1215,#1214,#125,.T.);
#1550=EDGE_CURVE('',#1076,#1215,#695,.T.);
#1551=EDGE_CURVE('',#1216,#1217,#126,.T.);
#1552=EDGE_CURVE('',#1216,#1218,#696,.F.);
#1553=EDGE_CURVE('',#1218,#1215,#697,.T.);
#1554=EDGE_CURVE('',#1214,#1219,#698,.T.);
#1555=EDGE_CURVE('',#1219,#1217,#699,.T.);
#1556=EDGE_CURVE('',#1077,#1218,#700,.F.);
#1557=EDGE_CURVE('',#1195,#1146,#127,.T.);
#1558=EDGE_CURVE('',#1145,#1195,#128,.T.);
#1559=EDGE_CURVE('',#1144,#1168,#701,.T.);
#1560=EDGE_CURVE('',#1204,#1150,#702,.T.);
#1561=EDGE_CURVE('',#1149,#1206,#129,.T.);
#1562=EDGE_CURVE('',#1148,#1206,#130,.T.);
#1563=EDGE_CURVE('',#1126,#1066,#703,.F.);
#1564=EDGE_CURVE('',#1067,#1125,#704,.T.);
#1565=EDGE_CURVE('',#1211,#1124,#705,.T.);
#1566=EDGE_CURVE('',#1210,#1123,#706,.T.);
#1567=EDGE_CURVE('',#1212,#1122,#707,.T.);
#1568=EDGE_CURVE('',#1071,#1121,#708,.T.);
#1569=EDGE_CURVE('',#1120,#1072,#709,.F.);
#1570=EDGE_CURVE('',#1119,#1073,#710,.T.);
#1571=EDGE_CURVE('',#1074,#1118,#711,.T.);
#1572=EDGE_CURVE('',#1117,#1219,#712,.T.);
#1573=EDGE_CURVE('',#1217,#1116,#713,.T.);
#1574=EDGE_CURVE('',#1115,#1216,#714,.T.);
#1575=ORIENTED_EDGE('',*,*,#1220,.F.);
#1576=ORIENTED_EDGE('',*,*,#1221,.T.);
#1577=ORIENTED_EDGE('',*,*,#1222,.T.);
#1578=ORIENTED_EDGE('',*,*,#1223,.F.);
#1579=ORIENTED_EDGE('',*,*,#1224,.F.);
#1580=ORIENTED_EDGE('',*,*,#1223,.T.);
#1581=ORIENTED_EDGE('',*,*,#1225,.T.);
#1582=ORIENTED_EDGE('',*,*,#1221,.F.);
#1583=ORIENTED_EDGE('',*,*,#1226,.F.);
#1584=ORIENTED_EDGE('',*,*,#1227,.T.);
#1585=ORIENTED_EDGE('',*,*,#1228,.T.);
#1586=ORIENTED_EDGE('',*,*,#1229,.F.);
#1587=ORIENTED_EDGE('',*,*,#1230,.F.);
#1588=ORIENTED_EDGE('',*,*,#1231,.T.);
#1589=ORIENTED_EDGE('',*,*,#1232,.T.);
#1590=ORIENTED_EDGE('',*,*,#1227,.F.);
#1591=ORIENTED_EDGE('',*,*,#1233,.F.);
#1592=ORIENTED_EDGE('',*,*,#1234,.T.);
#1593=ORIENTED_EDGE('',*,*,#1235,.T.);
#1594=ORIENTED_EDGE('',*,*,#1231,.F.);
#1595=ORIENTED_EDGE('',*,*,#1236,.F.);
#1596=ORIENTED_EDGE('',*,*,#1237,.T.);
#1597=ORIENTED_EDGE('',*,*,#1238,.T.);
#1598=ORIENTED_EDGE('',*,*,#1234,.F.);
#1599=ORIENTED_EDGE('',*,*,#1239,.F.);
#1600=ORIENTED_EDGE('',*,*,#1240,.T.);
#1601=ORIENTED_EDGE('',*,*,#1241,.T.);
#1602=ORIENTED_EDGE('',*,*,#1237,.F.);
#1603=ORIENTED_EDGE('',*,*,#1242,.F.);
#1604=ORIENTED_EDGE('',*,*,#1243,.T.);
#1605=ORIENTED_EDGE('',*,*,#1244,.T.);
#1606=ORIENTED_EDGE('',*,*,#1240,.F.);
#1607=ORIENTED_EDGE('',*,*,#1245,.F.);
#1608=ORIENTED_EDGE('',*,*,#1246,.T.);
#1609=ORIENTED_EDGE('',*,*,#1247,.T.);
#1610=ORIENTED_EDGE('',*,*,#1243,.F.);
#1611=ORIENTED_EDGE('',*,*,#1248,.F.);
#1612=ORIENTED_EDGE('',*,*,#1229,.T.);
#1613=ORIENTED_EDGE('',*,*,#1249,.T.);
#1614=ORIENTED_EDGE('',*,*,#1246,.F.);
#1615=ORIENTED_EDGE('',*,*,#1249,.F.);
#1616=ORIENTED_EDGE('',*,*,#1228,.F.);
#1617=ORIENTED_EDGE('',*,*,#1232,.F.);
#1618=ORIENTED_EDGE('',*,*,#1235,.F.);
#1619=ORIENTED_EDGE('',*,*,#1238,.F.);
#1620=ORIENTED_EDGE('',*,*,#1241,.F.);
#1621=ORIENTED_EDGE('',*,*,#1244,.F.);
#1622=ORIENTED_EDGE('',*,*,#1247,.F.);
#1623=ORIENTED_EDGE('',*,*,#1225,.F.);
#1624=ORIENTED_EDGE('',*,*,#1222,.F.);
#1625=ORIENTED_EDGE('',*,*,#1250,.F.);
#1626=ORIENTED_EDGE('',*,*,#1251,.T.);
#1627=ORIENTED_EDGE('',*,*,#1252,.T.);
#1628=ORIENTED_EDGE('',*,*,#1253,.F.);
#1629=ORIENTED_EDGE('',*,*,#1254,.F.);
#1630=ORIENTED_EDGE('',*,*,#1255,.T.);
#1631=ORIENTED_EDGE('',*,*,#1256,.T.);
#1632=ORIENTED_EDGE('',*,*,#1251,.F.);
#1633=ORIENTED_EDGE('',*,*,#1257,.F.);
#1634=ORIENTED_EDGE('',*,*,#1253,.T.);
#1635=ORIENTED_EDGE('',*,*,#1258,.T.);
#1636=ORIENTED_EDGE('',*,*,#1255,.F.);
#1637=ORIENTED_EDGE('',*,*,#1258,.F.);
#1638=ORIENTED_EDGE('',*,*,#1252,.F.);
#1639=ORIENTED_EDGE('',*,*,#1256,.F.);
#1640=ORIENTED_EDGE('',*,*,#1259,.F.);
#1641=ORIENTED_EDGE('',*,*,#1260,.T.);
#1642=ORIENTED_EDGE('',*,*,#1261,.T.);
#1643=ORIENTED_EDGE('',*,*,#1260,.F.);
#1644=ORIENTED_EDGE('',*,*,#1262,.F.);
#1645=ORIENTED_EDGE('',*,*,#1263,.T.);
#1646=ORIENTED_EDGE('',*,*,#1264,.T.);
#1647=ORIENTED_EDGE('',*,*,#1265,.F.);
#1648=ORIENTED_EDGE('',*,*,#1266,.F.);
#1649=ORIENTED_EDGE('',*,*,#1265,.T.);
#1650=ORIENTED_EDGE('',*,*,#1267,.T.);
#1651=ORIENTED_EDGE('',*,*,#1263,.F.);
#1652=ORIENTED_EDGE('',*,*,#1268,.F.);
#1653=ORIENTED_EDGE('',*,*,#1269,.T.);
#1654=ORIENTED_EDGE('',*,*,#1270,.T.);
#1655=ORIENTED_EDGE('',*,*,#1271,.F.);
#1656=ORIENTED_EDGE('',*,*,#1272,.F.);
#1657=ORIENTED_EDGE('',*,*,#1273,.T.);
#1658=ORIENTED_EDGE('',*,*,#1274,.T.);
#1659=ORIENTED_EDGE('',*,*,#1269,.F.);
#1660=ORIENTED_EDGE('',*,*,#1275,.F.);
#1661=ORIENTED_EDGE('',*,*,#1276,.T.);
#1662=ORIENTED_EDGE('',*,*,#1277,.T.);
#1663=ORIENTED_EDGE('',*,*,#1273,.F.);
#1664=ORIENTED_EDGE('',*,*,#1278,.F.);
#1665=ORIENTED_EDGE('',*,*,#1279,.T.);
#1666=ORIENTED_EDGE('',*,*,#1280,.T.);
#1667=ORIENTED_EDGE('',*,*,#1276,.F.);
#1668=ORIENTED_EDGE('',*,*,#1281,.F.);
#1669=ORIENTED_EDGE('',*,*,#1282,.T.);
#1670=ORIENTED_EDGE('',*,*,#1283,.T.);
#1671=ORIENTED_EDGE('',*,*,#1279,.F.);
#1672=ORIENTED_EDGE('',*,*,#1284,.F.);
#1673=ORIENTED_EDGE('',*,*,#1285,.T.);
#1674=ORIENTED_EDGE('',*,*,#1286,.T.);
#1675=ORIENTED_EDGE('',*,*,#1282,.F.);
#1676=ORIENTED_EDGE('',*,*,#1287,.F.);
#1677=ORIENTED_EDGE('',*,*,#1288,.T.);
#1678=ORIENTED_EDGE('',*,*,#1289,.T.);
#1679=ORIENTED_EDGE('',*,*,#1285,.F.);
#1680=ORIENTED_EDGE('',*,*,#1290,.F.);
#1681=ORIENTED_EDGE('',*,*,#1291,.T.);
#1682=ORIENTED_EDGE('',*,*,#1292,.T.);
#1683=ORIENTED_EDGE('',*,*,#1288,.F.);
#1684=ORIENTED_EDGE('',*,*,#1293,.F.);
#1685=ORIENTED_EDGE('',*,*,#1294,.T.);
#1686=ORIENTED_EDGE('',*,*,#1295,.T.);
#1687=ORIENTED_EDGE('',*,*,#1291,.F.);
#1688=ORIENTED_EDGE('',*,*,#1296,.F.);
#1689=ORIENTED_EDGE('',*,*,#1297,.T.);
#1690=ORIENTED_EDGE('',*,*,#1298,.T.);
#1691=ORIENTED_EDGE('',*,*,#1294,.F.);
#1692=ORIENTED_EDGE('',*,*,#1299,.F.);
#1693=ORIENTED_EDGE('',*,*,#1300,.T.);
#1694=ORIENTED_EDGE('',*,*,#1301,.T.);
#1695=ORIENTED_EDGE('',*,*,#1297,.F.);
#1696=ORIENTED_EDGE('',*,*,#1302,.F.);
#1697=ORIENTED_EDGE('',*,*,#1271,.T.);
#1698=ORIENTED_EDGE('',*,*,#1303,.T.);
#1699=ORIENTED_EDGE('',*,*,#1300,.F.);
#1700=ORIENTED_EDGE('',*,*,#1303,.F.);
#1701=ORIENTED_EDGE('',*,*,#1264,.F.);
#1702=ORIENTED_EDGE('',*,*,#1267,.F.);
#1703=ORIENTED_EDGE('',*,*,#1270,.F.);
#1704=ORIENTED_EDGE('',*,*,#1274,.F.);
#1705=ORIENTED_EDGE('',*,*,#1277,.F.);
#1706=ORIENTED_EDGE('',*,*,#1280,.F.);
#1707=ORIENTED_EDGE('',*,*,#1283,.F.);
#1708=ORIENTED_EDGE('',*,*,#1286,.F.);
#1709=ORIENTED_EDGE('',*,*,#1289,.F.);
#1710=ORIENTED_EDGE('',*,*,#1292,.F.);
#1711=ORIENTED_EDGE('',*,*,#1295,.F.);
#1712=ORIENTED_EDGE('',*,*,#1298,.F.);
#1713=ORIENTED_EDGE('',*,*,#1301,.F.);
#1714=ORIENTED_EDGE('',*,*,#1261,.F.);
#1715=ORIENTED_EDGE('',*,*,#1262,.T.);
#1716=ORIENTED_EDGE('',*,*,#1266,.T.);
#1717=ORIENTED_EDGE('',*,*,#1259,.T.);
#1718=ORIENTED_EDGE('',*,*,#1220,.T.);
#1719=ORIENTED_EDGE('',*,*,#1224,.T.);
#1720=ORIENTED_EDGE('',*,*,#1304,.F.);
#1721=ORIENTED_EDGE('',*,*,#1305,.T.);
#1722=ORIENTED_EDGE('',*,*,#1306,.T.);
#1723=ORIENTED_EDGE('',*,*,#1307,.F.);
#1724=ORIENTED_EDGE('',*,*,#1308,.F.);
#1725=ORIENTED_EDGE('',*,*,#1309,.T.);
#1726=ORIENTED_EDGE('',*,*,#1310,.T.);
#1727=ORIENTED_EDGE('',*,*,#1305,.F.);
#1728=ORIENTED_EDGE('',*,*,#1311,.F.);
#1729=ORIENTED_EDGE('',*,*,#1312,.T.);
#1730=ORIENTED_EDGE('',*,*,#1313,.T.);
#1731=ORIENTED_EDGE('',*,*,#1309,.F.);
#1732=ORIENTED_EDGE('',*,*,#1314,.F.);
#1733=ORIENTED_EDGE('',*,*,#1307,.T.);
#1734=ORIENTED_EDGE('',*,*,#1315,.T.);
#1735=ORIENTED_EDGE('',*,*,#1312,.F.);
#1736=ORIENTED_EDGE('',*,*,#1315,.F.);
#1737=ORIENTED_EDGE('',*,*,#1306,.F.);
#1738=ORIENTED_EDGE('',*,*,#1310,.F.);
#1739=ORIENTED_EDGE('',*,*,#1313,.F.);
#1740=ORIENTED_EDGE('',*,*,#1316,.F.);
#1741=ORIENTED_EDGE('',*,*,#1317,.T.);
#1742=ORIENTED_EDGE('',*,*,#1318,.T.);
#1743=ORIENTED_EDGE('',*,*,#1319,.F.);
#1744=ORIENTED_EDGE('',*,*,#1320,.F.);
#1745=ORIENTED_EDGE('',*,*,#1321,.T.);
#1746=ORIENTED_EDGE('',*,*,#1322,.T.);
#1747=ORIENTED_EDGE('',*,*,#1317,.F.);
#1748=ORIENTED_EDGE('',*,*,#1323,.F.);
#1749=ORIENTED_EDGE('',*,*,#1324,.T.);
#1750=ORIENTED_EDGE('',*,*,#1325,.T.);
#1751=ORIENTED_EDGE('',*,*,#1321,.F.);
#1752=ORIENTED_EDGE('',*,*,#1326,.F.);
#1753=ORIENTED_EDGE('',*,*,#1319,.T.);
#1754=ORIENTED_EDGE('',*,*,#1327,.T.);
#1755=ORIENTED_EDGE('',*,*,#1324,.F.);
#1756=ORIENTED_EDGE('',*,*,#1327,.F.);
#1757=ORIENTED_EDGE('',*,*,#1318,.F.);
#1758=ORIENTED_EDGE('',*,*,#1322,.F.);
#1759=ORIENTED_EDGE('',*,*,#1325,.F.);
#1760=ORIENTED_EDGE('',*,*,#1328,.F.);
#1761=ORIENTED_EDGE('',*,*,#1329,.F.);
#1762=ORIENTED_EDGE('',*,*,#1330,.T.);
#1763=ORIENTED_EDGE('',*,*,#1331,.F.);
#1764=ORIENTED_EDGE('',*,*,#1332,.F.);
#1765=ORIENTED_EDGE('',*,*,#1333,.F.);
#1766=ORIENTED_EDGE('',*,*,#1334,.F.);
#1767=ORIENTED_EDGE('',*,*,#1335,.T.);
#1768=ORIENTED_EDGE('',*,*,#1336,.T.);
#1769=ORIENTED_EDGE('',*,*,#1337,.F.);
#1770=ORIENTED_EDGE('',*,*,#1338,.T.);
#1771=ORIENTED_EDGE('',*,*,#1339,.T.);
#1772=ORIENTED_EDGE('',*,*,#1340,.F.);
#1773=ORIENTED_EDGE('',*,*,#1341,.F.);
#1774=ORIENTED_EDGE('',*,*,#1342,.F.);
#1775=ORIENTED_EDGE('',*,*,#1343,.F.);
#1776=ORIENTED_EDGE('',*,*,#1344,.T.);
#1777=ORIENTED_EDGE('',*,*,#1345,.F.);
#1778=ORIENTED_EDGE('',*,*,#1346,.F.);
#1779=ORIENTED_EDGE('',*,*,#1347,.F.);
#1780=ORIENTED_EDGE('',*,*,#1348,.F.);
#1781=ORIENTED_EDGE('',*,*,#1349,.F.);
#1782=ORIENTED_EDGE('',*,*,#1350,.F.);
#1783=ORIENTED_EDGE('',*,*,#1351,.F.);
#1784=ORIENTED_EDGE('',*,*,#1352,.T.);
#1785=ORIENTED_EDGE('',*,*,#1353,.T.);
#1786=ORIENTED_EDGE('',*,*,#1354,.F.);
#1787=ORIENTED_EDGE('',*,*,#1355,.T.);
#1788=ORIENTED_EDGE('',*,*,#1356,.F.);
#1789=ORIENTED_EDGE('',*,*,#1357,.F.);
#1790=ORIENTED_EDGE('',*,*,#1358,.T.);
#1791=ORIENTED_EDGE('',*,*,#1359,.T.);
#1792=ORIENTED_EDGE('',*,*,#1360,.T.);
#1793=ORIENTED_EDGE('',*,*,#1361,.F.);
#1794=ORIENTED_EDGE('',*,*,#1362,.F.);
#1795=ORIENTED_EDGE('',*,*,#1363,.T.);
#1796=ORIENTED_EDGE('',*,*,#1302,.T.);
#1797=ORIENTED_EDGE('',*,*,#1299,.T.);
#1798=ORIENTED_EDGE('',*,*,#1296,.T.);
#1799=ORIENTED_EDGE('',*,*,#1293,.T.);
#1800=ORIENTED_EDGE('',*,*,#1290,.T.);
#1801=ORIENTED_EDGE('',*,*,#1287,.T.);
#1802=ORIENTED_EDGE('',*,*,#1284,.T.);
#1803=ORIENTED_EDGE('',*,*,#1281,.T.);
#1804=ORIENTED_EDGE('',*,*,#1278,.T.);
#1805=ORIENTED_EDGE('',*,*,#1275,.T.);
#1806=ORIENTED_EDGE('',*,*,#1272,.T.);
#1807=ORIENTED_EDGE('',*,*,#1268,.T.);
#1808=ORIENTED_EDGE('',*,*,#1250,.T.);
#1809=ORIENTED_EDGE('',*,*,#1257,.T.);
#1810=ORIENTED_EDGE('',*,*,#1254,.T.);
#1811=ORIENTED_EDGE('',*,*,#1226,.T.);
#1812=ORIENTED_EDGE('',*,*,#1248,.T.);
#1813=ORIENTED_EDGE('',*,*,#1245,.T.);
#1814=ORIENTED_EDGE('',*,*,#1242,.T.);
#1815=ORIENTED_EDGE('',*,*,#1239,.T.);
#1816=ORIENTED_EDGE('',*,*,#1236,.T.);
#1817=ORIENTED_EDGE('',*,*,#1233,.T.);
#1818=ORIENTED_EDGE('',*,*,#1230,.T.);
#1819=ORIENTED_EDGE('',*,*,#1364,.F.);
#1820=ORIENTED_EDGE('',*,*,#1365,.F.);
#1821=ORIENTED_EDGE('',*,*,#1366,.F.);
#1822=ORIENTED_EDGE('',*,*,#1367,.F.);
#1823=ORIENTED_EDGE('',*,*,#1368,.F.);
#1824=ORIENTED_EDGE('',*,*,#1369,.F.);
#1825=ORIENTED_EDGE('',*,*,#1370,.F.);
#1826=ORIENTED_EDGE('',*,*,#1371,.F.);
#1827=ORIENTED_EDGE('',*,*,#1372,.F.);
#1828=ORIENTED_EDGE('',*,*,#1373,.F.);
#1829=ORIENTED_EDGE('',*,*,#1374,.F.);
#1830=ORIENTED_EDGE('',*,*,#1375,.F.);
#1831=ORIENTED_EDGE('',*,*,#1376,.F.);
#1832=ORIENTED_EDGE('',*,*,#1377,.F.);
#1833=ORIENTED_EDGE('',*,*,#1378,.F.);
#1834=ORIENTED_EDGE('',*,*,#1379,.F.);
#1835=ORIENTED_EDGE('',*,*,#1380,.F.);
#1836=ORIENTED_EDGE('',*,*,#1381,.F.);
#1837=ORIENTED_EDGE('',*,*,#1382,.F.);
#1838=ORIENTED_EDGE('',*,*,#1383,.F.);
#1839=ORIENTED_EDGE('',*,*,#1384,.F.);
#1840=ORIENTED_EDGE('',*,*,#1385,.F.);
#1841=ORIENTED_EDGE('',*,*,#1386,.F.);
#1842=ORIENTED_EDGE('',*,*,#1387,.F.);
#1843=ORIENTED_EDGE('',*,*,#1388,.F.);
#1844=ORIENTED_EDGE('',*,*,#1389,.F.);
#1845=ORIENTED_EDGE('',*,*,#1390,.F.);
#1846=ORIENTED_EDGE('',*,*,#1391,.F.);
#1847=ORIENTED_EDGE('',*,*,#1392,.F.);
#1848=ORIENTED_EDGE('',*,*,#1393,.F.);
#1849=ORIENTED_EDGE('',*,*,#1394,.F.);
#1850=ORIENTED_EDGE('',*,*,#1395,.F.);
#1851=ORIENTED_EDGE('',*,*,#1396,.F.);
#1852=ORIENTED_EDGE('',*,*,#1397,.F.);
#1853=ORIENTED_EDGE('',*,*,#1398,.F.);
#1854=ORIENTED_EDGE('',*,*,#1399,.F.);
#1855=ORIENTED_EDGE('',*,*,#1399,.T.);
#1856=ORIENTED_EDGE('',*,*,#1400,.F.);
#1857=ORIENTED_EDGE('',*,*,#1360,.F.);
#1858=ORIENTED_EDGE('',*,*,#1401,.T.);
#1859=ORIENTED_EDGE('',*,*,#1398,.T.);
#1860=ORIENTED_EDGE('',*,*,#1402,.F.);
#1861=ORIENTED_EDGE('',*,*,#1358,.F.);
#1862=ORIENTED_EDGE('',*,*,#1400,.T.);
#1863=ORIENTED_EDGE('',*,*,#1395,.T.);
#1864=ORIENTED_EDGE('',*,*,#1403,.F.);
#1865=ORIENTED_EDGE('',*,*,#1363,.F.);
#1866=ORIENTED_EDGE('',*,*,#1404,.F.);
#1867=ORIENTED_EDGE('',*,*,#1394,.T.);
#1868=ORIENTED_EDGE('',*,*,#1405,.F.);
#1869=ORIENTED_EDGE('',*,*,#1361,.T.);
#1870=ORIENTED_EDGE('',*,*,#1403,.T.);
#1871=ORIENTED_EDGE('',*,*,#1378,.T.);
#1872=ORIENTED_EDGE('',*,*,#1406,.T.);
#1873=ORIENTED_EDGE('',*,*,#1343,.T.);
#1874=ORIENTED_EDGE('',*,*,#1407,.T.);
#1875=ORIENTED_EDGE('',*,*,#1377,.T.);
#1876=ORIENTED_EDGE('',*,*,#1408,.F.);
#1877=ORIENTED_EDGE('',*,*,#1344,.F.);
#1878=ORIENTED_EDGE('',*,*,#1406,.F.);
#1879=ORIENTED_EDGE('',*,*,#1376,.T.);
#1880=ORIENTED_EDGE('',*,*,#1409,.F.);
#1881=ORIENTED_EDGE('',*,*,#1410,.F.);
#1882=ORIENTED_EDGE('',*,*,#1411,.F.);
#1883=ORIENTED_EDGE('',*,*,#1412,.F.);
#1884=ORIENTED_EDGE('',*,*,#1413,.T.);
#1885=ORIENTED_EDGE('',*,*,#1414,.T.);
#1886=ORIENTED_EDGE('',*,*,#1345,.T.);
#1887=ORIENTED_EDGE('',*,*,#1408,.T.);
#1888=ORIENTED_EDGE('',*,*,#1375,.T.);
#1889=ORIENTED_EDGE('',*,*,#1415,.F.);
#1890=ORIENTED_EDGE('',*,*,#1416,.T.);
#1891=ORIENTED_EDGE('',*,*,#1409,.T.);
#1892=ORIENTED_EDGE('',*,*,#1374,.T.);
#1893=ORIENTED_EDGE('',*,*,#1417,.F.);
#1894=ORIENTED_EDGE('',*,*,#1418,.F.);
#1895=ORIENTED_EDGE('',*,*,#1415,.T.);
#1896=ORIENTED_EDGE('',*,*,#1373,.T.);
#1897=ORIENTED_EDGE('',*,*,#1419,.T.);
#1898=ORIENTED_EDGE('',*,*,#1420,.F.);
#1899=ORIENTED_EDGE('',*,*,#1417,.T.);
#1900=ORIENTED_EDGE('',*,*,#1372,.T.);
#1901=ORIENTED_EDGE('',*,*,#1421,.F.);
#1902=ORIENTED_EDGE('',*,*,#1422,.F.);
#1903=ORIENTED_EDGE('',*,*,#1419,.F.);
#1904=ORIENTED_EDGE('',*,*,#1371,.T.);
#1905=ORIENTED_EDGE('',*,*,#1423,.F.);
#1906=ORIENTED_EDGE('',*,*,#1350,.T.);
#1907=ORIENTED_EDGE('',*,*,#1424,.T.);
#1908=ORIENTED_EDGE('',*,*,#1425,.T.);
#1909=ORIENTED_EDGE('',*,*,#1426,.T.);
#1910=ORIENTED_EDGE('',*,*,#1427,.T.);
#1911=ORIENTED_EDGE('',*,*,#1421,.T.);
#1912=ORIENTED_EDGE('',*,*,#1370,.T.);
#1913=ORIENTED_EDGE('',*,*,#1428,.F.);
#1914=ORIENTED_EDGE('',*,*,#1351,.T.);
#1915=ORIENTED_EDGE('',*,*,#1423,.T.);
#1916=ORIENTED_EDGE('',*,*,#1369,.T.);
#1917=ORIENTED_EDGE('',*,*,#1429,.T.);
#1918=ORIENTED_EDGE('',*,*,#1352,.F.);
#1919=ORIENTED_EDGE('',*,*,#1428,.T.);
#1920=ORIENTED_EDGE('',*,*,#1368,.T.);
#1921=ORIENTED_EDGE('',*,*,#1430,.F.);
#1922=ORIENTED_EDGE('',*,*,#1353,.F.);
#1923=ORIENTED_EDGE('',*,*,#1429,.F.);
#1924=ORIENTED_EDGE('',*,*,#1367,.T.);
#1925=ORIENTED_EDGE('',*,*,#1431,.T.);
#1926=ORIENTED_EDGE('',*,*,#1432,.T.);
#1927=ORIENTED_EDGE('',*,*,#1433,.T.);
#1928=ORIENTED_EDGE('',*,*,#1434,.T.);
#1929=ORIENTED_EDGE('',*,*,#1435,.T.);
#1930=ORIENTED_EDGE('',*,*,#1354,.T.);
#1931=ORIENTED_EDGE('',*,*,#1430,.T.);
#1932=ORIENTED_EDGE('',*,*,#1366,.T.);
#1933=ORIENTED_EDGE('',*,*,#1436,.F.);
#1934=ORIENTED_EDGE('',*,*,#1437,.F.);
#1935=ORIENTED_EDGE('',*,*,#1431,.F.);
#1936=ORIENTED_EDGE('',*,*,#1365,.T.);
#1937=ORIENTED_EDGE('',*,*,#1438,.T.);
#1938=ORIENTED_EDGE('',*,*,#1439,.F.);
#1939=ORIENTED_EDGE('',*,*,#1436,.T.);
#1940=ORIENTED_EDGE('',*,*,#1364,.T.);
#1941=ORIENTED_EDGE('',*,*,#1440,.F.);
#1942=ORIENTED_EDGE('',*,*,#1441,.F.);
#1943=ORIENTED_EDGE('',*,*,#1438,.F.);
#1944=ORIENTED_EDGE('',*,*,#1442,.F.);
#1945=ORIENTED_EDGE('',*,*,#1418,.T.);
#1946=ORIENTED_EDGE('',*,*,#1443,.F.);
#1947=ORIENTED_EDGE('',*,*,#1444,.T.);
#1948=ORIENTED_EDGE('',*,*,#1445,.T.);
#1949=ORIENTED_EDGE('',*,*,#1446,.T.);
#1950=ORIENTED_EDGE('',*,*,#1447,.F.);
#1951=ORIENTED_EDGE('',*,*,#1448,.T.);
#1952=ORIENTED_EDGE('',*,*,#1445,.F.);
#1953=ORIENTED_EDGE('',*,*,#1449,.T.);
#1954=ORIENTED_EDGE('',*,*,#1450,.F.);
#1955=ORIENTED_EDGE('',*,*,#1451,.T.);
#1956=ORIENTED_EDGE('',*,*,#1450,.T.);
#1957=ORIENTED_EDGE('',*,*,#1452,.T.);
#1958=ORIENTED_EDGE('',*,*,#1453,.F.);
#1959=ORIENTED_EDGE('',*,*,#1454,.T.);
#1960=ORIENTED_EDGE('',*,*,#1453,.T.);
#1961=ORIENTED_EDGE('',*,*,#1455,.T.);
#1962=ORIENTED_EDGE('',*,*,#1456,.F.);
#1963=ORIENTED_EDGE('',*,*,#1457,.T.);
#1964=ORIENTED_EDGE('',*,*,#1458,.T.);
#1965=ORIENTED_EDGE('',*,*,#1459,.T.);
#1966=ORIENTED_EDGE('',*,*,#1456,.T.);
#1967=ORIENTED_EDGE('',*,*,#1460,.T.);
#1968=ORIENTED_EDGE('',*,*,#1458,.F.);
#1969=ORIENTED_EDGE('',*,*,#1461,.T.);
#1970=ORIENTED_EDGE('',*,*,#1462,.T.);
#1971=ORIENTED_EDGE('',*,*,#1463,.T.);
#1972=ORIENTED_EDGE('',*,*,#1463,.F.);
#1973=ORIENTED_EDGE('',*,*,#1464,.T.);
#1974=ORIENTED_EDGE('',*,*,#1465,.T.);
#1975=ORIENTED_EDGE('',*,*,#1466,.F.);
#1976=ORIENTED_EDGE('',*,*,#1459,.F.);
#1977=ORIENTED_EDGE('',*,*,#1466,.T.);
#1978=ORIENTED_EDGE('',*,*,#1467,.T.);
#1979=ORIENTED_EDGE('',*,*,#1468,.T.);
#1980=ORIENTED_EDGE('',*,*,#1457,.F.);
#1981=ORIENTED_EDGE('',*,*,#1468,.F.);
#1982=ORIENTED_EDGE('',*,*,#1469,.F.);
#1983=ORIENTED_EDGE('',*,*,#1470,.F.);
#1984=ORIENTED_EDGE('',*,*,#1454,.F.);
#1985=ORIENTED_EDGE('',*,*,#1470,.T.);
#1986=ORIENTED_EDGE('',*,*,#1471,.T.);
#1987=ORIENTED_EDGE('',*,*,#1472,.T.);
#1988=ORIENTED_EDGE('',*,*,#1451,.F.);
#1989=ORIENTED_EDGE('',*,*,#1472,.F.);
#1990=ORIENTED_EDGE('',*,*,#1473,.F.);
#1991=ORIENTED_EDGE('',*,*,#1474,.F.);
#1992=ORIENTED_EDGE('',*,*,#1475,.F.);
#1993=ORIENTED_EDGE('',*,*,#1476,.F.);
#1994=ORIENTED_EDGE('',*,*,#1477,.F.);
#1995=ORIENTED_EDGE('',*,*,#1478,.F.);
#1996=ORIENTED_EDGE('',*,*,#1479,.F.);
#1997=ORIENTED_EDGE('',*,*,#1478,.T.);
#1998=ORIENTED_EDGE('',*,*,#1480,.T.);
#1999=ORIENTED_EDGE('',*,*,#1481,.T.);
#2000=ORIENTED_EDGE('',*,*,#1482,.F.);
#2001=ORIENTED_EDGE('',*,*,#1481,.F.);
#2002=ORIENTED_EDGE('',*,*,#1483,.F.);
#2003=ORIENTED_EDGE('',*,*,#1484,.F.);
#2004=ORIENTED_EDGE('',*,*,#1485,.T.);
#2005=ORIENTED_EDGE('',*,*,#1482,.T.);
#2006=ORIENTED_EDGE('',*,*,#1486,.F.);
#2007=ORIENTED_EDGE('',*,*,#1487,.T.);
#2008=ORIENTED_EDGE('',*,*,#1488,.T.);
#2009=ORIENTED_EDGE('',*,*,#1479,.T.);
#2010=ORIENTED_EDGE('',*,*,#1485,.F.);
#2011=ORIENTED_EDGE('',*,*,#1489,.T.);
#2012=ORIENTED_EDGE('',*,*,#1490,.T.);
#2013=ORIENTED_EDGE('',*,*,#1475,.T.);
#2014=ORIENTED_EDGE('',*,*,#1488,.F.);
#2015=ORIENTED_EDGE('',*,*,#1491,.T.);
#2016=ORIENTED_EDGE('',*,*,#1492,.F.);
#2017=ORIENTED_EDGE('',*,*,#1493,.T.);
#2018=ORIENTED_EDGE('',*,*,#1490,.F.);
#2019=ORIENTED_EDGE('',*,*,#1494,.T.);
#2020=ORIENTED_EDGE('',*,*,#1495,.F.);
#2021=ORIENTED_EDGE('',*,*,#1496,.T.);
#2022=ORIENTED_EDGE('',*,*,#1497,.F.);
#2023=ORIENTED_EDGE('',*,*,#1441,.T.);
#2024=ORIENTED_EDGE('',*,*,#1393,.T.);
#2025=ORIENTED_EDGE('',*,*,#1498,.T.);
#2026=ORIENTED_EDGE('',*,*,#1499,.T.);
#2027=ORIENTED_EDGE('',*,*,#1440,.T.);
#2028=ORIENTED_EDGE('',*,*,#1500,.T.);
#2029=ORIENTED_EDGE('',*,*,#1495,.T.);
#2030=ORIENTED_EDGE('',*,*,#1499,.F.);
#2031=ORIENTED_EDGE('',*,*,#1501,.T.);
#2032=ORIENTED_EDGE('',*,*,#1492,.T.);
#2033=ORIENTED_EDGE('',*,*,#1502,.T.);
#2034=ORIENTED_EDGE('',*,*,#1500,.F.);
#2035=ORIENTED_EDGE('',*,*,#1503,.T.);
#2036=ORIENTED_EDGE('',*,*,#1493,.F.);
#2037=ORIENTED_EDGE('',*,*,#1504,.T.);
#2038=ORIENTED_EDGE('',*,*,#1505,.T.);
#2039=ORIENTED_EDGE('',*,*,#1476,.T.);
#2040=ORIENTED_EDGE('',*,*,#1446,.F.);
#2041=ORIENTED_EDGE('',*,*,#1474,.T.);
#2042=ORIENTED_EDGE('',*,*,#1506,.T.);
#2043=ORIENTED_EDGE('',*,*,#1412,.T.);
#2044=ORIENTED_EDGE('',*,*,#1447,.T.);
#2045=ORIENTED_EDGE('',*,*,#1411,.T.);
#2046=ORIENTED_EDGE('',*,*,#1507,.F.);
#2047=ORIENTED_EDGE('',*,*,#1508,.T.);
#2048=ORIENTED_EDGE('',*,*,#1507,.T.);
#2049=ORIENTED_EDGE('',*,*,#1410,.T.);
#2050=ORIENTED_EDGE('',*,*,#1416,.F.);
#2051=ORIENTED_EDGE('',*,*,#1442,.T.);
#2052=ORIENTED_EDGE('',*,*,#1509,.T.);
#2053=ORIENTED_EDGE('',*,*,#1510,.T.);
#2054=ORIENTED_EDGE('',*,*,#1443,.T.);
#2055=ORIENTED_EDGE('',*,*,#1420,.T.);
#2056=ORIENTED_EDGE('',*,*,#1461,.F.);
#2057=ORIENTED_EDGE('',*,*,#1460,.F.);
#2058=ORIENTED_EDGE('',*,*,#1455,.F.);
#2059=ORIENTED_EDGE('',*,*,#1452,.F.);
#2060=ORIENTED_EDGE('',*,*,#1449,.F.);
#2061=ORIENTED_EDGE('',*,*,#1448,.F.);
#2062=ORIENTED_EDGE('',*,*,#1508,.F.);
#2063=ORIENTED_EDGE('',*,*,#1444,.F.);
#2064=ORIENTED_EDGE('',*,*,#1510,.F.);
#2065=ORIENTED_EDGE('',*,*,#1511,.F.);
#2066=ORIENTED_EDGE('',*,*,#1512,.F.);
#2067=ORIENTED_EDGE('',*,*,#1513,.F.);
#2068=ORIENTED_EDGE('',*,*,#1514,.F.);
#2069=ORIENTED_EDGE('',*,*,#1515,.F.);
#2070=ORIENTED_EDGE('',*,*,#1516,.F.);
#2071=ORIENTED_EDGE('',*,*,#1413,.F.);
#2072=ORIENTED_EDGE('',*,*,#1506,.F.);
#2073=ORIENTED_EDGE('',*,*,#1473,.T.);
#2074=ORIENTED_EDGE('',*,*,#1471,.F.);
#2075=ORIENTED_EDGE('',*,*,#1469,.T.);
#2076=ORIENTED_EDGE('',*,*,#1467,.F.);
#2077=ORIENTED_EDGE('',*,*,#1465,.F.);
#2078=ORIENTED_EDGE('',*,*,#1505,.F.);
#2079=ORIENTED_EDGE('',*,*,#1517,.F.);
#2080=ORIENTED_EDGE('',*,*,#1518,.F.);
#2081=ORIENTED_EDGE('',*,*,#1519,.F.);
#2082=ORIENTED_EDGE('',*,*,#1520,.F.);
#2083=ORIENTED_EDGE('',*,*,#1521,.F.);
#2084=ORIENTED_EDGE('',*,*,#1522,.F.);
#2085=ORIENTED_EDGE('',*,*,#1483,.T.);
#2086=ORIENTED_EDGE('',*,*,#1480,.F.);
#2087=ORIENTED_EDGE('',*,*,#1477,.T.);
#2088=ORIENTED_EDGE('',*,*,#1523,.F.);
#2089=ORIENTED_EDGE('',*,*,#1484,.T.);
#2090=ORIENTED_EDGE('',*,*,#1522,.T.);
#2091=ORIENTED_EDGE('',*,*,#1524,.T.);
#2092=ORIENTED_EDGE('',*,*,#1486,.T.);
#2093=ORIENTED_EDGE('',*,*,#1523,.T.);
#2094=ORIENTED_EDGE('',*,*,#1525,.T.);
#2095=ORIENTED_EDGE('',*,*,#1526,.T.);
#2096=ORIENTED_EDGE('',*,*,#1526,.F.);
#2097=ORIENTED_EDGE('',*,*,#1527,.F.);
#2098=ORIENTED_EDGE('',*,*,#1528,.F.);
#2099=ORIENTED_EDGE('',*,*,#1529,.F.);
#2100=ORIENTED_EDGE('',*,*,#1496,.F.);
#2101=ORIENTED_EDGE('',*,*,#1502,.F.);
#2102=ORIENTED_EDGE('',*,*,#1494,.F.);
#2103=ORIENTED_EDGE('',*,*,#1491,.F.);
#2104=ORIENTED_EDGE('',*,*,#1489,.F.);
#2105=ORIENTED_EDGE('',*,*,#1487,.F.);
#2106=ORIENTED_EDGE('',*,*,#1497,.T.);
#2107=ORIENTED_EDGE('',*,*,#1529,.T.);
#2108=ORIENTED_EDGE('',*,*,#1530,.T.);
#2109=ORIENTED_EDGE('',*,*,#1439,.T.);
#2110=ORIENTED_EDGE('',*,*,#1531,.F.);
#2111=ORIENTED_EDGE('',*,*,#1328,.T.);
#2112=ORIENTED_EDGE('',*,*,#1532,.T.);
#2113=ORIENTED_EDGE('',*,*,#1518,.T.);
#2114=ORIENTED_EDGE('',*,*,#1532,.F.);
#2115=ORIENTED_EDGE('',*,*,#1357,.T.);
#2116=ORIENTED_EDGE('',*,*,#1533,.T.);
#2117=ORIENTED_EDGE('',*,*,#1519,.T.);
#2118=ORIENTED_EDGE('',*,*,#1533,.F.);
#2119=ORIENTED_EDGE('',*,*,#1356,.T.);
#2120=ORIENTED_EDGE('',*,*,#1534,.F.);
#2121=ORIENTED_EDGE('',*,*,#1520,.T.);
#2122=ORIENTED_EDGE('',*,*,#1535,.F.);
#2123=ORIENTED_EDGE('',*,*,#1348,.T.);
#2124=ORIENTED_EDGE('',*,*,#1536,.T.);
#2125=ORIENTED_EDGE('',*,*,#1514,.T.);
#2126=ORIENTED_EDGE('',*,*,#1536,.F.);
#2127=ORIENTED_EDGE('',*,*,#1347,.T.);
#2128=ORIENTED_EDGE('',*,*,#1537,.T.);
#2129=ORIENTED_EDGE('',*,*,#1515,.T.);
#2130=ORIENTED_EDGE('',*,*,#1537,.F.);
#2131=ORIENTED_EDGE('',*,*,#1346,.T.);
#2132=ORIENTED_EDGE('',*,*,#1414,.F.);
#2133=ORIENTED_EDGE('',*,*,#1516,.T.);
#2134=ORIENTED_EDGE('',*,*,#1392,.T.);
#2135=ORIENTED_EDGE('',*,*,#1538,.F.);
#2136=ORIENTED_EDGE('',*,*,#1329,.T.);
#2137=ORIENTED_EDGE('',*,*,#1531,.T.);
#2138=ORIENTED_EDGE('',*,*,#1517,.T.);
#2139=ORIENTED_EDGE('',*,*,#1504,.F.);
#2140=ORIENTED_EDGE('',*,*,#1503,.F.);
#2141=ORIENTED_EDGE('',*,*,#1501,.F.);
#2142=ORIENTED_EDGE('',*,*,#1498,.F.);
#2143=ORIENTED_EDGE('',*,*,#1539,.F.);
#2144=ORIENTED_EDGE('',*,*,#1540,.F.);
#2145=ORIENTED_EDGE('',*,*,#1333,.T.);
#2146=ORIENTED_EDGE('',*,*,#1541,.F.);
#2147=ORIENTED_EDGE('',*,*,#1542,.F.);
#2148=ORIENTED_EDGE('',*,*,#1543,.T.);
#2149=ORIENTED_EDGE('',*,*,#1544,.T.);
#2150=ORIENTED_EDGE('',*,*,#1545,.T.);
#2151=ORIENTED_EDGE('',*,*,#1539,.T.);
#2152=ORIENTED_EDGE('',*,*,#1546,.T.);
#2153=ORIENTED_EDGE('',*,*,#1547,.T.);
#2154=ORIENTED_EDGE('',*,*,#1334,.T.);
#2155=ORIENTED_EDGE('',*,*,#1540,.T.);
#2156=ORIENTED_EDGE('',*,*,#1545,.F.);
#2157=ORIENTED_EDGE('',*,*,#1548,.T.);
#2158=ORIENTED_EDGE('',*,*,#1549,.F.);
#2159=ORIENTED_EDGE('',*,*,#1550,.F.);
#2160=ORIENTED_EDGE('',*,*,#1340,.T.);
#2161=ORIENTED_EDGE('',*,*,#1551,.F.);
#2162=ORIENTED_EDGE('',*,*,#1552,.T.);
#2163=ORIENTED_EDGE('',*,*,#1553,.T.);
#2164=ORIENTED_EDGE('',*,*,#1549,.T.);
#2165=ORIENTED_EDGE('',*,*,#1554,.T.);
#2166=ORIENTED_EDGE('',*,*,#1555,.T.);
#2167=ORIENTED_EDGE('',*,*,#1553,.F.);
#2168=ORIENTED_EDGE('',*,*,#1556,.F.);
#2169=ORIENTED_EDGE('',*,*,#1341,.T.);
#2170=ORIENTED_EDGE('',*,*,#1550,.T.);
#2171=ORIENTED_EDGE('',*,*,#1427,.F.);
#2172=ORIENTED_EDGE('',*,*,#1557,.F.);
#2173=ORIENTED_EDGE('',*,*,#1511,.T.);
#2174=ORIENTED_EDGE('',*,*,#1509,.F.);
#2175=ORIENTED_EDGE('',*,*,#1422,.T.);
#2176=ORIENTED_EDGE('',*,*,#1426,.F.);
#2177=ORIENTED_EDGE('',*,*,#1558,.T.);
#2178=ORIENTED_EDGE('',*,*,#1557,.T.);
#2179=ORIENTED_EDGE('',*,*,#1512,.T.);
#2180=ORIENTED_EDGE('',*,*,#1558,.F.);
#2181=ORIENTED_EDGE('',*,*,#1425,.F.);
#2182=ORIENTED_EDGE('',*,*,#1559,.T.);
#2183=ORIENTED_EDGE('',*,*,#1462,.F.);
#2184=ORIENTED_EDGE('',*,*,#1424,.F.);
#2185=ORIENTED_EDGE('',*,*,#1349,.T.);
#2186=ORIENTED_EDGE('',*,*,#1535,.T.);
#2187=ORIENTED_EDGE('',*,*,#1513,.T.);
#2188=ORIENTED_EDGE('',*,*,#1464,.F.);
#2189=ORIENTED_EDGE('',*,*,#1559,.F.);
#2190=ORIENTED_EDGE('',*,*,#1534,.T.);
#2191=ORIENTED_EDGE('',*,*,#1355,.F.);
#2192=ORIENTED_EDGE('',*,*,#1435,.F.);
#2193=ORIENTED_EDGE('',*,*,#1560,.F.);
#2194=ORIENTED_EDGE('',*,*,#1524,.F.);
#2195=ORIENTED_EDGE('',*,*,#1521,.T.);
#2196=ORIENTED_EDGE('',*,*,#1525,.F.);
#2197=ORIENTED_EDGE('',*,*,#1560,.T.);
#2198=ORIENTED_EDGE('',*,*,#1434,.F.);
#2199=ORIENTED_EDGE('',*,*,#1561,.T.);
#2200=ORIENTED_EDGE('',*,*,#1527,.T.);
#2201=ORIENTED_EDGE('',*,*,#1433,.F.);
#2202=ORIENTED_EDGE('',*,*,#1562,.T.);
#2203=ORIENTED_EDGE('',*,*,#1561,.F.);
#2204=ORIENTED_EDGE('',*,*,#1432,.F.);
#2205=ORIENTED_EDGE('',*,*,#1437,.T.);
#2206=ORIENTED_EDGE('',*,*,#1530,.F.);
#2207=ORIENTED_EDGE('',*,*,#1528,.T.);
#2208=ORIENTED_EDGE('',*,*,#1562,.F.);
#2209=ORIENTED_EDGE('',*,*,#1397,.T.);
#2210=ORIENTED_EDGE('',*,*,#1401,.F.);
#2211=ORIENTED_EDGE('',*,*,#1359,.F.);
#2212=ORIENTED_EDGE('',*,*,#1402,.T.);
#2213=ORIENTED_EDGE('',*,*,#1396,.T.);
#2214=ORIENTED_EDGE('',*,*,#1404,.T.);
#2215=ORIENTED_EDGE('',*,*,#1362,.T.);
#2216=ORIENTED_EDGE('',*,*,#1405,.T.);
#2217=ORIENTED_EDGE('',*,*,#1391,.T.);
#2218=ORIENTED_EDGE('',*,*,#1563,.T.);
#2219=ORIENTED_EDGE('',*,*,#1330,.F.);
#2220=ORIENTED_EDGE('',*,*,#1538,.T.);
#2221=ORIENTED_EDGE('',*,*,#1390,.T.);
#2222=ORIENTED_EDGE('',*,*,#1564,.F.);
#2223=ORIENTED_EDGE('',*,*,#1331,.T.);
#2224=ORIENTED_EDGE('',*,*,#1563,.F.);
#2225=ORIENTED_EDGE('',*,*,#1389,.T.);
#2226=ORIENTED_EDGE('',*,*,#1565,.F.);
#2227=ORIENTED_EDGE('',*,*,#1546,.F.);
#2228=ORIENTED_EDGE('',*,*,#1541,.T.);
#2229=ORIENTED_EDGE('',*,*,#1332,.T.);
#2230=ORIENTED_EDGE('',*,*,#1564,.T.);
#2231=ORIENTED_EDGE('',*,*,#1388,.T.);
#2232=ORIENTED_EDGE('',*,*,#1566,.F.);
#2233=ORIENTED_EDGE('',*,*,#1542,.T.);
#2234=ORIENTED_EDGE('',*,*,#1565,.T.);
#2235=ORIENTED_EDGE('',*,*,#1387,.T.);
#2236=ORIENTED_EDGE('',*,*,#1567,.F.);
#2237=ORIENTED_EDGE('',*,*,#1543,.F.);
#2238=ORIENTED_EDGE('',*,*,#1566,.T.);
#2239=ORIENTED_EDGE('',*,*,#1386,.T.);
#2240=ORIENTED_EDGE('',*,*,#1568,.F.);
#2241=ORIENTED_EDGE('',*,*,#1335,.F.);
#2242=ORIENTED_EDGE('',*,*,#1547,.F.);
#2243=ORIENTED_EDGE('',*,*,#1544,.F.);
#2244=ORIENTED_EDGE('',*,*,#1567,.T.);
#2245=ORIENTED_EDGE('',*,*,#1316,.T.);
#2246=ORIENTED_EDGE('',*,*,#1326,.T.);
#2247=ORIENTED_EDGE('',*,*,#1323,.T.);
#2248=ORIENTED_EDGE('',*,*,#1320,.T.);
#2249=ORIENTED_EDGE('',*,*,#1385,.T.);
#2250=ORIENTED_EDGE('',*,*,#1569,.T.);
#2251=ORIENTED_EDGE('',*,*,#1336,.F.);
#2252=ORIENTED_EDGE('',*,*,#1568,.T.);
#2253=ORIENTED_EDGE('',*,*,#1384,.T.);
#2254=ORIENTED_EDGE('',*,*,#1570,.T.);
#2255=ORIENTED_EDGE('',*,*,#1337,.T.);
#2256=ORIENTED_EDGE('',*,*,#1569,.F.);
#2257=ORIENTED_EDGE('',*,*,#1383,.T.);
#2258=ORIENTED_EDGE('',*,*,#1571,.F.);
#2259=ORIENTED_EDGE('',*,*,#1338,.F.);
#2260=ORIENTED_EDGE('',*,*,#1570,.F.);
#2261=ORIENTED_EDGE('',*,*,#1382,.T.);
#2262=ORIENTED_EDGE('',*,*,#1572,.T.);
#2263=ORIENTED_EDGE('',*,*,#1554,.F.);
#2264=ORIENTED_EDGE('',*,*,#1548,.F.);
#2265=ORIENTED_EDGE('',*,*,#1339,.F.);
#2266=ORIENTED_EDGE('',*,*,#1571,.T.);
#2267=ORIENTED_EDGE('',*,*,#1304,.T.);
#2268=ORIENTED_EDGE('',*,*,#1314,.T.);
#2269=ORIENTED_EDGE('',*,*,#1311,.T.);
#2270=ORIENTED_EDGE('',*,*,#1308,.T.);
#2271=ORIENTED_EDGE('',*,*,#1381,.T.);
#2272=ORIENTED_EDGE('',*,*,#1573,.F.);
#2273=ORIENTED_EDGE('',*,*,#1555,.F.);
#2274=ORIENTED_EDGE('',*,*,#1572,.F.);
#2275=ORIENTED_EDGE('',*,*,#1380,.T.);
#2276=ORIENTED_EDGE('',*,*,#1574,.T.);
#2277=ORIENTED_EDGE('',*,*,#1551,.T.);
#2278=ORIENTED_EDGE('',*,*,#1573,.T.);
#2279=ORIENTED_EDGE('',*,*,#1379,.T.);
#2280=ORIENTED_EDGE('',*,*,#1407,.F.);
#2281=ORIENTED_EDGE('',*,*,#1342,.T.);
#2282=ORIENTED_EDGE('',*,*,#1556,.T.);
#2283=ORIENTED_EDGE('',*,*,#1552,.F.);
#2284=ORIENTED_EDGE('',*,*,#1574,.F.);
#2285=(
BOUNDED_SURFACE()
B_SPLINE_SURFACE(5,1,((#3221,#3222),(#3223,#3224),(#3225,#3226),(#3227,
#3228),(#3229,#3230),(#3231,#3232),(#3233,#3234),(#3235,#3236),(#3237,#3238),
(#3239,#3240),(#3241,#3242),(#3243,#3244),(#3245,#3246),(#3247,#3248),(#3249,
#3250),(#3251,#3252),(#3253,#3254),(#3255,#3256),(#3257,#3258),(#3259,#3260),
(#3261,#3262),(#3263,#3264),(#3265,#3266),(#3267,#3268),(#3269,#3270)),
 .UNSPECIFIED.,.F.,.F.,.F.)
B_SPLINE_SURFACE_WITH_KNOTS((6,1,1,1,1,1,1,1,1,1,1,1,1,1,1,1,1,1,1,1,6),
(2,2),(0.,0.05,0.1,0.15,0.2,0.25,0.3,0.35,0.4,0.45,0.5,0.55,0.6,0.65,0.7,
0.75,0.8,0.85,0.9,0.95,1.),(0.,0.1),.UNSPECIFIED.)
GEOMETRIC_REPRESENTATION_ITEM()
RATIONAL_B_SPLINE_SURFACE(((1.,1.),(1.,1.),(1.,1.),(1.,1.),(1.,1.),(1.,
1.),(1.,1.),(1.,1.),(1.,1.),(1.,1.),(1.,1.),(1.,1.),(1.,1.),(1.,1.),(1.,
1.),(1.,1.),(1.,1.),(1.,1.),(1.,1.),(1.,1.),(1.,1.),(1.,1.),(1.,1.),(1.,
1.),(1.,1.)))
REPRESENTATION_ITEM('')
SURFACE()
);
#2286=(
BOUNDED_SURFACE()
B_SPLINE_SURFACE(5,1,((#3327,#3328),(#3329,#3330),(#3331,#3332),(#3333,
#3334),(#3335,#3336),(#3337,#3338),(#3339,#3340),(#3341,#3342),(#3343,#3344),
(#3345,#3346),(#3347,#3348),(#3349,#3350),(#3351,#3352),(#3353,#3354),(#3355,
#3356)),.UNSPECIFIED.,.F.,.F.,.F.)
B_SPLINE_SURFACE_WITH_KNOTS((6,1,1,1,1,1,1,1,1,1,6),(2,2),(0.,0.1,0.2,0.3,
0.4,0.5,0.6,0.7,0.8,0.9,1.),(0.,0.1),.UNSPECIFIED.)
GEOMETRIC_REPRESENTATION_ITEM()
RATIONAL_B_SPLINE_SURFACE(((1.,1.),(1.,1.),(1.,1.),(1.,1.),(1.,1.),(1.,
1.),(1.,1.),(1.,1.),(1.,1.),(1.,1.),(1.,1.),(1.,1.),(1.,1.),(1.,1.),(1.,
1.)))
REPRESENTATION_ITEM('')
SURFACE()
);
#2287=(
BOUNDED_SURFACE()
B_SPLINE_SURFACE(5,1,((#3387,#3388),(#3389,#3390),(#3391,#3392),(#3393,
#3394),(#3395,#3396),(#3397,#3398),(#3399,#3400),(#3401,#3402),(#3403,#3404),
(#3405,#3406),(#3407,#3408),(#3409,#3410),(#3411,#3412),(#3413,#3414),(#3415,
#3416),(#3417,#3418),(#3419,#3420),(#3421,#3422),(#3423,#3424),(#3425,#3426),
(#3427,#3428),(#3429,#3430),(#3431,#3432),(#3433,#3434),(#3435,#3436),(#3437,
#3438),(#3439,#3440),(#3441,#3442),(#3443,#3444),(#3445,#3446),(#3447,#3448),
(#3449,#3450),(#3451,#3452),(#3453,#3454),(#3455,#3456),(#3457,#3458),(#3459,
#3460),(#3461,#3462),(#3463,#3464),(#3465,#3466),(#3467,#3468),(#3469,#3470),
(#3471,#3472),(#3473,#3474),(#3475,#3476)),.UNSPECIFIED.,.F.,.F.,.F.)
B_SPLINE_SURFACE_WITH_KNOTS((6,1,1,1,1,1,1,1,1,1,1,1,1,1,1,1,1,1,1,1,1,
1,1,1,1,1,1,1,1,1,1,1,1,1,1,1,1,1,1,1,6),(2,2),(-1.,-0.975,-0.95,-0.925,
-0.9,-0.875,-0.85,-0.825,-0.8,-0.775,-0.75,-0.725,-0.7,-0.675,-0.65,-0.625,
-0.6,-0.575,-0.55,-0.525,-0.5,-0.475,-0.45,-0.425,-0.4,-0.375,-0.35,-0.325,
-0.3,-0.275,-0.25,-0.225,-0.2,-0.175,-0.15,-0.125,-0.1,-0.075,-0.05,-0.025,
0.),(0.,0.1),.UNSPECIFIED.)
GEOMETRIC_REPRESENTATION_ITEM()
RATIONAL_B_SPLINE_SURFACE(((1.,1.),(1.,1.),(1.,1.),(1.,1.),(1.,1.),(1.,
1.),(1.,1.),(1.,1.),(1.,1.),(1.,1.),(1.,1.),(1.,1.),(1.,1.),(1.,1.),(1.,
1.),(1.,1.),(1.,1.),(1.,1.),(1.,1.),(1.,1.),(1.,1.),(1.,1.),(1.,1.),(1.,
1.),(1.,1.),(1.,1.),(1.,1.),(1.,1.),(1.,1.),(1.,1.),(1.,1.),(1.,1.),(1.,
1.),(1.,1.),(1.,1.),(1.,1.),(1.,1.),(1.,1.),(1.,1.),(1.,1.),(1.,1.),(1.,
1.),(1.,1.),(1.,1.),(1.,1.)))
REPRESENTATION_ITEM('')
SURFACE()
);
#2288=(
BOUNDED_SURFACE()
B_SPLINE_SURFACE(5,1,((#3573,#3574),(#3575,#3576),(#3577,#3578),(#3579,
#3580),(#3581,#3582),(#3583,#3584),(#3585,#3586),(#3587,#3588),(#3589,#3590),
(#3591,#3592),(#3593,#3594),(#3595,#3596),(#3597,#3598),(#3599,#3600),(#3601,
#3602)),.UNSPECIFIED.,.F.,.F.,.F.)
B_SPLINE_SURFACE_WITH_KNOTS((6,1,1,1,1,1,1,1,1,1,6),(2,2),(-1.,-0.9,-0.8,
-0.7,-0.6,-0.5,-0.4,-0.3,-0.2,-0.1,0.),(0.,0.1),.UNSPECIFIED.)
GEOMETRIC_REPRESENTATION_ITEM()
RATIONAL_B_SPLINE_SURFACE(((1.,1.),(1.,1.),(1.,1.),(1.,1.),(1.,1.),(1.,
1.),(1.,1.),(1.,1.),(1.,1.),(1.,1.),(1.,1.),(1.,1.),(1.,1.),(1.,1.),(1.,
1.)))
REPRESENTATION_ITEM('')
SURFACE()
);
#2289=(
BOUNDED_SURFACE()
B_SPLINE_SURFACE(5,1,((#3636,#3637),(#3638,#3639),(#3640,#3641),(#3642,
#3643),(#3644,#3645),(#3646,#3647),(#3648,#3649),(#3650,#3651),(#3652,#3653),
(#3654,#3655),(#3656,#3657),(#3658,#3659),(#3660,#3661),(#3662,#3663),(#3664,
#3665)),.UNSPECIFIED.,.F.,.F.,.F.)
B_SPLINE_SURFACE_WITH_KNOTS((6,1,1,1,1,1,1,1,1,1,6),(2,2),(-1.,-0.9,-0.8,
-0.7,-0.6,-0.5,-0.4,-0.3,-0.2,-0.1,0.),(0.,0.1),.UNSPECIFIED.)
GEOMETRIC_REPRESENTATION_ITEM()
RATIONAL_B_SPLINE_SURFACE(((1.,1.),(1.,1.),(1.,1.),(1.,1.),(1.,1.),(1.,
1.),(1.,1.),(1.,1.),(1.,1.),(1.,1.),(1.,1.),(1.,1.),(1.,1.),(1.,1.),(1.,
1.)))
REPRESENTATION_ITEM('')
SURFACE()
);
#2290=(
BOUNDED_SURFACE()
B_SPLINE_SURFACE(5,1,((#3699,#3700),(#3701,#3702),(#3703,#3704),(#3705,
#3706),(#3707,#3708),(#3709,#3710),(#3711,#3712),(#3713,#3714),(#3715,#3716),
(#3717,#3718),(#3719,#3720),(#3721,#3722),(#3723,#3724),(#3725,#3726),(#3727,
#3728),(#3729,#3730),(#3731,#3732),(#3733,#3734),(#3735,#3736),(#3737,#3738),
(#3739,#3740),(#3741,#3742),(#3743,#3744),(#3745,#3746),(#3747,#3748),(#3749,
#3750),(#3751,#3752),(#3753,#3754),(#3755,#3756),(#3757,#3758),(#3759,#3760),
(#3761,#3762),(#3763,#3764),(#3765,#3766),(#3767,#3768)),.UNSPECIFIED.,
 .F.,.F.,.F.)
B_SPLINE_SURFACE_WITH_KNOTS((6,1,1,1,1,1,1,1,1,1,1,1,1,1,1,1,1,1,1,1,1,
1,1,1,1,1,1,1,1,1,6),(2,2),(-1.,-0.966666666666666,-0.933333333333333,-0.9,
-0.866666666666667,-0.833333333333333,-0.8,-0.766666666666667,-0.733333333333333,
-0.7,-0.666666666666667,-0.633333333333333,-0.6,-0.566666666666667,-0.533333333333333,
-0.5,-0.466666666666667,-0.433333333333333,-0.4,-0.366666666666666,-0.333333333333333,
-0.3,-0.266666666666667,-0.233333333333333,-0.2,-0.166666666666667,-0.133333333333333,
-0.1,-0.0666666666666667,-0.0333333333333333,0.),(0.,0.1),.UNSPECIFIED.)
GEOMETRIC_REPRESENTATION_ITEM()
RATIONAL_B_SPLINE_SURFACE(((1.,1.),(1.,1.),(1.,1.),(1.,1.),(1.,1.),(1.,
1.),(1.,1.),(1.,1.),(1.,1.),(1.,1.),(1.,1.),(1.,1.),(1.,1.),(1.,1.),(1.,
1.),(1.,1.),(1.,1.),(1.,1.),(1.,1.),(1.,1.),(1.,1.),(1.,1.),(1.,1.),(1.,
1.),(1.,1.),(1.,1.),(1.,1.),(1.,1.),(1.,1.),(1.,1.),(1.,1.),(1.,1.),(1.,
1.),(1.,1.),(1.,1.)))
REPRESENTATION_ITEM('')
SURFACE()
);
#2291=(
BOUNDED_SURFACE()
B_SPLINE_SURFACE(5,1,((#3842,#3843),(#3844,#3845),(#3846,#3847),(#3848,
#3849),(#3850,#3851),(#3852,#3853),(#3854,#3855),(#3856,#3857),(#3858,#3859),
(#3860,#3861),(#3862,#3863),(#3864,#3865),(#3866,#3867),(#3868,#3869),(#3870,
#3871)),.UNSPECIFIED.,.F.,.F.,.F.)
B_SPLINE_SURFACE_WITH_KNOTS((6,1,1,1,1,1,1,1,1,1,6),(2,2),(-1.,-0.9,-0.8,
-0.7,-0.6,-0.5,-0.4,-0.3,-0.2,-0.1,0.),(0.,0.1),.UNSPECIFIED.)
GEOMETRIC_REPRESENTATION_ITEM()
RATIONAL_B_SPLINE_SURFACE(((1.,1.),(1.,1.),(1.,1.),(1.,1.),(1.,1.),(1.,
1.),(1.,1.),(1.,1.),(1.,1.),(1.,1.),(1.,1.),(1.,1.),(1.,1.),(1.,1.),(1.,
1.)))
REPRESENTATION_ITEM('')
SURFACE()
);
#2292=(
BOUNDED_SURFACE()
B_SPLINE_SURFACE(5,1,((#3911,#3912),(#3913,#3914),(#3915,#3916),(#3917,
#3918),(#3919,#3920),(#3921,#3922),(#3923,#3924),(#3925,#3926),(#3927,#3928),
(#3929,#3930),(#3931,#3932),(#3933,#3934),(#3935,#3936),(#3937,#3938),(#3939,
#3940),(#3941,#3942),(#3943,#3944),(#3945,#3946),(#3947,#3948),(#3949,#3950),
(#3951,#3952),(#3953,#3954),(#3955,#3956),(#3957,#3958),(#3959,#3960),(#3961,
#3962),(#3963,#3964),(#3965,#3966),(#3967,#3968),(#3969,#3970),(#3971,#3972),
(#3973,#3974),(#3975,#3976),(#3977,#3978),(#3979,#3980),(#3981,#3982),(#3983,
#3984),(#3985,#3986),(#3987,#3988),(#3989,#3990),(#3991,#3992),(#3993,#3994),
(#3995,#3996),(#3997,#3998),(#3999,#4000),(#4001,#4002),(#4003,#4004),(#4005,
#4006),(#4007,#4008),(#4009,#4010),(#4011,#4012),(#4013,#4014),(#4015,#4016),
(#4017,#4018),(#4019,#4020),(#4021,#4022),(#4023,#4024),(#4025,#4026),(#4027,
#4028),(#4029,#4030),(#4031,#4032),(#4033,#4034),(#4035,#4036),(#4037,#4038),
(#4039,#4040),(#4041,#4042),(#4043,#4044),(#4045,#4046),(#4047,#4048),(#4049,
#4050),(#4051,#4052),(#4053,#4054),(#4055,#4056),(#4057,#4058),(#4059,#4060),
(#4061,#4062),(#4063,#4064),(#4065,#4066),(#4067,#4068),(#4069,#4070),(#4071,
#4072),(#4073,#4074),(#4075,#4076),(#4077,#4078),(#4079,#4080),(#4081,#4082),
(#4083,#4084),(#4085,#4086),(#4087,#4088),(#4089,#4090),(#4091,#4092),(#4093,
#4094),(#4095,#4096),(#4097,#4098),(#4099,#4100),(#4101,#4102),(#4103,#4104),
(#4105,#4106),(#4107,#4108),(#4109,#4110),(#4111,#4112),(#4113,#4114),(#4115,
#4116),(#4117,#4118),(#4119,#4120),(#4121,#4122),(#4123,#4124),(#4125,#4126),
(#4127,#4128),(#4129,#4130),(#4131,#4132),(#4133,#4134),(#4135,#4136),(#4137,
#4138),(#4139,#4140)),.UNSPECIFIED.,.F.,.F.,.F.)
B_SPLINE_SURFACE_WITH_KNOTS((6,1,1,1,1,1,1,1,1,1,1,1,1,1,1,1,1,1,1,1,1,
1,1,1,1,1,1,1,1,1,1,1,1,1,1,1,1,1,1,1,1,1,1,1,1,1,1,1,1,1,1,1,1,1,1,1,1,
1,1,1,1,1,1,1,1,1,1,1,1,1,1,1,1,1,1,1,1,1,1,1,1,1,1,1,1,1,1,1,1,1,1,1,1,
1,1,1,1,1,1,1,1,1,1,1,1,1,1,1,1,1,6),(2,2),(-1.,-0.990909090909088,-0.981818181818179,
-0.97272727272727,-0.963636363636361,-0.954545454545452,-0.945454545454543,
-0.936363636363634,-0.927272727272725,-0.918181818181816,-0.909090909090907,
-0.899999999999998,-0.890909090909089,-0.88181818181818,-0.872727272727271,
-0.863636363636362,-0.854545454545453,-0.845454545454543,-0.836363636363635,
-0.827272727272726,-0.818181818181816,-0.809090909090907,-0.799999999999998,
-0.790909090909089,-0.78181818181818,-0.772727272727271,-0.763636363636362,
-0.754545454545453,-0.745454545454544,-0.736363636363635,-0.727272727272726,
-0.718181818181817,-0.709090909090908,-0.699999999999999,-0.69090909090909,
-0.681818181818181,-0.672727272727272,-0.663636363636363,-0.654545454545454,
-0.645454545454545,-0.636363636363636,-0.627272727272727,-0.618181818181818,
-0.609090909090909,-0.6,-0.59090909090909,-0.581818181818181,-0.572727272727272,
-0.563636363636363,-0.554545454545454,-0.545454545454545,-0.536363636363636,
-0.527272727272727,-0.518181818181818,-0.509090909090909,-0.5,-0.490909090909091,
-0.481818181818182,-0.472727272727273,-0.463636363636364,-0.454545454545455,
-0.445454545454546,-0.436363636363637,-0.427272727272727,-0.418181818181818,
-0.409090909090909,-0.4,-0.390909090909091,-0.381818181818182,-0.372727272727273,
-0.363636363636364,-0.354545454545455,-0.345454545454546,-0.336363636363636,
-0.327272727272727,-0.318181818181818,-0.309090909090909,-0.3,-0.290909090909091,
-0.281818181818182,-0.272727272727273,-0.263636363636364,-0.254545454545455,
-0.245454545454546,-0.236363636363636,-0.227272727272727,-0.218181818181818,
-0.209090909090909,-0.2,-0.190909090909091,-0.181818181818182,-0.172727272727273,
-0.163636363636364,-0.154545454545455,-0.145454545454545,-0.136363636363636,
-0.127272727272727,-0.118181818181818,-0.109090909090909,-0.1,-0.0909090909090909,
-0.0818181818181818,-0.0727272727272727,-0.0636363636363636,-0.0545454545454545,
-0.0454545454545455,-0.0363636363636364,-0.0272727272727273,-0.0181818181818182,
-0.00909090909090909,0.),(0.,0.1),.UNSPECIFIED.)
GEOMETRIC_REPRESENTATION_ITEM()
RATIONAL_B_SPLINE_SURFACE(((1.,1.),(1.,1.),(1.,1.),(1.,1.),(1.,1.),(1.,
1.),(1.,1.),(1.,1.),(1.,1.),(1.,1.),(1.,1.),(1.,1.),(1.,1.),(1.,1.),(1.,
1.),(1.,1.),(1.,1.),(1.,1.),(1.,1.),(1.,1.),(1.,1.),(1.,1.),(1.,1.),(1.,
1.),(1.,1.),(1.,1.),(1.,1.),(1.,1.),(1.,1.),(1.,1.),(1.,1.),(1.,1.),(1.,
1.),(1.,1.),(1.,1.),(1.,1.),(1.,1.),(1.,1.),(1.,1.),(1.,1.),(1.,1.),(1.,
1.),(1.,1.),(1.,1.),(1.,1.),(1.,1.),(1.,1.),(1.,1.),(1.,1.),(1.,1.),(1.,
1.),(1.,1.),(1.,1.),(1.,1.),(1.,1.),(1.,1.),(1.,1.),(1.,1.),(1.,1.),(1.,
1.),(1.,1.),(1.,1.),(1.,1.),(1.,1.),(1.,1.),(1.,1.),(1.,1.),(1.,1.),(1.,
1.),(1.,1.),(1.,1.),(1.,1.),(1.,1.),(1.,1.),(1.,1.),(1.,1.),(1.,1.),(1.,
1.),(1.,1.),(1.,1.),(1.,1.),(1.,1.),(1.,1.),(1.,1.),(1.,1.),(1.,1.),(1.,
1.),(1.,1.),(1.,1.),(1.,1.),(1.,1.),(1.,1.),(1.,1.),(1.,1.),(1.,1.),(1.,
1.),(1.,1.),(1.,1.),(1.,1.),(1.,1.),(1.,1.),(1.,1.),(1.,1.),(1.,1.),(1.,
1.),(1.,1.),(1.,1.),(1.,1.),(1.,1.),(1.,1.),(1.,1.),(1.,1.),(1.,1.),(1.,
1.),(1.,1.)))
REPRESENTATION_ITEM('')
SURFACE()
);
#2293=(
BOUNDED_SURFACE()
B_SPLINE_SURFACE(5,1,((#4374,#4375),(#4376,#4377),(#4378,#4379),(#4380,
#4381),(#4382,#4383),(#4384,#4385),(#4386,#4387),(#4388,#4389),(#4390,#4391),
(#4392,#4393),(#4394,#4395),(#4396,#4397),(#4398,#4399),(#4400,#4401),(#4402,
#4403),(#4404,#4405),(#4406,#4407),(#4408,#4409),(#4410,#4411),(#4412,#4413),
(#4414,#4415),(#4416,#4417),(#4418,#4419),(#4420,#4421),(#4422,#4423),(#4424,
#4425),(#4426,#4427),(#4428,#4429),(#4430,#4431),(#4432,#4433),(#4434,#4435),
(#4436,#4437),(#4438,#4439),(#4440,#4441),(#4442,#4443)),.UNSPECIFIED.,
 .F.,.F.,.F.)
B_SPLINE_SURFACE_WITH_KNOTS((6,1,1,1,1,1,1,1,1,1,1,1,1,1,1,1,1,1,1,1,1,
1,1,1,1,1,1,1,1,1,6),(2,2),(-1.,-0.966666666666666,-0.933333333333333,-0.9,
-0.866666666666667,-0.833333333333333,-0.8,-0.766666666666667,-0.733333333333333,
-0.7,-0.666666666666667,-0.633333333333333,-0.6,-0.566666666666667,-0.533333333333333,
-0.5,-0.466666666666667,-0.433333333333333,-0.4,-0.366666666666666,-0.333333333333333,
-0.3,-0.266666666666667,-0.233333333333333,-0.2,-0.166666666666667,-0.133333333333333,
-0.1,-0.0666666666666667,-0.0333333333333333,0.),(0.,0.1),.UNSPECIFIED.)
GEOMETRIC_REPRESENTATION_ITEM()
RATIONAL_B_SPLINE_SURFACE(((1.,1.),(1.,1.),(1.,1.),(1.,1.),(1.,1.),(1.,
1.),(1.,1.),(1.,1.),(1.,1.),(1.,1.),(1.,1.),(1.,1.),(1.,1.),(1.,1.),(1.,
1.),(1.,1.),(1.,1.),(1.,1.),(1.,1.),(1.,1.),(1.,1.),(1.,1.),(1.,1.),(1.,
1.),(1.,1.),(1.,1.),(1.,1.),(1.,1.),(1.,1.),(1.,1.),(1.,1.),(1.,1.),(1.,
1.),(1.,1.),(1.,1.)))
REPRESENTATION_ITEM('')
SURFACE()
);
#2294=(
BOUNDED_SURFACE()
B_SPLINE_SURFACE(5,1,((#4515,#4516),(#4517,#4518),(#4519,#4520),(#4521,
#4522),(#4523,#4524),(#4525,#4526),(#4527,#4528),(#4529,#4530),(#4531,#4532),
(#4533,#4534),(#4535,#4536),(#4537,#4538),(#4539,#4540),(#4541,#4542),(#4543,
#4544),(#4545,#4546),(#4547,#4548),(#4549,#4550),(#4551,#4552),(#4553,#4554),
(#4555,#4556),(#4557,#4558),(#4559,#4560),(#4561,#4562),(#4563,#4564),(#4565,
#4566),(#4567,#4568),(#4569,#4570),(#4571,#4572),(#4573,#4574),(#4575,#4576),
(#4577,#4578),(#4579,#4580),(#4581,#4582),(#4583,#4584),(#4585,#4586),(#4587,
#4588),(#4589,#4590),(#4591,#4592),(#4593,#4594),(#4595,#4596),(#4597,#4598),
(#4599,#4600),(#4601,#4602),(#4603,#4604)),.UNSPECIFIED.,.F.,.F.,.F.)
B_SPLINE_SURFACE_WITH_KNOTS((6,1,1,1,1,1,1,1,1,1,1,1,1,1,1,1,1,1,1,1,1,
1,1,1,1,1,1,1,1,1,1,1,1,1,1,1,1,1,1,1,6),(2,2),(0.,0.025,0.05,0.075,0.1,
0.125,0.15,0.175,0.2,0.225,0.25,0.275,0.3,0.325,0.35,0.375,0.4,0.425,0.45,
0.475,0.5,0.525,0.55,0.575,0.6,0.625,0.65,0.675,0.7,0.725,0.75,0.775,0.8,
0.825,0.85,0.875,0.9,0.925,0.95,0.975,1.),(0.,0.1),.UNSPECIFIED.)
GEOMETRIC_REPRESENTATION_ITEM()
RATIONAL_B_SPLINE_SURFACE(((1.,1.),(1.,1.),(1.,1.),(1.,1.),(1.,1.),(1.,
1.),(1.,1.),(1.,1.),(1.,1.),(1.,1.),(1.,1.),(1.,1.),(1.,1.),(1.,1.),(1.,
1.),(1.,1.),(1.,1.),(1.,1.),(1.,1.),(1.,1.),(1.,1.),(1.,1.),(1.,1.),(1.,
1.),(1.,1.),(1.,1.),(1.,1.),(1.,1.),(1.,1.),(1.,1.),(1.,1.),(1.,1.),(1.,
1.),(1.,1.),(1.,1.),(1.,1.),(1.,1.),(1.,1.),(1.,1.),(1.,1.),(1.,1.),(1.,
1.),(1.,1.),(1.,1.),(1.,1.)))
REPRESENTATION_ITEM('')
SURFACE()
);
#2295=(
BOUNDED_SURFACE()
B_SPLINE_SURFACE(5,1,((#4701,#4702),(#4703,#4704),(#4705,#4706),(#4707,
#4708),(#4709,#4710),(#4711,#4712),(#4713,#4714),(#4715,#4716),(#4717,#4718),
(#4719,#4720),(#4721,#4722),(#4723,#4724),(#4725,#4726),(#4727,#4728),(#4729,
#4730),(#4731,#4732),(#4733,#4734),(#4735,#4736),(#4737,#4738),(#4739,#4740),
(#4741,#4742),(#4743,#4744),(#4745,#4746),(#4747,#4748),(#4749,#4750),(#4751,
#4752),(#4753,#4754),(#4755,#4756),(#4757,#4758),(#4759,#4760),(#4761,#4762),
(#4763,#4764),(#4765,#4766),(#4767,#4768),(#4769,#4770),(#4771,#4772),(#4773,
#4774),(#4775,#4776),(#4777,#4778),(#4779,#4780),(#4781,#4782),(#4783,#4784),
(#4785,#4786),(#4787,#4788),(#4789,#4790),(#4791,#4792),(#4793,#4794),(#4795,
#4796),(#4797,#4798),(#4799,#4800)),.UNSPECIFIED.,.F.,.F.,.F.)
B_SPLINE_SURFACE_WITH_KNOTS((6,1,1,1,1,1,1,1,1,1,1,1,1,1,1,1,1,1,1,1,1,
1,1,1,1,1,1,1,1,1,1,1,1,1,1,1,1,1,1,1,1,1,1,1,1,6),(2,2),(0.,0.0222222222222222,
0.0444444444444445,0.0666666666666667,0.0888888888888889,0.111111111111111,
0.133333333333333,0.155555555555556,0.177777777777778,0.2,0.222222222222222,
0.244444444444444,0.266666666666667,0.288888888888889,0.311111111111111,
0.333333333333333,0.355555555555555,0.377777777777778,0.4,0.422222222222222,
0.444444444444444,0.466666666666667,0.488888888888889,0.511111111111111,
0.533333333333333,0.555555555555555,0.577777777777778,0.6,0.622222222222222,
0.644444444444444,0.666666666666667,0.688888888888889,0.711111111111111,
0.733333333333333,0.755555555555556,0.777777777777778,0.8,0.822222222222222,
0.844444444444445,0.866666666666667,0.888888888888889,0.911111111111111,
0.933333333333334,0.955555555555556,0.977777777777778,1.),(0.,0.1),
 .UNSPECIFIED.)
GEOMETRIC_REPRESENTATION_ITEM()
RATIONAL_B_SPLINE_SURFACE(((1.,1.),(1.,1.),(1.,1.),(1.,1.),(1.,1.),(1.,
1.),(1.,1.),(1.,1.),(1.,1.),(1.,1.),(1.,1.),(1.,1.),(1.,1.),(1.,1.),(1.,
1.),(1.,1.),(1.,1.),(1.,1.),(1.,1.),(1.,1.),(1.,1.),(1.,1.),(1.,1.),(1.,
1.),(1.,1.),(1.,1.),(1.,1.),(1.,1.),(1.,1.),(1.,1.),(1.,1.),(1.,1.),(1.,
1.),(1.,1.),(1.,1.),(1.,1.),(1.,1.),(1.,1.),(1.,1.),(1.,1.),(1.,1.),(1.,
1.),(1.,1.),(1.,1.),(1.,1.),(1.,1.),(1.,1.),(1.,1.),(1.,1.),(1.,1.)))
REPRESENTATION_ITEM('')
SURFACE()
);
#2296=(
BOUNDED_SURFACE()
B_SPLINE_SURFACE(5,1,((#4904,#4905),(#4906,#4907),(#4908,#4909),(#4910,
#4911),(#4912,#4913),(#4914,#4915),(#4916,#4917),(#4918,#4919),(#4920,#4921),
(#4922,#4923),(#4924,#4925),(#4926,#4927),(#4928,#4929),(#4930,#4931),(#4932,
#4933),(#4934,#4935),(#4936,#4937),(#4938,#4939),(#4940,#4941),(#4942,#4943),
(#4944,#4945),(#4946,#4947),(#4948,#4949),(#4950,#4951),(#4952,#4953),(#4954,
#4955),(#4956,#4957),(#4958,#4959),(#4960,#4961),(#4962,#4963),(#4964,#4965),
(#4966,#4967),(#4968,#4969),(#4970,#4971),(#4972,#4973),(#4974,#4975),(#4976,
#4977),(#4978,#4979),(#4980,#4981),(#4982,#4983)),.UNSPECIFIED.,.F.,.F.,
 .F.)
B_SPLINE_SURFACE_WITH_KNOTS((6,1,1,1,1,1,1,1,1,1,1,1,1,1,1,1,1,1,1,1,1,
1,1,1,1,1,1,1,1,1,1,1,1,1,1,6),(2,2),(0.,0.0285714285714286,0.0571428571428571,
0.0857142857142857,0.114285714285714,0.142857142857143,0.171428571428571,
0.2,0.228571428571429,0.257142857142857,0.285714285714286,0.314285714285714,
0.342857142857143,0.371428571428571,0.4,0.428571428571429,0.457142857142857,
0.485714285714286,0.514285714285714,0.542857142857143,0.571428571428572,
0.6,0.628571428571429,0.657142857142857,0.685714285714286,0.714285714285714,
0.742857142857143,0.771428571428571,0.8,0.828571428571429,0.857142857142857,
0.885714285714286,0.914285714285715,0.942857142857143,0.971428571428572,
1.),(0.,0.1),.UNSPECIFIED.)
GEOMETRIC_REPRESENTATION_ITEM()
RATIONAL_B_SPLINE_SURFACE(((1.,1.),(1.,1.),(1.,1.),(1.,1.),(1.,1.),(1.,
1.),(1.,1.),(1.,1.),(1.,1.),(1.,1.),(1.,1.),(1.,1.),(1.,1.),(1.,1.),(1.,
1.),(1.,1.),(1.,1.),(1.,1.),(1.,1.),(1.,1.),(1.,1.),(1.,1.),(1.,1.),(1.,
1.),(1.,1.),(1.,1.),(1.,1.),(1.,1.),(1.,1.),(1.,1.),(1.,1.),(1.,1.),(1.,
1.),(1.,1.),(1.,1.),(1.,1.),(1.,1.),(1.,1.),(1.,1.),(1.,1.)))
REPRESENTATION_ITEM('')
SURFACE()
);
#2297=(
BOUNDED_SURFACE()
B_SPLINE_SURFACE(5,1,((#5065,#5066),(#5067,#5068),(#5069,#5070),(#5071,
#5072),(#5073,#5074),(#5075,#5076),(#5077,#5078),(#5079,#5080),(#5081,#5082),
(#5083,#5084),(#5085,#5086),(#5087,#5088),(#5089,#5090),(#5091,#5092),(#5093,
#5094),(#5095,#5096),(#5097,#5098),(#5099,#5100),(#5101,#5102),(#5103,#5104),
(#5105,#5106),(#5107,#5108),(#5109,#5110),(#5111,#5112),(#5113,#5114),(#5115,
#5116),(#5117,#5118),(#5119,#5120),(#5121,#5122),(#5123,#5124),(#5125,#5126),
(#5127,#5128),(#5129,#5130),(#5131,#5132),(#5133,#5134),(#5135,#5136),(#5137,
#5138),(#5139,#5140),(#5141,#5142),(#5143,#5144),(#5145,#5146),(#5147,#5148),
(#5149,#5150),(#5151,#5152),(#5153,#5154)),.UNSPECIFIED.,.T.,.F.,.F.)
B_SPLINE_SURFACE_WITH_KNOTS((6,1,1,1,1,1,1,1,1,1,1,1,1,1,1,1,1,1,1,1,1,
1,1,1,1,1,1,1,1,1,1,1,1,1,1,1,1,1,1,1,6),(2,2),(-1.,-0.975,-0.95,-0.925,
-0.9,-0.875,-0.85,-0.825,-0.8,-0.775,-0.75,-0.725,-0.7,-0.675,-0.65,-0.625,
-0.6,-0.575,-0.55,-0.525,-0.5,-0.475,-0.45,-0.425,-0.4,-0.375,-0.35,-0.325,
-0.3,-0.275,-0.25,-0.225,-0.2,-0.175,-0.15,-0.125,-0.1,-0.075,-0.05,-0.025,
0.),(0.,0.1),.UNSPECIFIED.)
GEOMETRIC_REPRESENTATION_ITEM()
RATIONAL_B_SPLINE_SURFACE(((1.,1.),(1.,1.),(1.,1.),(1.,1.),(1.,1.),(1.,
1.),(1.,1.),(1.,1.),(1.,1.),(1.,1.),(1.,1.),(1.,1.),(1.,1.),(1.,1.),(1.,
1.),(1.,1.),(1.,1.),(1.,1.),(1.,1.),(1.,1.),(1.,1.),(1.,1.),(1.,1.),(1.,
1.),(1.,1.),(1.,1.),(1.,1.),(1.,1.),(1.,1.),(1.,1.),(1.,1.),(1.,1.),(1.,
1.),(1.,1.),(1.,1.),(1.,1.),(1.,1.),(1.,1.),(1.,1.),(1.,1.),(1.,1.),(1.,
1.),(1.,1.),(1.,1.),(1.,1.)))
REPRESENTATION_ITEM('')
SURFACE()
);
#2298=(
BOUNDED_SURFACE()
B_SPLINE_SURFACE(5,1,((#5248,#5249),(#5250,#5251),(#5252,#5253),(#5254,
#5255),(#5256,#5257),(#5258,#5259)),.UNSPECIFIED.,.F.,.F.,.F.)
B_SPLINE_SURFACE_WITH_KNOTS((6,6),(2,2),(-1.,-0.997317909817105),(0.,0.1),
 .UNSPECIFIED.)
GEOMETRIC_REPRESENTATION_ITEM()
RATIONAL_B_SPLINE_SURFACE(((1.,1.),(1.,1.),(1.,1.),(1.,1.),(1.,1.),(1.,
1.)))
REPRESENTATION_ITEM('')
SURFACE()
);
#2299=(
BOUNDED_SURFACE()
B_SPLINE_SURFACE(5,1,((#5278,#5279),(#5280,#5281),(#5282,#5283),(#5284,
#5285),(#5286,#5287),(#5288,#5289)),.UNSPECIFIED.,.F.,.F.,.F.)
B_SPLINE_SURFACE_WITH_KNOTS((6,6),(2,2),(-0.00305761203543655,0.),(0.,0.1),
 .UNSPECIFIED.)
GEOMETRIC_REPRESENTATION_ITEM()
RATIONAL_B_SPLINE_SURFACE(((1.,1.),(1.,1.),(1.,1.),(1.,1.),(1.,1.),(1.,
1.)))
REPRESENTATION_ITEM('')
SURFACE()
);
#2300=(
BOUNDED_SURFACE()
B_SPLINE_SURFACE(5,1,((#5302,#5303),(#5304,#5305),(#5306,#5307),(#5308,
#5309),(#5310,#5311),(#5312,#5313),(#5314,#5315),(#5316,#5317),(#5318,#5319),
(#5320,#5321),(#5322,#5323),(#5324,#5325),(#5326,#5327),(#5328,#5329),(#5330,
#5331),(#5332,#5333),(#5334,#5335),(#5336,#5337),(#5338,#5339),(#5340,#5341),
(#5342,#5343),(#5344,#5345),(#5346,#5347),(#5348,#5349),(#5350,#5351),(#5352,
#5353),(#5354,#5355),(#5356,#5357),(#5358,#5359),(#5360,#5361),(#5362,#5363),
(#5364,#5365),(#5366,#5367),(#5368,#5369),(#5370,#5371),(#5372,#5373),(#5374,
#5375),(#5376,#5377),(#5378,#5379),(#5380,#5381),(#5382,#5383),(#5384,#5385),
(#5386,#5387),(#5388,#5389),(#5390,#5391),(#5392,#5393),(#5394,#5395),(#5396,
#5397),(#5398,#5399),(#5400,#5401),(#5402,#5403),(#5404,#5405),(#5406,#5407),
(#5408,#5409),(#5410,#5411),(#5412,#5413),(#5414,#5415),(#5416,#5417),(#5418,
#5419),(#5420,#5421),(#5422,#5423),(#5424,#5425),(#5426,#5427),(#5428,#5429),
(#5430,#5431),(#5432,#5433),(#5434,#5435),(#5436,#5437),(#5438,#5439),(#5440,
#5441),(#5442,#5443),(#5444,#5445),(#5446,#5447),(#5448,#5449),(#5450,#5451)),
 .UNSPECIFIED.,.F.,.F.,.F.)
B_SPLINE_SURFACE_WITH_KNOTS((6,1,1,1,1,1,1,1,1,1,1,1,1,1,1,1,1,1,1,1,1,
1,1,1,1,1,1,1,1,1,1,1,1,1,1,1,1,1,1,1,1,1,1,1,1,1,1,1,1,1,1,1,1,1,1,1,1,
1,1,1,1,1,1,1,1,1,1,1,1,1,6),(2,2),(0.,0.0142857142857143,0.0285714285714286,
0.0428571428571429,0.0571428571428571,0.0714285714285714,0.0857142857142857,
0.1,0.114285714285714,0.128571428571429,0.142857142857143,0.157142857142857,
0.171428571428571,0.185714285714286,0.2,0.214285714285714,0.228571428571429,
0.242857142857143,0.257142857142857,0.271428571428571,0.285714285714286,
0.3,0.314285714285714,0.328571428571429,0.342857142857143,0.357142857142857,
0.371428571428571,0.385714285714286,0.4,0.414285714285714,0.428571428571429,
0.442857142857143,0.457142857142857,0.471428571428571,0.485714285714286,
0.5,0.514285714285714,0.528571428571429,0.542857142857143,0.557142857142857,
0.571428571428571,0.585714285714286,0.6,0.614285714285714,0.628571428571428,
0.642857142857142,0.657142857142857,0.671428571428571,0.685714285714285,
0.699999999999999,0.714285714285714,0.728571428571428,0.742857142857142,
0.757142857142856,0.771428571428571,0.785714285714285,0.799999999999999,
0.814285714285713,0.828571428571428,0.842857142857142,0.857142857142856,
0.87142857142857,0.885714285714284,0.899999999999999,0.914285714285713,
0.928571428571427,0.942857142857141,0.957142857142856,0.97142857142857,
0.985714285714284,0.997317909817105),(0.,0.1),.UNSPECIFIED.)
GEOMETRIC_REPRESENTATION_ITEM()
RATIONAL_B_SPLINE_SURFACE(((1.,1.),(1.,1.),(1.,1.),(1.,1.),(1.,1.),(1.,
1.),(1.,1.),(1.,1.),(1.,1.),(1.,1.),(1.,1.),(1.,1.),(1.,1.),(1.,1.),(1.,
1.),(1.,1.),(1.,1.),(1.,1.),(1.,1.),(1.,1.),(1.,1.),(1.,1.),(1.,1.),(1.,
1.),(1.,1.),(1.,1.),(1.,1.),(1.,1.),(1.,1.),(1.,1.),(1.,1.),(1.,1.),(1.,
1.),(1.,1.),(1.,1.),(1.,1.),(1.,1.),(1.,1.),(1.,1.),(1.,1.),(1.,1.),(1.,
1.),(1.,1.),(1.,1.),(1.,1.),(1.,1.),(1.,1.),(1.,1.),(1.,1.),(1.,1.),(1.,
1.),(1.,1.),(1.,1.),(1.,1.),(1.,1.),(1.,1.),(1.,1.),(1.,1.),(1.,1.),(1.,
1.),(1.,1.),(1.,1.),(1.,1.),(1.,1.),(1.,1.),(1.,1.),(1.,1.),(1.,1.),(1.,
1.),(1.,1.),(1.,1.),(1.,1.),(1.,1.),(1.,1.),(1.,1.)))
REPRESENTATION_ITEM('')
SURFACE()
);
#2301=(
BOUNDED_SURFACE()
B_SPLINE_SURFACE(5,1,((#5606,#5607),(#5608,#5609),(#5610,#5611),(#5612,
#5613),(#5614,#5615),(#5616,#5617),(#5618,#5619),(#5620,#5621),(#5622,#5623),
(#5624,#5625),(#5626,#5627),(#5628,#5629),(#5630,#5631),(#5632,#5633),(#5634,
#5635),(#5636,#5637)),.UNSPECIFIED.,.F.,.F.,.F.)
B_SPLINE_SURFACE_WITH_KNOTS((6,1,1,1,1,1,1,1,1,1,1,6),(2,2),(0.,0.0333333333333333,
0.0666666666666667,0.1,0.133333333333333,0.166666666666667,0.2,0.233333333333333,
0.266666666666667,0.3,0.333333333333333,0.356637772273336),(0.,0.1),
 .UNSPECIFIED.)
GEOMETRIC_REPRESENTATION_ITEM()
RATIONAL_B_SPLINE_SURFACE(((1.,1.),(1.,1.),(1.,1.),(1.,1.),(1.,1.),(1.,
1.),(1.,1.),(1.,1.),(1.,1.),(1.,1.),(1.,1.),(1.,1.),(1.,1.),(1.,1.),(1.,
1.),(1.,1.)))
REPRESENTATION_ITEM('')
SURFACE()
);
#2302=(
BOUNDED_SURFACE()
B_SPLINE_SURFACE(5,1,((#5673,#5674),(#5675,#5676),(#5677,#5678),(#5679,
#5680),(#5681,#5682),(#5683,#5684),(#5685,#5686),(#5687,#5688),(#5689,#5690),
(#5691,#5692),(#5693,#5694),(#5695,#5696),(#5697,#5698),(#5699,#5700),(#5701,
#5702),(#5703,#5704),(#5705,#5706),(#5707,#5708),(#5709,#5710),(#5711,#5712),
(#5713,#5714),(#5715,#5716),(#5717,#5718),(#5719,#5720),(#5721,#5722),(#5723,
#5724),(#5725,#5726),(#5727,#5728),(#5729,#5730),(#5731,#5732),(#5733,#5734),
(#5735,#5736),(#5737,#5738),(#5739,#5740),(#5741,#5742)),.UNSPECIFIED.,
 .F.,.F.,.F.)
B_SPLINE_SURFACE_WITH_KNOTS((6,1,1,1,1,1,1,1,1,1,1,1,1,1,1,1,1,1,1,1,1,
1,1,1,1,1,1,1,1,1,6),(2,2),(0.,0.0333333333333333,0.0666666666666667,0.1,
0.133333333333333,0.166666666666667,0.2,0.233333333333333,0.266666666666667,
0.3,0.333333333333333,0.366666666666666,0.4,0.433333333333333,0.466666666666667,
0.5,0.533333333333333,0.566666666666667,0.6,0.633333333333333,0.666666666666667,
0.7,0.733333333333333,0.766666666666667,0.8,0.833333333333333,0.866666666666667,
0.9,0.933333333333333,0.966666666666666,1.),(0.,0.1),.UNSPECIFIED.)
GEOMETRIC_REPRESENTATION_ITEM()
RATIONAL_B_SPLINE_SURFACE(((1.,1.),(1.,1.),(1.,1.),(1.,1.),(1.,1.),(1.,
1.),(1.,1.),(1.,1.),(1.,1.),(1.,1.),(1.,1.),(1.,1.),(1.,1.),(1.,1.),(1.,
1.),(1.,1.),(1.,1.),(1.,1.),(1.,1.),(1.,1.),(1.,1.),(1.,1.),(1.,1.),(1.,
1.),(1.,1.),(1.,1.),(1.,1.),(1.,1.),(1.,1.),(1.,1.),(1.,1.),(1.,1.),(1.,
1.),(1.,1.),(1.,1.)))
REPRESENTATION_ITEM('')
SURFACE()
);
#2303=(
BOUNDED_SURFACE()
B_SPLINE_SURFACE(5,1,((#5816,#5817),(#5818,#5819),(#5820,#5821),(#5822,
#5823),(#5824,#5825),(#5826,#5827),(#5828,#5829),(#5830,#5831),(#5832,#5833),
(#5834,#5835),(#5836,#5837),(#5838,#5839),(#5840,#5841),(#5842,#5843),(#5844,
#5845),(#5846,#5847),(#5848,#5849),(#5850,#5851),(#5852,#5853),(#5854,#5855),
(#5856,#5857),(#5858,#5859),(#5860,#5861),(#5862,#5863),(#5864,#5865),(#5866,
#5867),(#5868,#5869),(#5870,#5871),(#5872,#5873),(#5874,#5875),(#5876,#5877),
(#5878,#5879),(#5880,#5881),(#5882,#5883),(#5884,#5885)),.UNSPECIFIED.,
 .F.,.F.,.F.)
B_SPLINE_SURFACE_WITH_KNOTS((6,1,1,1,1,1,1,1,1,1,1,1,1,1,1,1,1,1,1,1,1,
1,1,1,1,1,1,1,1,1,6),(2,2),(0.,0.0333333333333333,0.0666666666666667,0.1,
0.133333333333333,0.166666666666667,0.2,0.233333333333333,0.266666666666667,
0.3,0.333333333333333,0.366666666666666,0.4,0.433333333333333,0.466666666666667,
0.5,0.533333333333333,0.566666666666667,0.6,0.633333333333333,0.666666666666667,
0.7,0.733333333333333,0.766666666666667,0.8,0.833333333333333,0.866666666666667,
0.9,0.933333333333333,0.966666666666666,1.),(0.,0.1),.UNSPECIFIED.)
GEOMETRIC_REPRESENTATION_ITEM()
RATIONAL_B_SPLINE_SURFACE(((1.,1.),(1.,1.),(1.,1.),(1.,1.),(1.,1.),(1.,
1.),(1.,1.),(1.,1.),(1.,1.),(1.,1.),(1.,1.),(1.,1.),(1.,1.),(1.,1.),(1.,
1.),(1.,1.),(1.,1.),(1.,1.),(1.,1.),(1.,1.),(1.,1.),(1.,1.),(1.,1.),(1.,
1.),(1.,1.),(1.,1.),(1.,1.),(1.,1.),(1.,1.),(1.,1.),(1.,1.),(1.,1.),(1.,
1.),(1.,1.),(1.,1.)))
REPRESENTATION_ITEM('')
SURFACE()
);
#2304=(
BOUNDED_SURFACE()
B_SPLINE_SURFACE(5,1,((#5959,#5960),(#5961,#5962),(#5963,#5964),(#5965,
#5966),(#5967,#5968),(#5969,#5970),(#5971,#5972),(#5973,#5974),(#5975,#5976),
(#5977,#5978),(#5979,#5980),(#5981,#5982),(#5983,#5984),(#5985,#5986),(#5987,
#5988),(#5989,#5990),(#5991,#5992),(#5993,#5994),(#5995,#5996),(#5997,#5998),
(#5999,#6000),(#6001,#6002),(#6003,#6004),(#6005,#6006),(#6007,#6008),(#6009,
#6010),(#6011,#6012),(#6013,#6014),(#6015,#6016),(#6017,#6018),(#6019,#6020),
(#6021,#6022),(#6023,#6024),(#6025,#6026),(#6027,#6028)),.UNSPECIFIED.,
 .F.,.F.,.F.)
B_SPLINE_SURFACE_WITH_KNOTS((6,1,1,1,1,1,1,1,1,1,1,1,1,1,1,1,1,1,1,1,1,
1,1,1,1,1,1,1,1,1,6),(2,2),(0.,0.0333333333333333,0.0666666666666667,0.1,
0.133333333333333,0.166666666666667,0.2,0.233333333333333,0.266666666666667,
0.3,0.333333333333333,0.366666666666666,0.4,0.433333333333333,0.466666666666667,
0.5,0.533333333333333,0.566666666666667,0.6,0.633333333333333,0.666666666666667,
0.7,0.733333333333333,0.766666666666667,0.8,0.833333333333333,0.866666666666667,
0.9,0.933333333333333,0.966666666666666,1.),(0.,0.1),.UNSPECIFIED.)
GEOMETRIC_REPRESENTATION_ITEM()
RATIONAL_B_SPLINE_SURFACE(((1.,1.),(1.,1.),(1.,1.),(1.,1.),(1.,1.),(1.,
1.),(1.,1.),(1.,1.),(1.,1.),(1.,1.),(1.,1.),(1.,1.),(1.,1.),(1.,1.),(1.,
1.),(1.,1.),(1.,1.),(1.,1.),(1.,1.),(1.,1.),(1.,1.),(1.,1.),(1.,1.),(1.,
1.),(1.,1.),(1.,1.),(1.,1.),(1.,1.),(1.,1.),(1.,1.),(1.,1.),(1.,1.),(1.,
1.),(1.,1.),(1.,1.)))
REPRESENTATION_ITEM('')
SURFACE()
);
#2305=(
BOUNDED_SURFACE()
B_SPLINE_SURFACE(5,1,((#6102,#6103),(#6104,#6105),(#6106,#6107),(#6108,
#6109),(#6110,#6111),(#6112,#6113),(#6114,#6115),(#6116,#6117),(#6118,#6119),
(#6120,#6121),(#6122,#6123),(#6124,#6125),(#6126,#6127),(#6128,#6129),(#6130,
#6131),(#6132,#6133),(#6134,#6135),(#6136,#6137),(#6138,#6139),(#6140,#6141),
(#6142,#6143),(#6144,#6145),(#6146,#6147),(#6148,#6149),(#6150,#6151),(#6152,
#6153),(#6154,#6155),(#6156,#6157),(#6158,#6159),(#6160,#6161),(#6162,#6163),
(#6164,#6165),(#6166,#6167),(#6168,#6169),(#6170,#6171),(#6172,#6173),(#6174,
#6175),(#6176,#6177),(#6178,#6179),(#6180,#6181),(#6182,#6183),(#6184,#6185),
(#6186,#6187),(#6188,#6189),(#6190,#6191),(#6192,#6193),(#6194,#6195),(#6196,
#6197),(#6198,#6199),(#6200,#6201),(#6202,#6203),(#6204,#6205),(#6206,#6207),
(#6208,#6209),(#6210,#6211),(#6212,#6213),(#6214,#6215),(#6216,#6217),(#6218,
#6219),(#6220,#6221),(#6222,#6223),(#6224,#6225),(#6226,#6227),(#6228,#6229),
(#6230,#6231)),.UNSPECIFIED.,.F.,.F.,.F.)
B_SPLINE_SURFACE_WITH_KNOTS((6,1,1,1,1,1,1,1,1,1,1,1,1,1,1,1,1,1,1,1,1,
1,1,1,1,1,1,1,1,1,1,1,1,1,1,1,1,1,1,1,1,1,1,1,1,1,1,1,1,1,1,1,1,1,1,1,1,
1,1,1,6),(2,2),(0.,0.0166666666666667,0.0333333333333333,0.05,0.0666666666666667,
0.0833333333333333,0.1,0.116666666666667,0.133333333333333,0.15,0.166666666666667,
0.183333333333333,0.2,0.216666666666667,0.233333333333333,0.25,0.266666666666667,
0.283333333333333,0.3,0.316666666666667,0.333333333333333,0.35,0.366666666666666,
0.383333333333333,0.4,0.416666666666667,0.433333333333333,0.45,0.466666666666667,
0.483333333333333,0.5,0.516666666666667,0.533333333333333,0.55,0.566666666666667,
0.583333333333333,0.6,0.616666666666667,0.633333333333334,0.65,0.666666666666667,
0.683333333333334,0.700000000000001,0.716666666666667,0.733333333333334,
0.750000000000001,0.766666666666667,0.783333333333334,0.800000000000001,
0.816666666666668,0.833333333333334,0.850000000000001,0.866666666666668,
0.883333333333334,0.900000000000001,0.916666666666668,0.933333333333334,
0.950000000000001,0.966666666666668,0.983333333333335,1.),(0.,0.1),
 .UNSPECIFIED.)
GEOMETRIC_REPRESENTATION_ITEM()
RATIONAL_B_SPLINE_SURFACE(((1.,1.),(1.,1.),(1.,1.),(1.,1.),(1.,1.),(1.,
1.),(1.,1.),(1.,1.),(1.,1.),(1.,1.),(1.,1.),(1.,1.),(1.,1.),(1.,1.),(1.,
1.),(1.,1.),(1.,1.),(1.,1.),(1.,1.),(1.,1.),(1.,1.),(1.,1.),(1.,1.),(1.,
1.),(1.,1.),(1.,1.),(1.,1.),(1.,1.),(1.,1.),(1.,1.),(1.,1.),(1.,1.),(1.,
1.),(1.,1.),(1.,1.),(1.,1.),(1.,1.),(1.,1.),(1.,1.),(1.,1.),(1.,1.),(1.,
1.),(1.,1.),(1.,1.),(1.,1.),(1.,1.),(1.,1.),(1.,1.),(1.,1.),(1.,1.),(1.,
1.),(1.,1.),(1.,1.),(1.,1.),(1.,1.),(1.,1.),(1.,1.),(1.,1.),(1.,1.),(1.,
1.),(1.,1.),(1.,1.),(1.,1.),(1.,1.),(1.,1.)))
REPRESENTATION_ITEM('')
SURFACE()
);
#2306=(
BOUNDED_SURFACE()
B_SPLINE_SURFACE(5,1,((#6365,#6366),(#6367,#6368),(#6369,#6370),(#6371,
#6372),(#6373,#6374),(#6375,#6376),(#6377,#6378),(#6379,#6380),(#6381,#6382),
(#6383,#6384),(#6385,#6386),(#6387,#6388),(#6389,#6390),(#6391,#6392),(#6393,
#6394),(#6395,#6396),(#6397,#6398),(#6399,#6400),(#6401,#6402),(#6403,#6404)),
 .UNSPECIFIED.,.F.,.F.,.F.)
B_SPLINE_SURFACE_WITH_KNOTS((6,1,1,1,1,1,1,1,1,1,1,1,1,1,1,6),(2,2),(0.500824184137207,
0.533333333333333,0.566666666666667,0.6,0.633333333333333,0.666666666666667,
0.7,0.733333333333333,0.766666666666667,0.8,0.833333333333333,0.866666666666667,
0.9,0.933333333333333,0.966666666666666,1.),(0.,0.1),.UNSPECIFIED.)
GEOMETRIC_REPRESENTATION_ITEM()
RATIONAL_B_SPLINE_SURFACE(((1.,1.),(1.,1.),(1.,1.),(1.,1.),(1.,1.),(1.,
1.),(1.,1.),(1.,1.),(1.,1.),(1.,1.),(1.,1.),(1.,1.),(1.,1.),(1.,1.),(1.,
1.),(1.,1.),(1.,1.),(1.,1.),(1.,1.),(1.,1.)))
REPRESENTATION_ITEM('')
SURFACE()
);
#2307=(
BOUNDED_SURFACE()
B_SPLINE_SURFACE(5,1,((#6448,#6449),(#6450,#6451),(#6452,#6453),(#6454,
#6455),(#6456,#6457),(#6458,#6459),(#6460,#6461),(#6462,#6463),(#6464,#6465),
(#6466,#6467),(#6468,#6469),(#6470,#6471),(#6472,#6473),(#6474,#6475),(#6476,
#6477),(#6478,#6479),(#6480,#6481),(#6482,#6483),(#6484,#6485),(#6486,#6487),
(#6488,#6489),(#6490,#6491),(#6492,#6493),(#6494,#6495),(#6496,#6497),(#6498,
#6499),(#6500,#6501),(#6502,#6503),(#6504,#6505),(#6506,#6507),(#6508,#6509),
(#6510,#6511),(#6512,#6513),(#6514,#6515),(#6516,#6517),(#6518,#6519),(#6520,
#6521),(#6522,#6523),(#6524,#6525),(#6526,#6527),(#6528,#6529),(#6530,#6531),
(#6532,#6533),(#6534,#6535),(#6536,#6537),(#6538,#6539),(#6540,#6541),(#6542,
#6543),(#6544,#6545),(#6546,#6547),(#6548,#6549),(#6550,#6551),(#6552,#6553),
(#6554,#6555),(#6556,#6557)),.UNSPECIFIED.,.F.,.F.,.F.)
B_SPLINE_SURFACE_WITH_KNOTS((6,1,1,1,1,1,1,1,1,1,1,1,1,1,1,1,1,1,1,1,1,
1,1,1,1,1,1,1,1,1,1,1,1,1,1,1,1,1,1,1,1,1,1,1,1,1,1,1,1,1,6),(2,2),(0.,
0.02,0.04,0.06,0.08,0.1,0.12,0.14,0.16,0.18,0.2,0.22,0.24,0.26,0.28,0.3,
0.32,0.34,0.36,0.38,0.4,0.42,0.44,0.46,0.48,0.5,0.52,0.54,0.56,0.58,0.6,
0.62,0.64,0.66,0.68,0.7,0.72,0.74,0.76,0.78,0.8,0.82,0.84,0.86,0.88,0.9,
0.92,0.94,0.96,0.98,1.),(0.,0.1),.UNSPECIFIED.)
GEOMETRIC_REPRESENTATION_ITEM()
RATIONAL_B_SPLINE_SURFACE(((1.,1.),(1.,1.),(1.,1.),(1.,1.),(1.,1.),(1.,
1.),(1.,1.),(1.,1.),(1.,1.),(1.,1.),(1.,1.),(1.,1.),(1.,1.),(1.,1.),(1.,
1.),(1.,1.),(1.,1.),(1.,1.),(1.,1.),(1.,1.),(1.,1.),(1.,1.),(1.,1.),(1.,
1.),(1.,1.),(1.,1.),(1.,1.),(1.,1.),(1.,1.),(1.,1.),(1.,1.),(1.,1.),(1.,
1.),(1.,1.),(1.,1.),(1.,1.),(1.,1.),(1.,1.),(1.,1.),(1.,1.),(1.,1.),(1.,
1.),(1.,1.),(1.,1.),(1.,1.),(1.,1.),(1.,1.),(1.,1.),(1.,1.),(1.,1.),(1.,
1.),(1.,1.),(1.,1.),(1.,1.),(1.,1.)))
REPRESENTATION_ITEM('')
SURFACE()
);
#2308=(
BOUNDED_SURFACE()
B_SPLINE_SURFACE(5,1,((#6671,#6672),(#6673,#6674),(#6675,#6676),(#6677,
#6678),(#6679,#6680),(#6681,#6682),(#6683,#6684),(#6685,#6686),(#6687,#6688),
(#6689,#6690),(#6691,#6692),(#6693,#6694),(#6695,#6696),(#6697,#6698),(#6699,
#6700)),.UNSPECIFIED.,.F.,.F.,.F.)
B_SPLINE_SURFACE_WITH_KNOTS((6,1,1,1,1,1,1,1,1,1,6),(2,2),(0.,0.1,0.2,0.3,
0.4,0.5,0.6,0.7,0.8,0.9,1.),(0.,0.1),.UNSPECIFIED.)
GEOMETRIC_REPRESENTATION_ITEM()
RATIONAL_B_SPLINE_SURFACE(((1.,1.),(1.,1.),(1.,1.),(1.,1.),(1.,1.),(1.,
1.),(1.,1.),(1.,1.),(1.,1.),(1.,1.),(1.,1.),(1.,1.),(1.,1.),(1.,1.),(1.,
1.)))
REPRESENTATION_ITEM('')
SURFACE()
);
#2309=(
BOUNDED_SURFACE()
B_SPLINE_SURFACE(5,1,((#6734,#6735),(#6736,#6737),(#6738,#6739),(#6740,
#6741),(#6742,#6743),(#6744,#6745),(#6746,#6747),(#6748,#6749),(#6750,#6751),
(#6752,#6753),(#6754,#6755),(#6756,#6757),(#6758,#6759),(#6760,#6761),(#6762,
#6763),(#6764,#6765),(#6766,#6767),(#6768,#6769),(#6770,#6771),(#6772,#6773),
(#6774,#6775),(#6776,#6777),(#6778,#6779),(#6780,#6781),(#6782,#6783),(#6784,
#6785),(#6786,#6787),(#6788,#6789),(#6790,#6791),(#6792,#6793),(#6794,#6795),
(#6796,#6797),(#6798,#6799),(#6800,#6801),(#6802,#6803)),.UNSPECIFIED.,
 .F.,.F.,.F.)
B_SPLINE_SURFACE_WITH_KNOTS((6,1,1,1,1,1,1,1,1,1,1,1,1,1,1,1,1,1,1,1,1,
1,1,1,1,1,1,1,1,1,6),(2,2),(0.,0.0333333333333333,0.0666666666666667,0.1,
0.133333333333333,0.166666666666667,0.2,0.233333333333333,0.266666666666667,
0.3,0.333333333333333,0.366666666666666,0.4,0.433333333333333,0.466666666666667,
0.5,0.533333333333333,0.566666666666667,0.6,0.633333333333333,0.666666666666667,
0.7,0.733333333333333,0.766666666666667,0.8,0.833333333333333,0.866666666666667,
0.9,0.933333333333333,0.966666666666666,1.),(0.,0.1),.UNSPECIFIED.)
GEOMETRIC_REPRESENTATION_ITEM()
RATIONAL_B_SPLINE_SURFACE(((1.,1.),(1.,1.),(1.,1.),(1.,1.),(1.,1.),(1.,
1.),(1.,1.),(1.,1.),(1.,1.),(1.,1.),(1.,1.),(1.,1.),(1.,1.),(1.,1.),(1.,
1.),(1.,1.),(1.,1.),(1.,1.),(1.,1.),(1.,1.),(1.,1.),(1.,1.),(1.,1.),(1.,
1.),(1.,1.),(1.,1.),(1.,1.),(1.,1.),(1.,1.),(1.,1.),(1.,1.),(1.,1.),(1.,
1.),(1.,1.),(1.,1.)))
REPRESENTATION_ITEM('')
SURFACE()
);
#2310=(
BOUNDED_SURFACE()
B_SPLINE_SURFACE(5,1,((#6877,#6878),(#6879,#6880),(#6881,#6882),(#6883,
#6884),(#6885,#6886),(#6887,#6888),(#6889,#6890),(#6891,#6892),(#6893,#6894),
(#6895,#6896),(#6897,#6898),(#6899,#6900),(#6901,#6902),(#6903,#6904),(#6905,
#6906),(#6907,#6908),(#6909,#6910),(#6911,#6912),(#6913,#6914),(#6915,#6916),
(#6917,#6918),(#6919,#6920),(#6921,#6922),(#6923,#6924),(#6925,#6926),(#6927,
#6928),(#6929,#6930),(#6931,#6932),(#6933,#6934),(#6935,#6936),(#6937,#6938),
(#6939,#6940),(#6941,#6942),(#6943,#6944),(#6945,#6946),(#6947,#6948),(#6949,
#6950),(#6951,#6952),(#6953,#6954),(#6955,#6956)),.UNSPECIFIED.,.F.,.F.,
 .F.)
B_SPLINE_SURFACE_WITH_KNOTS((6,1,1,1,1,1,1,1,1,1,1,1,1,1,1,1,1,1,1,1,1,
1,1,1,1,1,1,1,1,1,1,1,1,1,1,6),(2,2),(0.,0.0285714285714286,0.0571428571428571,
0.0857142857142857,0.114285714285714,0.142857142857143,0.171428571428571,
0.2,0.228571428571429,0.257142857142857,0.285714285714286,0.314285714285714,
0.342857142857143,0.371428571428571,0.4,0.428571428571429,0.457142857142857,
0.485714285714286,0.514285714285714,0.542857142857143,0.571428571428572,
0.6,0.628571428571429,0.657142857142857,0.685714285714286,0.714285714285714,
0.742857142857143,0.771428571428571,0.8,0.828571428571429,0.857142857142857,
0.885714285714286,0.914285714285715,0.942857142857143,0.971428571428572,
1.),(0.,0.1),.UNSPECIFIED.)
GEOMETRIC_REPRESENTATION_ITEM()
RATIONAL_B_SPLINE_SURFACE(((1.,1.),(1.,1.),(1.,1.),(1.,1.),(1.,1.),(1.,
1.),(1.,1.),(1.,1.),(1.,1.),(1.,1.),(1.,1.),(1.,1.),(1.,1.),(1.,1.),(1.,
1.),(1.,1.),(1.,1.),(1.,1.),(1.,1.),(1.,1.),(1.,1.),(1.,1.),(1.,1.),(1.,
1.),(1.,1.),(1.,1.),(1.,1.),(1.,1.),(1.,1.),(1.,1.),(1.,1.),(1.,1.),(1.,
1.),(1.,1.),(1.,1.),(1.,1.),(1.,1.),(1.,1.),(1.,1.),(1.,1.)))
REPRESENTATION_ITEM('')
SURFACE()
);
#2311=(
BOUNDED_SURFACE()
B_SPLINE_SURFACE(5,1,((#7040,#7041),(#7042,#7043),(#7044,#7045),(#7046,
#7047),(#7048,#7049),(#7050,#7051),(#7052,#7053),(#7054,#7055),(#7056,#7057),
(#7058,#7059),(#7060,#7061),(#7062,#7063),(#7064,#7065),(#7066,#7067),(#7068,
#7069),(#7070,#7071),(#7072,#7073),(#7074,#7075),(#7076,#7077),(#7078,#7079),
(#7080,#7081),(#7082,#7083),(#7084,#7085),(#7086,#7087),(#7088,#7089),(#7090,
#7091),(#7092,#7093),(#7094,#7095),(#7096,#7097),(#7098,#7099),(#7100,#7101),
(#7102,#7103),(#7104,#7105),(#7106,#7107),(#7108,#7109),(#7110,#7111),(#7112,
#7113),(#7114,#7115),(#7116,#7117),(#7118,#7119)),.UNSPECIFIED.,.F.,.F.,
 .F.)
B_SPLINE_SURFACE_WITH_KNOTS((6,1,1,1,1,1,1,1,1,1,1,1,1,1,1,1,1,1,1,1,1,
1,1,1,1,1,1,1,1,1,1,1,1,1,1,6),(2,2),(0.00305761203544032,0.0285714285714286,
0.0571428571428571,0.0857142857142857,0.114285714285714,0.142857142857143,
0.171428571428571,0.2,0.228571428571429,0.257142857142857,0.285714285714286,
0.314285714285714,0.342857142857143,0.371428571428571,0.4,0.428571428571429,
0.457142857142857,0.485714285714286,0.514285714285714,0.542857142857143,
0.571428571428572,0.6,0.628571428571429,0.657142857142857,0.685714285714286,
0.714285714285714,0.742857142857143,0.771428571428571,0.8,0.828571428571429,
0.857142857142857,0.885714285714286,0.914285714285715,0.942857142857143,
0.971428571428572,1.),(0.,0.1),.UNSPECIFIED.)
GEOMETRIC_REPRESENTATION_ITEM()
RATIONAL_B_SPLINE_SURFACE(((1.,1.),(1.,1.),(1.,1.),(1.,1.),(1.,1.),(1.,
1.),(1.,1.),(1.,1.),(1.,1.),(1.,1.),(1.,1.),(1.,1.),(1.,1.),(1.,1.),(1.,
1.),(1.,1.),(1.,1.),(1.,1.),(1.,1.),(1.,1.),(1.,1.),(1.,1.),(1.,1.),(1.,
1.),(1.,1.),(1.,1.),(1.,1.),(1.,1.),(1.,1.),(1.,1.),(1.,1.),(1.,1.),(1.,
1.),(1.,1.),(1.,1.),(1.,1.),(1.,1.),(1.,1.),(1.,1.),(1.,1.)))
REPRESENTATION_ITEM('')
SURFACE()
);
#2312=(
BOUNDED_SURFACE()
B_SPLINE_SURFACE(2,2,((#7661,#7662,#7663),(#7664,#7665,#7666),(#7667,#7668,
#7669)),.UNSPECIFIED.,.F.,.F.,.F.)
B_SPLINE_SURFACE_WITH_KNOTS((3,3),(3,3),(0.,1.57079632679492),(0.,1.5707963267949),
 .UNSPECIFIED.)
GEOMETRIC_REPRESENTATION_ITEM()
RATIONAL_B_SPLINE_SURFACE(((1.,0.707106781186547,1.),(0.707106781186549,
0.500000000000001,0.707106781186549),(1.,0.707106781186547,1.)))
REPRESENTATION_ITEM('')
SURFACE()
);
#2313=(
BOUNDED_SURFACE()
B_SPLINE_SURFACE(2,2,((#7685,#7686,#7687),(#7688,#7689,#7690),(#7691,#7692,
#7693)),.UNSPECIFIED.,.F.,.F.,.F.)
B_SPLINE_SURFACE_WITH_KNOTS((3,3),(3,3),(-4.93038065763118E-31,1.57079632679492),
(-1.5707963267949,0.),.UNSPECIFIED.)
GEOMETRIC_REPRESENTATION_ITEM()
RATIONAL_B_SPLINE_SURFACE(((1.,0.707106781186547,1.),(0.707106781186547,
0.499999999999999,0.707106781186547),(1.,0.707106781186547,1.)))
REPRESENTATION_ITEM('')
SURFACE()
);
#2314=(
BOUNDED_SURFACE()
B_SPLINE_SURFACE(2,2,((#7791,#7792,#7793),(#7794,#7795,#7796),(#7797,#7798,
#7799)),.UNSPECIFIED.,.F.,.F.,.F.)
B_SPLINE_SURFACE_WITH_KNOTS((3,3),(3,3),(-0.483090904619034,0.),(-0.329016052831248,
0.),.UNSPECIFIED.)
GEOMETRIC_REPRESENTATION_ITEM()
RATIONAL_B_SPLINE_SURFACE(((1.,0.986499043775743,1.),(0.970969456942604,
0.957860440809332,0.970969456942604),(1.,0.986499043775743,1.)))
REPRESENTATION_ITEM('')
SURFACE()
);
#2315=(
BOUNDED_SURFACE()
B_SPLINE_SURFACE(2,2,((#7808,#7809,#7810),(#7811,#7812,#7813),(#7814,#7815,
#7816)),.UNSPECIFIED.,.F.,.F.,.F.)
B_SPLINE_SURFACE_WITH_KNOTS((3,3),(3,3),(-0.483090904619034,0.),(-3.14159265358979,
-2.81257660075855),.UNSPECIFIED.)
GEOMETRIC_REPRESENTATION_ITEM()
RATIONAL_B_SPLINE_SURFACE(((1.,0.986499043775743,1.),(0.970969456942604,
0.957860440809332,0.970969456942604),(1.,0.986499043775743,1.)))
REPRESENTATION_ITEM('')
SURFACE()
);
#2316=ADVANCED_FACE('',(#208),#2285,.F.);
#2317=ADVANCED_FACE('',(#209),#2286,.F.);
#2318=ADVANCED_FACE('',(#210),#2287,.F.);
#2319=ADVANCED_FACE('',(#211),#2288,.F.);
#2320=ADVANCED_FACE('',(#212),#2289,.F.);
#2321=ADVANCED_FACE('',(#213),#2290,.F.);
#2322=ADVANCED_FACE('',(#214),#2291,.F.);
#2323=ADVANCED_FACE('',(#215),#142,.F.);
#2324=ADVANCED_FACE('',(#216),#2292,.F.);
#2325=ADVANCED_FACE('',(#217),#2293,.F.);
#2326=ADVANCED_FACE('',(#218,#131),#143,.T.);
#2327=ADVANCED_FACE('',(#219),#2294,.F.);
#2328=ADVANCED_FACE('',(#220),#2295,.F.);
#2329=ADVANCED_FACE('',(#221),#2296,.F.);
#2330=ADVANCED_FACE('',(#222),#144,.T.);
#2331=ADVANCED_FACE('',(#223),#2297,.F.);
#2332=ADVANCED_FACE('',(#224),#2298,.F.);
#2333=ADVANCED_FACE('',(#225),#2299,.F.);
#2334=ADVANCED_FACE('',(#226),#2300,.F.);
#2335=ADVANCED_FACE('',(#227),#2301,.F.);
#2336=ADVANCED_FACE('',(#228),#2302,.F.);
#2337=ADVANCED_FACE('',(#229),#2303,.F.);
#2338=ADVANCED_FACE('',(#230),#2304,.F.);
#2339=ADVANCED_FACE('',(#231),#2305,.F.);
#2340=ADVANCED_FACE('',(#232),#2306,.F.);
#2341=ADVANCED_FACE('',(#233),#2307,.F.);
#2342=ADVANCED_FACE('',(#234),#2308,.F.);
#2343=ADVANCED_FACE('',(#235),#2309,.F.);
#2344=ADVANCED_FACE('',(#236),#2310,.F.);
#2345=ADVANCED_FACE('',(#237),#2311,.F.);
#2346=ADVANCED_FACE('',(#238,#132),#145,.T.);
#2347=ADVANCED_FACE('',(#239),#146,.F.);
#2348=ADVANCED_FACE('',(#240),#147,.F.);
#2349=ADVANCED_FACE('',(#241),#148,.F.);
#2350=ADVANCED_FACE('',(#242),#149,.F.);
#2351=ADVANCED_FACE('',(#243),#150,.F.);
#2352=ADVANCED_FACE('',(#244),#151,.F.);
#2353=ADVANCED_FACE('',(#245),#152,.F.);
#2354=ADVANCED_FACE('',(#246),#153,.F.);
#2355=ADVANCED_FACE('',(#247),#154,.F.);
#2356=ADVANCED_FACE('',(#248),#155,.F.);
#2357=ADVANCED_FACE('',(#249),#156,.F.);
#2358=ADVANCED_FACE('',(#250),#157,.F.);
#2359=ADVANCED_FACE('',(#251),#158,.F.);
#2360=ADVANCED_FACE('',(#252,#133,#134,#135,#136,#137),#159,.F.);
#2361=ADVANCED_FACE('',(#253,#138,#139),#160,.T.);
#2362=ADVANCED_FACE('',(#254),#161,.T.);
#2363=ADVANCED_FACE('',(#255),#162,.F.);
#2364=ADVANCED_FACE('',(#256),#163,.T.);
#2365=ADVANCED_FACE('',(#257),#164,.F.);
#2366=ADVANCED_FACE('',(#258),#165,.F.);
#2367=ADVANCED_FACE('',(#259),#166,.F.);
#2368=ADVANCED_FACE('',(#260),#167,.T.);
#2369=ADVANCED_FACE('',(#261),#29,.T.);
#2370=ADVANCED_FACE('',(#262),#168,.T.);
#2371=ADVANCED_FACE('',(#263),#30,.T.);
#2372=ADVANCED_FACE('',(#264),#169,.T.);
#2373=ADVANCED_FACE('',(#265),#31,.T.);
#2374=ADVANCED_FACE('',(#266),#170,.T.);
#2375=ADVANCED_FACE('',(#267),#171,.F.);
#2376=ADVANCED_FACE('',(#268),#172,.F.);
#2377=ADVANCED_FACE('',(#269),#32,.T.);
#2378=ADVANCED_FACE('',(#270),#173,.T.);
#2379=ADVANCED_FACE('',(#271),#33,.T.);
#2380=ADVANCED_FACE('',(#272),#174,.T.);
#2381=ADVANCED_FACE('',(#273),#34,.T.);
#2382=ADVANCED_FACE('',(#274),#15,.T.);
#2383=ADVANCED_FACE('',(#275),#35,.T.);
#2384=ADVANCED_FACE('',(#276),#16,.T.);
#2385=ADVANCED_FACE('',(#277),#36,.T.);
#2386=ADVANCED_FACE('',(#278),#17,.T.);
#2387=ADVANCED_FACE('',(#279),#37,.T.);
#2388=ADVANCED_FACE('',(#280),#175,.T.);
#2389=ADVANCED_FACE('',(#281),#38,.T.);
#2390=ADVANCED_FACE('',(#282),#176,.F.);
#2391=ADVANCED_FACE('',(#283),#39,.F.);
#2392=ADVANCED_FACE('',(#284),#177,.F.);
#2393=ADVANCED_FACE('',(#285),#178,.F.);
#2394=ADVANCED_FACE('',(#286),#40,.F.);
#2395=ADVANCED_FACE('',(#287),#179,.F.);
#2396=ADVANCED_FACE('',(#288),#41,.T.);
#2397=ADVANCED_FACE('',(#289),#18,.T.);
#2398=ADVANCED_FACE('',(#290),#42,.T.);
#2399=ADVANCED_FACE('',(#291),#19,.T.);
#2400=ADVANCED_FACE('',(#292),#43,.T.);
#2401=ADVANCED_FACE('',(#293),#44,.T.);
#2402=ADVANCED_FACE('',(#294),#2312,.F.);
#2403=ADVANCED_FACE('',(#295),#45,.T.);
#2404=ADVANCED_FACE('',(#296),#46,.T.);
#2405=ADVANCED_FACE('',(#297),#47,.T.);
#2406=ADVANCED_FACE('',(#298),#48,.T.);
#2407=ADVANCED_FACE('',(#299),#2313,.F.);
#2408=ADVANCED_FACE('',(#300),#20,.T.);
#2409=ADVANCED_FACE('',(#301),#180,.T.);
#2410=ADVANCED_FACE('',(#302),#181,.F.);
#2411=ADVANCED_FACE('',(#303),#182,.F.);
#2412=ADVANCED_FACE('',(#304),#49,.T.);
#2413=ADVANCED_FACE('',(#305),#21,.T.);
#2414=ADVANCED_FACE('',(#306),#183,.T.);
#2415=ADVANCED_FACE('',(#307),#22,.T.);
#2416=ADVANCED_FACE('',(#308),#184,.F.);
#2417=ADVANCED_FACE('',(#309),#50,.F.);
#2418=ADVANCED_FACE('',(#310),#185,.F.);
#2419=ADVANCED_FACE('',(#311),#186,.F.);
#2420=ADVANCED_FACE('',(#312),#51,.F.);
#2421=ADVANCED_FACE('',(#313),#187,.F.);
#2422=ADVANCED_FACE('',(#314),#188,.T.);
#2423=ADVANCED_FACE('',(#315),#189,.F.);
#2424=ADVANCED_FACE('',(#316),#190,.T.);
#2425=ADVANCED_FACE('',(#317),#52,.F.);
#2426=ADVANCED_FACE('',(#318),#53,.F.);
#2427=ADVANCED_FACE('',(#319),#191,.T.);
#2428=ADVANCED_FACE('',(#320),#192,.F.);
#2429=ADVANCED_FACE('',(#321),#54,.T.);
#2430=ADVANCED_FACE('',(#322),#2314,.F.);
#2431=ADVANCED_FACE('',(#323),#55,.T.);
#2432=ADVANCED_FACE('',(#324),#193,.F.);
#2433=ADVANCED_FACE('',(#325),#194,.T.);
#2434=ADVANCED_FACE('',(#326),#56,.T.);
#2435=ADVANCED_FACE('',(#327),#2315,.F.);
#2436=ADVANCED_FACE('',(#328),#57,.T.);
#2437=ADVANCED_FACE('',(#329),#195,.F.);
#2438=ADVANCED_FACE('',(#330),#196,.F.);
#2439=ADVANCED_FACE('',(#331),#197,.F.);
#2440=ADVANCED_FACE('',(#332),#198,.F.);
#2441=ADVANCED_FACE('',(#333),#199,.T.);
#2442=ADVANCED_FACE('',(#334),#58,.T.);
#2443=ADVANCED_FACE('',(#335),#200,.T.);
#2444=ADVANCED_FACE('',(#336,#140),#201,.F.);
#2445=ADVANCED_FACE('',(#337),#202,.F.);
#2446=ADVANCED_FACE('',(#338),#203,.F.);
#2447=ADVANCED_FACE('',(#339),#204,.F.);
#2448=ADVANCED_FACE('',(#340,#141),#205,.F.);
#2449=ADVANCED_FACE('',(#341),#206,.T.);
#2450=ADVANCED_FACE('',(#342),#59,.T.);
#2451=ADVANCED_FACE('',(#343),#207,.T.);
#2452=CLOSED_SHELL('',(#2316,#2317,#2318,#2319,#2320,#2321,#2322,#2323,
#2324,#2325,#2326,#2327,#2328,#2329,#2330,#2331,#2332,#2333,#2334,#2335,
#2336,#2337,#2338,#2339,#2340,#2341,#2342,#2343,#2344,#2345,#2346,#2347,
#2348,#2349,#2350,#2351,#2352,#2353,#2354,#2355,#2356,#2357,#2358,#2359,
#2360,#2361,#2362,#2363,#2364,#2365,#2366,#2367,#2368,#2369,#2370,#2371,
#2372,#2373,#2374,#2375,#2376,#2377,#2378,#2379,#2380,#2381,#2382,#2383,
#2384,#2385,#2386,#2387,#2388,#2389,#2390,#2391,#2392,#2393,#2394,#2395,
#2396,#2397,#2398,#2399,#2400,#2401,#2402,#2403,#2404,#2405,#2406,#2407,
#2408,#2409,#2410,#2411,#2412,#2413,#2414,#2415,#2416,#2417,#2418,#2419,
#2420,#2421,#2422,#2423,#2424,#2425,#2426,#2427,#2428,#2429,#2430,#2431,
#2432,#2433,#2434,#2435,#2436,#2437,#2438,#2439,#2440,#2441,#2442,#2443,
#2444,#2445,#2446,#2447,#2448,#2449,#2450,#2451));
#2453=DERIVED_UNIT_ELEMENT(#2455,1.);
#2454=DERIVED_UNIT_ELEMENT(#7851,-3.);
#2455=(
MASS_UNIT()
NAMED_UNIT(*)
SI_UNIT(.KILO.,.GRAM.)
);
#2456=DERIVED_UNIT((#2453,#2454));
#2457=MEASURE_REPRESENTATION_ITEM('density measure',
POSITIVE_RATIO_MEASURE(7850.),#2456);
#2458=PROPERTY_DEFINITION_REPRESENTATION(#2463,#2460);
#2459=PROPERTY_DEFINITION_REPRESENTATION(#2464,#2461);
#2460=REPRESENTATION('material name',(#2462),#7848);
#2461=REPRESENTATION('density',(#2457),#7848);
#2462=DESCRIPTIVE_REPRESENTATION_ITEM('Steel','Steel');
#2463=PROPERTY_DEFINITION('material property','material name',#7858);
#2464=PROPERTY_DEFINITION('material property','density of part',#7858);
#2465=AXIS2_PLACEMENT_3D('',#3220,#2642,#2643);
#2466=AXIS2_PLACEMENT_3D('',#3905,#2652,#2653);
#2467=AXIS2_PLACEMENT_3D('',#4514,#2658,#2659);
#2468=AXIS2_PLACEMENT_3D('',#5064,#2663,#2664);
#2469=AXIS2_PLACEMENT_3D('',#7200,#2680,#2681);
#2470=AXIS2_PLACEMENT_3D('',#7201,#2682,#2683);
#2471=AXIS2_PLACEMENT_3D('',#7202,#2684,#2685);
#2472=AXIS2_PLACEMENT_3D('',#7203,#2686,#2687);
#2473=AXIS2_PLACEMENT_3D('',#7204,#2688,#2689);
#2474=AXIS2_PLACEMENT_3D('',#7213,#2694,#2695);
#2475=AXIS2_PLACEMENT_3D('',#7219,#2699,#2700);
#2476=AXIS2_PLACEMENT_3D('',#7225,#2704,#2705);
#2477=AXIS2_PLACEMENT_3D('',#7228,#2708,#2709);
#2478=AXIS2_PLACEMENT_3D('',#7229,#2710,#2711);
#2479=AXIS2_PLACEMENT_3D('',#7238,#2716,#2717);
#2480=AXIS2_PLACEMENT_3D('',#7244,#2721,#2722);
#2481=AXIS2_PLACEMENT_3D('',#7250,#2726,#2727);
#2482=AXIS2_PLACEMENT_3D('',#7253,#2730,#2731);
#2483=AXIS2_PLACEMENT_3D('',#7254,#2732,#2733);
#2484=AXIS2_PLACEMENT_3D('',#7269,#2740,#2741);
#2485=AXIS2_PLACEMENT_3D('',#7281,#2747,#2748);
#2486=AXIS2_PLACEMENT_3D('',#7295,#2755,#2756);
#2487=AXIS2_PLACEMENT_3D('',#7301,#2759,#2760);
#2488=AXIS2_PLACEMENT_3D('',#7309,#2764,#2765);
#2489=AXIS2_PLACEMENT_3D('',#7314,#2768,#2769);
#2490=AXIS2_PLACEMENT_3D('',#7327,#2776,#2777);
#2491=AXIS2_PLACEMENT_3D('',#7332,#2779,#2780);
#2492=AXIS2_PLACEMENT_3D('',#7336,#2782,#2783);
#2493=AXIS2_PLACEMENT_3D('',#7344,#2787,#2788);
#2494=AXIS2_PLACEMENT_3D('',#7348,#2790,#2791);
#2495=AXIS2_PLACEMENT_3D('',#7352,#2793,#2794);
#2496=AXIS2_PLACEMENT_3D('',#7362,#2799,#2800);
#2497=AXIS2_PLACEMENT_3D('',#7378,#2808,#2809);
#2498=AXIS2_PLACEMENT_3D('',#7387,#2814,#2815);
#2499=AXIS2_PLACEMENT_3D('',#7400,#2822,#2823);
#2500=AXIS2_PLACEMENT_3D('',#7403,#2826,#2827);
#2501=AXIS2_PLACEMENT_3D('',#7405,#2829,#2830);
#2502=AXIS2_PLACEMENT_3D('',#7408,#2833,#2834);
#2503=AXIS2_PLACEMENT_3D('',#7410,#2836,#2837);
#2504=AXIS2_PLACEMENT_3D('',#7413,#2840,#2841);
#2505=AXIS2_PLACEMENT_3D('',#7415,#2843,#2844);
#2506=AXIS2_PLACEMENT_3D('',#7419,#2846,#2847);
#2507=AXIS2_PLACEMENT_3D('',#7427,#2852,#2853);
#2508=AXIS2_PLACEMENT_3D('',#7430,#2855,#2856);
#2509=AXIS2_PLACEMENT_3D('',#7431,#2857,#2858);
#2510=AXIS2_PLACEMENT_3D('',#7435,#2861,#2862);
#2511=AXIS2_PLACEMENT_3D('',#7438,#2864,#2865);
#2512=AXIS2_PLACEMENT_3D('',#7439,#2866,#2867);
#2513=AXIS2_PLACEMENT_3D('',#7443,#2870,#2871);
#2514=AXIS2_PLACEMENT_3D('',#7485,#2874,#2875);
#2515=AXIS2_PLACEMENT_3D('',#7487,#2877,#2878);
#2516=AXIS2_PLACEMENT_3D('',#7489,#2880,#2881);
#2517=AXIS2_PLACEMENT_3D('',#7491,#2883,#2884);
#2518=AXIS2_PLACEMENT_3D('',#7532,#2887,#2888);
#2519=AXIS2_PLACEMENT_3D('',#7536,#2891,#2892);
#2520=AXIS2_PLACEMENT_3D('',#7539,#2894,#2895);
#2521=AXIS2_PLACEMENT_3D('',#7540,#2896,#2897);
#2522=AXIS2_PLACEMENT_3D('',#7544,#2900,#2901);
#2523=AXIS2_PLACEMENT_3D('',#7546,#2902,#2903);
#2524=AXIS2_PLACEMENT_3D('',#7548,#2904,#2905);
#2525=AXIS2_PLACEMENT_3D('',#7550,#2907,#2908);
#2526=AXIS2_PLACEMENT_3D('',#7553,#2909,#2910);
#2527=AXIS2_PLACEMENT_3D('',#7554,#2911,#2912);
#2528=AXIS2_PLACEMENT_3D('',#7556,#2913,#2914);
#2529=AXIS2_PLACEMENT_3D('',#7557,#2915,#2916);
#2530=AXIS2_PLACEMENT_3D('',#7558,#2917,#2918);
#2531=AXIS2_PLACEMENT_3D('',#7562,#2920,#2921);
#2532=AXIS2_PLACEMENT_3D('',#7564,#2923,#2924);
#2533=AXIS2_PLACEMENT_3D('',#7566,#2925,#2926);
#2534=AXIS2_PLACEMENT_3D('',#7568,#2927,#2928);
#2535=AXIS2_PLACEMENT_3D('',#7569,#2929,#2930);
#2536=AXIS2_PLACEMENT_3D('',#7570,#2931,#2932);
#2537=AXIS2_PLACEMENT_3D('',#7574,#2934,#2935);
#2538=AXIS2_PLACEMENT_3D('',#7576,#2937,#2938);
#2539=AXIS2_PLACEMENT_3D('',#7579,#2939,#2940);
#2540=AXIS2_PLACEMENT_3D('',#7580,#2941,#2942);
#2541=AXIS2_PLACEMENT_3D('',#7581,#2943,#2944);
#2542=AXIS2_PLACEMENT_3D('',#7582,#2945,#2946);
#2543=AXIS2_PLACEMENT_3D('',#7586,#2948,#2949);
#2544=AXIS2_PLACEMENT_3D('',#7588,#2951,#2952);
#2545=AXIS2_PLACEMENT_3D('',#7594,#2956,#2957);
#2546=AXIS2_PLACEMENT_3D('',#7596,#2958,#2959);
#2547=AXIS2_PLACEMENT_3D('',#7598,#2961,#2962);
#2548=AXIS2_PLACEMENT_3D('',#7602,#2965,#2966);
#2549=AXIS2_PLACEMENT_3D('',#7604,#2967,#2968);
#2550=AXIS2_PLACEMENT_3D('',#7606,#2970,#2971);
#2551=AXIS2_PLACEMENT_3D('',#7610,#2974,#2975);
#2552=AXIS2_PLACEMENT_3D('',#7619,#2980,#2981);
#2553=AXIS2_PLACEMENT_3D('',#7621,#2982,#2983);
#2554=AXIS2_PLACEMENT_3D('',#7623,#2984,#2985);
#2555=AXIS2_PLACEMENT_3D('',#7625,#2987,#2988);
#2556=AXIS2_PLACEMENT_3D('',#7631,#2992,#2993);
#2557=AXIS2_PLACEMENT_3D('',#7633,#2994,#2995);
#2558=AXIS2_PLACEMENT_3D('',#7635,#2996,#2997);
#2559=AXIS2_PLACEMENT_3D('',#7637,#2999,#3000);
#2560=AXIS2_PLACEMENT_3D('',#7639,#3001,#3002);
#2561=AXIS2_PLACEMENT_3D('',#7640,#3003,#3004);
#2562=AXIS2_PLACEMENT_3D('',#7641,#3005,#3006);
#2563=AXIS2_PLACEMENT_3D('',#7643,#3007,#3008);
#2564=AXIS2_PLACEMENT_3D('',#7645,#3010,#3011);
#2565=AXIS2_PLACEMENT_3D('',#7648,#3012,#3013);
#2566=AXIS2_PLACEMENT_3D('',#7649,#3014,#3015);
#2567=AXIS2_PLACEMENT_3D('',#7650,#3016,#3017);
#2568=AXIS2_PLACEMENT_3D('',#7651,#3018,#3019);
#2569=AXIS2_PLACEMENT_3D('',#7653,#3020,#3021);
#2570=AXIS2_PLACEMENT_3D('',#7656,#3023,#3024);
#2571=AXIS2_PLACEMENT_3D('',#7657,#3025,#3026);
#2572=AXIS2_PLACEMENT_3D('',#7660,#3028,#3029);
#2573=AXIS2_PLACEMENT_3D('',#7671,#3030,#3031);
#2574=AXIS2_PLACEMENT_3D('',#7672,#3032,#3033);
#2575=AXIS2_PLACEMENT_3D('',#7673,#3034,#3035);
#2576=AXIS2_PLACEMENT_3D('',#7676,#3038,#3039);
#2577=AXIS2_PLACEMENT_3D('',#7679,#3041,#3042);
#2578=AXIS2_PLACEMENT_3D('',#7680,#3043,#3044);
#2579=AXIS2_PLACEMENT_3D('',#7681,#3045,#3046);
#2580=AXIS2_PLACEMENT_3D('',#7682,#3047,#3048);
#2581=AXIS2_PLACEMENT_3D('',#7683,#3049,#3050);
#2582=AXIS2_PLACEMENT_3D('',#7694,#3052,#3053);
#2583=AXIS2_PLACEMENT_3D('',#7696,#3054,#3055);
#2584=AXIS2_PLACEMENT_3D('',#7697,#3056,#3057);
#2585=AXIS2_PLACEMENT_3D('',#7698,#3058,#3059);
#2586=AXIS2_PLACEMENT_3D('',#7702,#3062,#3063);
#2587=AXIS2_PLACEMENT_3D('',#7708,#3066,#3067);
#2588=AXIS2_PLACEMENT_3D('',#7710,#3069,#3070);
#2589=AXIS2_PLACEMENT_3D('',#7716,#3073,#3074);
#2590=AXIS2_PLACEMENT_3D('',#7721,#3077,#3078);
#2591=AXIS2_PLACEMENT_3D('',#7722,#3079,#3080);
#2592=AXIS2_PLACEMENT_3D('',#7724,#3081,#3082);
#2593=AXIS2_PLACEMENT_3D('',#7726,#3084,#3085);
#2594=AXIS2_PLACEMENT_3D('',#7728,#3086,#3087);
#2595=AXIS2_PLACEMENT_3D('',#7729,#3088,#3089);
#2596=AXIS2_PLACEMENT_3D('',#7730,#3090,#3091);
#2597=AXIS2_PLACEMENT_3D('',#7735,#3094,#3095);
#2598=AXIS2_PLACEMENT_3D('',#7736,#3096,#3097);
#2599=AXIS2_PLACEMENT_3D('',#7737,#3098,#3099);
#2600=AXIS2_PLACEMENT_3D('',#7738,#3100,#3101);
#2601=AXIS2_PLACEMENT_3D('',#7741,#3104,#3105);
#2602=AXIS2_PLACEMENT_3D('',#7743,#3107,#3108);
#2603=AXIS2_PLACEMENT_3D('',#7745,#3110,#3111);
#2604=AXIS2_PLACEMENT_3D('',#7748,#3114,#3115);
#2605=AXIS2_PLACEMENT_3D('',#7750,#3117,#3118);
#2606=AXIS2_PLACEMENT_3D('',#7751,#3119,#3120);
#2607=AXIS2_PLACEMENT_3D('',#7753,#3122,#3123);
#2608=AXIS2_PLACEMENT_3D('',#7759,#3127,#3128);
#2609=AXIS2_PLACEMENT_3D('',#7762,#3129,#3130);
#2610=AXIS2_PLACEMENT_3D('',#7767,#3133,#3134);
#2611=AXIS2_PLACEMENT_3D('',#7769,#3136,#3137);
#2612=AXIS2_PLACEMENT_3D('',#7771,#3139,#3140);
#2613=AXIS2_PLACEMENT_3D('',#7775,#3142,#3143);
#2614=AXIS2_PLACEMENT_3D('',#7777,#3145,#3146);
#2615=AXIS2_PLACEMENT_3D('',#7780,#3147,#3148);
#2616=AXIS2_PLACEMENT_3D('',#7787,#3153,#3154);
#2617=AXIS2_PLACEMENT_3D('',#7789,#3156,#3157);
#2618=AXIS2_PLACEMENT_3D('',#7790,#3158,#3159);
#2619=AXIS2_PLACEMENT_3D('',#7800,#3160,#3161);
#2620=AXIS2_PLACEMENT_3D('',#7801,#3162,#3163);
#2621=AXIS2_PLACEMENT_3D('',#7803,#3165,#3166);
#2622=AXIS2_PLACEMENT_3D('',#7804,#3167,#3168);
#2623=AXIS2_PLACEMENT_3D('',#7806,#3170,#3171);
#2624=AXIS2_PLACEMENT_3D('',#7807,#3172,#3173);
#2625=AXIS2_PLACEMENT_3D('',#7817,#3174,#3175);
#2626=AXIS2_PLACEMENT_3D('',#7818,#3176,#3177);
#2627=AXIS2_PLACEMENT_3D('',#7819,#3178,#3179);
#2628=AXIS2_PLACEMENT_3D('',#7820,#3180,#3181);
#2629=AXIS2_PLACEMENT_3D('',#7821,#3182,#3183);
#2630=AXIS2_PLACEMENT_3D('',#7823,#3185,#3186);
#2631=AXIS2_PLACEMENT_3D('',#7825,#3188,#3189);
#2632=AXIS2_PLACEMENT_3D('',#7827,#3191,#3192);
#2633=AXIS2_PLACEMENT_3D('',#7829,#3194,#3195);
#2634=AXIS2_PLACEMENT_3D('',#7831,#3197,#3198);
#2635=AXIS2_PLACEMENT_3D('',#7833,#3200,#3201);
#2636=AXIS2_PLACEMENT_3D('',#7835,#3203,#3204);
#2637=AXIS2_PLACEMENT_3D('',#7837,#3206,#3207);
#2638=AXIS2_PLACEMENT_3D('',#7839,#3209,#3210);
#2639=AXIS2_PLACEMENT_3D('',#7841,#3212,#3213);
#2640=AXIS2_PLACEMENT_3D('',#7843,#3215,#3216);
#2641=AXIS2_PLACEMENT_3D('',#7845,#3218,#3219);
#2642=DIRECTION('axis',(0.,0.,1.));
#2643=DIRECTION('refdir',(1.,0.,0.));
#2644=DIRECTION('',(0.,0.,-1.));
#2645=DIRECTION('',(0.,0.,-1.));
#2646=DIRECTION('',(0.,0.,-1.));
#2647=DIRECTION('',(0.,0.,-1.));
#2648=DIRECTION('',(0.,0.,-1.));
#2649=DIRECTION('',(0.,0.,-1.));
#2650=DIRECTION('',(0.,0.,-1.));
#2651=DIRECTION('',(0.,0.,-1.));
#2652=DIRECTION('center_axis',(0.011963757982904,-0.999928431686452,0.));
#2653=DIRECTION('ref_axis',(-0.999928431686451,-0.011963757982904,-1.3282439573663E-18));
#2654=DIRECTION('',(-0.999928431686451,-0.011963757982904,-1.3282439573663E-18));
#2655=DIRECTION('',(0.,0.,-1.));
#2656=DIRECTION('',(-0.999928431686451,-0.011963757982904,-1.3282439573663E-18));
#2657=DIRECTION('',(0.,0.,-1.));
#2658=DIRECTION('center_axis',(0.,-1.11022302462516E-16,1.));
#2659=DIRECTION('ref_axis',(-1.,0.,0.));
#2660=DIRECTION('',(0.,0.,-1.));
#2661=DIRECTION('',(0.,0.,-1.));
#2662=DIRECTION('',(0.,0.,-1.));
#2663=DIRECTION('center_axis',(0.,-1.11022302462516E-16,1.));
#2664=DIRECTION('ref_axis',(-1.,0.,0.));
#2665=DIRECTION('',(0.,0.,-1.));
#2666=DIRECTION('',(0.,0.,-1.));
#2667=DIRECTION('',(0.,0.,-1.));
#2668=DIRECTION('',(0.,0.,-1.));
#2669=DIRECTION('',(0.,0.,-1.));
#2670=DIRECTION('',(0.,0.,-1.));
#2671=DIRECTION('',(0.,0.,-1.));
#2672=DIRECTION('',(0.,0.,-1.));
#2673=DIRECTION('',(0.,0.,-1.));
#2674=DIRECTION('',(0.,0.,-1.));
#2675=DIRECTION('',(0.,0.,-1.));
#2676=DIRECTION('',(0.,0.,-1.));
#2677=DIRECTION('',(0.,0.,-1.));
#2678=DIRECTION('',(0.,0.,-1.));
#2679=DIRECTION('',(0.,0.,-1.));
#2680=DIRECTION('center_axis',(0.,-1.11022302462516E-16,1.));
#2681=DIRECTION('ref_axis',(-1.,0.,0.));
#2682=DIRECTION('center_axis',(0.,1.11022302462516E-16,-1.));
#2683=DIRECTION('ref_axis',(-1.,0.,0.));
#2684=DIRECTION('center_axis',(0.,1.11022302462516E-16,-1.));
#2685=DIRECTION('ref_axis',(-1.,0.,0.));
#2686=DIRECTION('center_axis',(0.,1.11022302462516E-16,-1.));
#2687=DIRECTION('ref_axis',(-1.,0.,0.));
#2688=DIRECTION('center_axis',(0.,0.,-1.));
#2689=DIRECTION('ref_axis',(1.,0.,0.));
#2690=DIRECTION('',(1.,0.,0.));
#2691=DIRECTION('',(0.,-1.,0.));
#2692=DIRECTION('',(1.,0.,0.));
#2693=DIRECTION('',(0.,1.,0.));
#2694=DIRECTION('center_axis',(-1.,0.,0.));
#2695=DIRECTION('ref_axis',(0.,0.,-1.));
#2696=DIRECTION('',(0.,0.,-1.));
#2697=DIRECTION('',(0.,1.,0.));
#2698=DIRECTION('',(0.,0.,1.));
#2699=DIRECTION('center_axis',(0.,0.,1.));
#2700=DIRECTION('ref_axis',(-1.,0.,0.));
#2701=DIRECTION('',(-1.,0.,0.));
#2702=DIRECTION('',(0.,-1.,0.));
#2703=DIRECTION('',(-1.,0.,0.));
#2704=DIRECTION('center_axis',(1.,0.,0.));
#2705=DIRECTION('ref_axis',(0.,0.,1.));
#2706=DIRECTION('',(0.,0.,1.));
#2707=DIRECTION('',(0.,0.,-1.));
#2708=DIRECTION('center_axis',(0.,-1.,0.));
#2709=DIRECTION('ref_axis',(0.,0.,-1.));
#2710=DIRECTION('center_axis',(0.,0.,-1.));
#2711=DIRECTION('ref_axis',(1.,0.,0.));
#2712=DIRECTION('',(1.,0.,0.));
#2713=DIRECTION('',(0.,-1.,0.));
#2714=DIRECTION('',(1.,0.,0.));
#2715=DIRECTION('',(0.,1.,0.));
#2716=DIRECTION('center_axis',(-1.,0.,0.));
#2717=DIRECTION('ref_axis',(0.,0.,-1.));
#2718=DIRECTION('',(0.,0.,-1.));
#2719=DIRECTION('',(0.,1.,0.));
#2720=DIRECTION('',(0.,0.,1.));
#2721=DIRECTION('center_axis',(0.,0.,1.));
#2722=DIRECTION('ref_axis',(-1.,0.,0.));
#2723=DIRECTION('',(-1.,0.,0.));
#2724=DIRECTION('',(0.,-1.,0.));
#2725=DIRECTION('',(-1.,0.,0.));
#2726=DIRECTION('center_axis',(1.,0.,0.));
#2727=DIRECTION('ref_axis',(0.,0.,1.));
#2728=DIRECTION('',(0.,0.,1.));
#2729=DIRECTION('',(0.,0.,-1.));
#2730=DIRECTION('center_axis',(0.,-1.,0.));
#2731=DIRECTION('ref_axis',(0.,0.,-1.));
#2732=DIRECTION('center_axis',(0.,1.11022302462516E-16,-1.));
#2733=DIRECTION('ref_axis',(-1.,0.,0.));
#2734=DIRECTION('',(-9.85381898566722E-7,-0.999999999999515,0.));
#2735=DIRECTION('',(1.,0.,0.));
#2736=DIRECTION('',(-0.419478830766621,0.907765118595481,1.00782173561629E-16));
#2737=DIRECTION('',(-0.419478830766621,-0.907765118595482,-1.11022302462516E-16));
#2738=DIRECTION('',(-1.,0.,0.));
#2739=DIRECTION('',(-9.85381898566722E-7,-0.999999999999515,0.));
#2740=DIRECTION('center_axis',(0.,0.,-1.));
#2741=DIRECTION('ref_axis',(0.00701244094289417,0.999975412533739,0.));
#2742=DIRECTION('',(-1.,0.,0.));
#2743=DIRECTION('',(0.,1.,1.11022302462516E-16));
#2744=DIRECTION('',(1.,0.,0.));
#2745=DIRECTION('',(0.,-1.,-1.11022302462516E-16));
#2746=DIRECTION('',(-1.,0.,0.));
#2747=DIRECTION('center_axis',(0.,0.,-1.));
#2748=DIRECTION('ref_axis',(-0.999999999999957,-2.91847374384388E-7,0.));
#2749=DIRECTION('',(0.,1.,0.));
#2750=DIRECTION('',(-1.,0.,0.));
#2751=DIRECTION('',(-0.419478830766621,0.907765118595482,1.11022302462516E-16));
#2752=DIRECTION('',(-0.419478830766621,-0.907765118595481,-1.00782173561629E-16));
#2753=DIRECTION('',(1.,0.,0.));
#2754=DIRECTION('',(0.,1.,0.));
#2755=DIRECTION('center_axis',(0.,0.,-1.));
#2756=DIRECTION('ref_axis',(6.42331451246199E-8,-0.999999999999998,0.));
#2757=DIRECTION('',(-0.999999999382701,-3.51368420837095E-5,0.));
#2758=DIRECTION('',(0.,1.,1.11022302462516E-16));
#2759=DIRECTION('center_axis',(0.,1.11022302462516E-16,-1.));
#2760=DIRECTION('ref_axis',(0.707106781186553,-0.707106781186542,0.));
#2761=DIRECTION('',(0.,-1.,-1.11022302462516E-16));
#2762=DIRECTION('',(1.,0.,0.));
#2763=DIRECTION('',(0.,-1.,-1.11022302462516E-16));
#2764=DIRECTION('center_axis',(0.,1.11022302462516E-16,-1.));
#2765=DIRECTION('ref_axis',(-0.707106781186546,-0.707106781186549,0.));
#2766=DIRECTION('',(0.,1.,1.11022302462516E-16));
#2767=DIRECTION('',(-0.999999999382701,-3.51368420837095E-5,0.));
#2768=DIRECTION('center_axis',(0.,0.,-1.));
#2769=DIRECTION('ref_axis',(0.999999999999987,-1.63381089942298E-7,0.));
#2770=DIRECTION('',(-0.419478830766621,-0.907765118595482,-1.11022302462516E-16));
#2771=DIRECTION('',(-0.419478830766621,0.907765118595482,1.11022302462516E-16));
#2772=DIRECTION('',(1.,0.,0.));
#2773=DIRECTION('',(0.419478830766621,0.907765118595482,1.00782173561629E-16));
#2774=DIRECTION('',(0.419478830766621,-0.907765118595481,-1.00782173561629E-16));
#2775=DIRECTION('',(-1.,0.,0.));
#2776=DIRECTION('center_axis',(0.,7.39917386619974E-18,-1.));
#2777=DIRECTION('ref_axis',(3.70074341541719E-17,1.,7.39917386619974E-18));
#2778=DIRECTION('',(0.,1.,7.39917386619974E-18));
#2779=DIRECTION('center_axis',(0.,-7.39917386619974E-18,1.));
#2780=DIRECTION('ref_axis',(0.707106781186547,-0.707106781186547,0.));
#2781=DIRECTION('',(1.,0.,0.));
#2782=DIRECTION('center_axis',(0.,-7.39917386619974E-18,1.));
#2783=DIRECTION('ref_axis',(-0.707106781186546,-0.707106781186549,0.));
#2784=DIRECTION('',(0.,-1.,-7.39917386619974E-18));
#2785=DIRECTION('',(1.,0.,0.));
#2786=DIRECTION('',(0.,1.,7.39917386619974E-18));
#2787=DIRECTION('center_axis',(0.,-7.39917386619974E-18,1.));
#2788=DIRECTION('ref_axis',(0.707106781186553,-0.707106781186542,0.));
#2789=DIRECTION('',(1.,0.,0.));
#2790=DIRECTION('center_axis',(0.,-7.39917386619974E-18,1.));
#2791=DIRECTION('ref_axis',(-0.707106781186548,-0.707106781186547,0.));
#2792=DIRECTION('',(-4.93432455388958E-16,-1.,-7.39917386619974E-18));
#2793=DIRECTION('center_axis',(0.,-7.39917386619974E-18,1.));
#2794=DIRECTION('ref_axis',(-0.707106781186554,0.707106781186541,0.));
#2795=DIRECTION('',(-1.,0.,0.));
#2796=DIRECTION('',(-0.419478830766621,-0.907765118595481,-6.71671194215939E-18));
#2797=DIRECTION('',(0.419478830766621,-0.907765118595481,-6.71671194215939E-18));
#2798=DIRECTION('',(1.,0.,0.));
#2799=DIRECTION('center_axis',(0.,-7.39917386619974E-18,1.));
#2800=DIRECTION('ref_axis',(-0.70710678118656,-0.707106781186535,0.));
#2801=DIRECTION('',(0.,-1.,-7.39917386619974E-18));
#2802=DIRECTION('',(-1.,0.,0.));
#2803=DIRECTION('',(0.,-1.,-7.39917386619974E-18));
#2804=DIRECTION('',(-1.,0.,0.));
#2805=DIRECTION('',(0.,1.,7.39917386619974E-18));
#2806=DIRECTION('',(-1.,0.,0.));
#2807=DIRECTION('',(0.,1.,7.39917386619974E-18));
#2808=DIRECTION('center_axis',(0.,-7.39917386619974E-18,1.));
#2809=DIRECTION('ref_axis',(0.70710678118656,-0.707106781186535,0.));
#2810=DIRECTION('',(1.,0.,0.));
#2811=DIRECTION('',(0.419478830766621,0.907765118595482,6.71671194215939E-18));
#2812=DIRECTION('',(-0.419478830766621,0.907765118595481,6.71671194215939E-18));
#2813=DIRECTION('',(-1.,0.,0.));
#2814=DIRECTION('center_axis',(0.,-7.39917386619974E-18,1.));
#2815=DIRECTION('ref_axis',(0.707106781186554,0.707106781186541,0.));
#2816=DIRECTION('',(0.419478830766621,0.907765118595482,6.71671194215939E-18));
#2817=DIRECTION('',(-1.,0.,0.));
#2818=DIRECTION('',(0.419478830766621,-0.907765118595481,-6.71671194215939E-18));
#2819=DIRECTION('',(-0.419478830766621,0.907765118595481,6.71671194215939E-18));
#2820=DIRECTION('',(-0.419478830766621,-0.907765118595481,-6.71671194215939E-18));
#2821=DIRECTION('',(1.,0.,0.));
#2822=DIRECTION('center_axis',(0.,-1.,-1.11022302462516E-16));
#2823=DIRECTION('ref_axis',(1.,0.,0.));
#2824=DIRECTION('',(0.,1.11022302462516E-16,-1.));
#2825=DIRECTION('',(0.,0.,-1.));
#2826=DIRECTION('center_axis',(0.907765118595481,-0.419478830766621,-4.16333634234434E-17));
#2827=DIRECTION('ref_axis',(0.,1.11022302462516E-16,-1.));
#2828=DIRECTION('',(0.,0.,-1.));
#2829=DIRECTION('center_axis',(0.,1.,1.11022302462516E-16));
#2830=DIRECTION('ref_axis',(-1.,0.,0.));
#2831=DIRECTION('',(-2.20404117802192E-18,1.11022302462516E-16,-1.));
#2832=DIRECTION('',(5.43988979240718E-18,-1.11022302462516E-16,1.));
#2833=DIRECTION('center_axis',(-0.907765118595481,0.419478830766621,4.85722573273506E-17));
#2834=DIRECTION('ref_axis',(0.,-1.11022302462516E-16,1.));
#2835=DIRECTION('',(-3.82196548521455E-18,1.07521064395476E-16,-1.));
#2836=DIRECTION('center_axis',(0.907765118595481,0.419478830766621,4.16333634234434E-17));
#2837=DIRECTION('ref_axis',(0.,1.11022302462516E-16,-1.));
#2838=DIRECTION('',(0.,-9.9250213288132E-17,1.));
#2839=DIRECTION('',(5.43988979240718E-18,-1.11022302462516E-16,1.));
#2840=DIRECTION('center_axis',(0.907765118595481,-0.419478830766621,-4.16333634234434E-17));
#2841=DIRECTION('ref_axis',(0.,1.11022302462516E-16,-1.));
#2842=DIRECTION('',(5.43988979240718E-18,1.11022302462516E-16,-1.));
#2843=DIRECTION('center_axis',(0.,1.,1.11022302462516E-16));
#2844=DIRECTION('ref_axis',(1.,0.,0.));
#2845=DIRECTION('',(0.,0.,-1.));
#2846=DIRECTION('center_axis',(0.,-1.,-1.11022302462516E-16));
#2847=DIRECTION('ref_axis',(-0.707106781186547,-7.85046229341888E-17,0.707106781186548));
#2848=DIRECTION('',(-1.,0.,0.));
#2849=DIRECTION('',(0.,-1.11022302462516E-16,1.));
#2850=DIRECTION('',(1.,0.,0.));
#2851=DIRECTION('',(0.,-1.11022302462516E-16,1.));
#2852=DIRECTION('center_axis',(-5.47820073070146E-33,-1.11022302462516E-16,
1.));
#2853=DIRECTION('ref_axis',(-0.707106781186554,0.707106781186541,0.));
#2854=DIRECTION('',(0.,0.,-1.));
#2855=DIRECTION('center_axis',(2.22044604925028E-15,0.,-1.));
#2856=DIRECTION('ref_axis',(-1.,0.,-2.22044604925028E-15));
#2857=DIRECTION('center_axis',(-1.,4.93432455388958E-16,4.93038065763132E-32));
#2858=DIRECTION('ref_axis',(-4.93432455388958E-16,-1.,-1.11022302462516E-16));
#2859=DIRECTION('',(0.,0.,-1.));
#2860=DIRECTION('',(-4.93432455388958E-16,-1.,-1.11022302462516E-16));
#2861=DIRECTION('center_axis',(-5.47820073070146E-33,-1.11022302462516E-16,
1.));
#2862=DIRECTION('ref_axis',(-0.707106781186548,-0.707106781186547,0.));
#2863=DIRECTION('',(-5.47820073070146E-33,-1.11022302462516E-16,1.));
#2864=DIRECTION('center_axis',(0.,-1.11022302462516E-16,1.));
#2865=DIRECTION('ref_axis',(-0.707106781186547,-0.707106781186548,-7.85046229341888E-17));
#2866=DIRECTION('center_axis',(0.,-1.,-1.11022302462516E-16));
#2867=DIRECTION('ref_axis',(1.,0.,0.));
#2868=DIRECTION('',(0.,1.11022302462516E-16,-1.));
#2869=DIRECTION('',(1.,0.,0.));
#2870=DIRECTION('center_axis',(0.,1.11022302462516E-16,-1.));
#2871=DIRECTION('ref_axis',(0.707106781186553,-0.707106781186542,0.));
#2872=DIRECTION('',(0.,0.,-1.));
#2873=DIRECTION('',(0.,-1.11022302462516E-16,1.));
#2874=DIRECTION('center_axis',(1.,0.,0.));
#2875=DIRECTION('ref_axis',(0.,1.,1.11022302462516E-16));
#2876=DIRECTION('',(0.,0.,-1.));
#2877=DIRECTION('center_axis',(0.,1.,0.));
#2878=DIRECTION('ref_axis',(-1.,0.,0.));
#2879=DIRECTION('',(0.,0.,1.));
#2880=DIRECTION('center_axis',(1.,0.,0.));
#2881=DIRECTION('ref_axis',(0.,1.,0.));
#2882=DIRECTION('',(0.,1.11022302462516E-16,-1.));
#2883=DIRECTION('center_axis',(0.,-1.11022302462516E-16,1.));
#2884=DIRECTION('ref_axis',(-0.707106781186546,-0.707106781186549,0.));
#2885=DIRECTION('',(0.,-1.11022302462516E-16,1.));
#2886=DIRECTION('',(0.,1.11022302462516E-16,-1.));
#2887=DIRECTION('center_axis',(0.,-1.,-1.11022302462516E-16));
#2888=DIRECTION('ref_axis',(1.,0.,0.));
#2889=DIRECTION('',(0.,1.11022302462516E-16,-1.));
#2890=DIRECTION('',(1.,0.,0.));
#2891=DIRECTION('center_axis',(0.,-1.11022302462516E-16,1.));
#2892=DIRECTION('ref_axis',(0.707106781186547,-0.707106781186547,0.));
#2893=DIRECTION('',(0.,-1.11022302462516E-16,1.));
#2894=DIRECTION('center_axis',(0.,-1.11022302462516E-16,1.));
#2895=DIRECTION('ref_axis',(0.707106781186547,-0.707106781186548,-7.85046229341888E-17));
#2896=DIRECTION('center_axis',(1.,0.,0.));
#2897=DIRECTION('ref_axis',(0.,1.,1.11022302462516E-16));
#2898=DIRECTION('',(0.,1.11022302462516E-16,-1.));
#2899=DIRECTION('',(0.,1.,1.11022302462516E-16));
#2900=DIRECTION('center_axis',(-4.93432455388958E-16,-1.,-1.11022302462516E-16));
#2901=DIRECTION('ref_axis',(-0.707106781186552,0.,0.707106781186543));
#2902=DIRECTION('center_axis',(0.,1.,1.11022302462516E-16));
#2903=DIRECTION('ref_axis',(-0.707106781186547,-6.93889390390724E-17,0.707106781186548));
#2904=DIRECTION('center_axis',(-2.22044604925032E-15,-1.,0.));
#2905=DIRECTION('ref_axis',(0.,0.,1.));
#2906=DIRECTION('',(4.93432455388958E-16,1.,1.11022302462516E-16));
#2907=DIRECTION('center_axis',(0.,1.11022302462516E-16,-1.));
#2908=DIRECTION('ref_axis',(-1.,0.,0.));
#2909=DIRECTION('center_axis',(0.,1.,0.));
#2910=DIRECTION('ref_axis',(0.,0.,1.));
#2911=DIRECTION('center_axis',(0.,-1.11022302462516E-16,1.));
#2912=DIRECTION('ref_axis',(0.707106781186548,0.707106781186548,6.93889390390724E-17));
#2913=DIRECTION('center_axis',(-1.,0.,0.));
#2914=DIRECTION('ref_axis',(0.,0.,1.));
#2915=DIRECTION('center_axis',(0.,1.11022302462516E-16,-1.));
#2916=DIRECTION('ref_axis',(0.707106781186548,0.707106781186548,7.85046229341888E-17));
#2917=DIRECTION('center_axis',(0.,1.,1.11022302462516E-16));
#2918=DIRECTION('ref_axis',(0.707106781186552,0.,0.707106781186543));
#2919=DIRECTION('',(0.,-1.,-1.11022302462516E-16));
#2920=DIRECTION('center_axis',(0.,-1.,0.));
#2921=DIRECTION('ref_axis',(1.,0.,0.));
#2922=DIRECTION('',(0.,1.,1.11022302462516E-16));
#2923=DIRECTION('center_axis',(0.,1.11022302462516E-16,-1.));
#2924=DIRECTION('ref_axis',(-1.,0.,0.));
#2925=DIRECTION('center_axis',(0.,-1.11022302462516E-16,1.));
#2926=DIRECTION('ref_axis',(-0.707106781186548,-0.707106781186547,-7.85046229341887E-17));
#2927=DIRECTION('center_axis',(1.,0.,0.));
#2928=DIRECTION('ref_axis',(0.,1.,0.));
#2929=DIRECTION('center_axis',(0.,1.11022302462516E-16,-1.));
#2930=DIRECTION('ref_axis',(-0.707106781186548,-0.707106781186547,-7.80625564189563E-17));
#2931=DIRECTION('center_axis',(-1.,0.,0.));
#2932=DIRECTION('ref_axis',(0.,0.707106781186549,0.707106781186546));
#2933=DIRECTION('',(1.,0.,0.));
#2934=DIRECTION('center_axis',(1.,0.,0.));
#2935=DIRECTION('ref_axis',(0.,1.,0.));
#2936=DIRECTION('',(-1.,0.,0.));
#2937=DIRECTION('center_axis',(0.,-1.11022302462516E-16,1.));
#2938=DIRECTION('ref_axis',(1.,0.,0.));
#2939=DIRECTION('center_axis',(0.,1.,0.));
#2940=DIRECTION('ref_axis',(0.,0.,1.));
#2941=DIRECTION('center_axis',(0.,-1.11022302462516E-16,1.));
#2942=DIRECTION('ref_axis',(0.41143782776615,0.911437827766147,1.04083408558608E-16));
#2943=DIRECTION('center_axis',(0.,1.11022302462516E-16,-1.));
#2944=DIRECTION('ref_axis',(0.41143782776615,0.911437827766147,1.01189926190031E-16));
#2945=DIRECTION('center_axis',(0.,1.,1.11022302462516E-16));
#2946=DIRECTION('ref_axis',(0.707106781186552,0.,0.707106781186543));
#2947=DIRECTION('',(0.,-1.,-1.11022302462516E-16));
#2948=DIRECTION('center_axis',(0.,1.,0.));
#2949=DIRECTION('ref_axis',(0.707106781186552,0.,0.707106781186543));
#2950=DIRECTION('',(0.,1.,1.11022302462516E-16));
#2951=DIRECTION('center_axis',(1.,0.,0.));
#2952=DIRECTION('ref_axis',(0.,1.,1.11022302462516E-16));
#2953=DIRECTION('',(0.,0.,-1.));
#2954=DIRECTION('',(0.,1.,0.));
#2955=DIRECTION('',(0.,0.,-1.));
#2956=DIRECTION('center_axis',(0.,0.,1.));
#2957=DIRECTION('ref_axis',(0.707106781186553,0.707106781186543,0.));
#2958=DIRECTION('center_axis',(0.,0.,1.));
#2959=DIRECTION('ref_axis',(0.707106781186553,0.707106781186543,0.));
#2960=DIRECTION('',(0.,0.,1.));
#2961=DIRECTION('center_axis',(0.,-1.,0.));
#2962=DIRECTION('ref_axis',(0.,0.,-1.));
#2963=DIRECTION('',(1.,0.,0.));
#2964=DIRECTION('',(0.,0.,-1.));
#2965=DIRECTION('center_axis',(0.,0.,-1.));
#2966=DIRECTION('ref_axis',(-0.707106781186548,-0.707106781186547,0.));
#2967=DIRECTION('center_axis',(0.,0.,-1.));
#2968=DIRECTION('ref_axis',(-0.707106781186548,-0.707106781186547,0.));
#2969=DIRECTION('',(0.,0.,1.));
#2970=DIRECTION('center_axis',(-1.,0.,0.));
#2971=DIRECTION('ref_axis',(0.,0.,-1.));
#2972=DIRECTION('',(0.,-1.,0.));
#2973=DIRECTION('',(0.,1.11022302462516E-16,-1.));
#2974=DIRECTION('center_axis',(1.,0.,0.));
#2975=DIRECTION('ref_axis',(0.,0.,-1.));
#2976=DIRECTION('',(0.,-1.,-1.11022302462516E-16));
#2977=DIRECTION('',(0.,-1.11022302462516E-16,1.));
#2978=DIRECTION('',(0.,1.,0.));
#2979=DIRECTION('',(0.,0.,-1.));
#2980=DIRECTION('center_axis',(0.,0.,-1.));
#2981=DIRECTION('ref_axis',(0.707106781186548,-0.707106781186547,0.));
#2982=DIRECTION('center_axis',(0.,1.11022302462516E-16,-1.));
#2983=DIRECTION('ref_axis',(0.707106781186548,-0.707106781186547,-7.80625564189563E-17));
#2984=DIRECTION('center_axis',(0.,0.,-1.));
#2985=DIRECTION('ref_axis',(0.707106781186548,-0.707106781186547,0.));
#2986=DIRECTION('',(0.,0.,1.));
#2987=DIRECTION('center_axis',(0.,-1.,0.));
#2988=DIRECTION('ref_axis',(0.,0.,-1.));
#2989=DIRECTION('',(-1.,0.,0.));
#2990=DIRECTION('',(1.,0.,0.));
#2991=DIRECTION('',(0.,0.,-1.));
#2992=DIRECTION('center_axis',(-1.,0.,0.));
#2993=DIRECTION('ref_axis',(0.,0.707106781186549,0.707106781186546));
#2994=DIRECTION('center_axis',(-1.,0.,0.));
#2995=DIRECTION('ref_axis',(0.,0.,1.));
#2996=DIRECTION('center_axis',(-1.,0.,0.));
#2997=DIRECTION('ref_axis',(0.,0.,1.));
#2998=DIRECTION('',(1.,0.,0.));
#2999=DIRECTION('center_axis',(0.,1.11022302462516E-16,-1.));
#3000=DIRECTION('ref_axis',(-1.,0.,0.));
#3001=DIRECTION('center_axis',(0.,-1.,0.));
#3002=DIRECTION('ref_axis',(0.,0.,1.));
#3003=DIRECTION('center_axis',(0.,-1.11022302462516E-16,1.));
#3004=DIRECTION('ref_axis',(0.707106781186548,-0.707106781186547,-7.85046229341887E-17));
#3005=DIRECTION('center_axis',(0.,-1.,-1.11022302462516E-16));
#3006=DIRECTION('ref_axis',(-0.707106781186552,0.,0.707106781186543));
#3007=DIRECTION('center_axis',(0.,-1.,0.));
#3008=DIRECTION('ref_axis',(0.,0.,1.));
#3009=DIRECTION('',(0.,1.,1.11022302462516E-16));
#3010=DIRECTION('center_axis',(0.,1.11022302462516E-16,-1.));
#3011=DIRECTION('ref_axis',(-1.,0.,0.));
#3012=DIRECTION('center_axis',(1.,0.,0.));
#3013=DIRECTION('ref_axis',(0.,1.,0.));
#3014=DIRECTION('center_axis',(0.,-1.11022302462516E-16,1.));
#3015=DIRECTION('ref_axis',(-0.707106781186548,0.707106781186548,6.93889390390724E-17));
#3016=DIRECTION('center_axis',(0.,1.11022302462516E-16,-1.));
#3017=DIRECTION('ref_axis',(-0.707106781186548,0.707106781186548,7.85046229341888E-17));
#3018=DIRECTION('center_axis',(0.,1.,1.11022302462516E-16));
#3019=DIRECTION('ref_axis',(0.70710678118654,0.,0.707106781186555));
#3020=DIRECTION('center_axis',(0.,1.,1.11022302462516E-16));
#3021=DIRECTION('ref_axis',(0.707106781186547,-6.93889390390723E-17,0.707106781186548));
#3022=DIRECTION('',(0.,-1.,-1.11022302462516E-16));
#3023=DIRECTION('center_axis',(0.,-1.,0.));
#3024=DIRECTION('ref_axis',(1.,0.,0.));
#3025=DIRECTION('center_axis',(0.,-1.11022302462516E-16,1.));
#3026=DIRECTION('ref_axis',(0.707106781186554,0.707106781186541,0.));
#3027=DIRECTION('',(0.,-1.11022302462516E-16,1.));
#3028=DIRECTION('center_axis',(0.,0.,-1.));
#3029=DIRECTION('ref_axis',(0.,1.,0.));
#3030=DIRECTION('center_axis',(1.,0.,0.));
#3031=DIRECTION('ref_axis',(0.,1.,0.));
#3032=DIRECTION('center_axis',(0.,-1.,-1.11022302462516E-16));
#3033=DIRECTION('ref_axis',(0.707106781186547,-7.85046229341888E-17,0.707106781186548));
#3034=DIRECTION('center_axis',(1.,0.,0.));
#3035=DIRECTION('ref_axis',(0.,0.707106781186546,0.707106781186549));
#3036=DIRECTION('',(1.,0.,0.));
#3037=DIRECTION('',(-1.,0.,0.));
#3038=DIRECTION('center_axis',(0.,-1.11022302462516E-16,1.));
#3039=DIRECTION('ref_axis',(-0.707106781186546,0.707106781186549,0.));
#3040=DIRECTION('',(0.,1.11022302462516E-16,-1.));
#3041=DIRECTION('center_axis',(0.,0.,1.));
#3042=DIRECTION('ref_axis',(-0.707106781186546,0.707106781186549,0.));
#3043=DIRECTION('center_axis',(0.,-1.11022302462516E-16,1.));
#3044=DIRECTION('ref_axis',(0.707106781186546,0.707106781186549,0.));
#3045=DIRECTION('center_axis',(0.,0.,1.));
#3046=DIRECTION('ref_axis',(0.707106781186546,0.707106781186549,0.));
#3047=DIRECTION('center_axis',(1.,0.,0.));
#3048=DIRECTION('ref_axis',(0.,0.707106781186546,0.707106781186549));
#3049=DIRECTION('center_axis',(-1.,0.,0.));
#3050=DIRECTION('ref_axis',(0.,0.,1.));
#3051=DIRECTION('',(1.,0.,0.));
#3052=DIRECTION('center_axis',(0.,-1.11022302462516E-16,1.));
#3053=DIRECTION('ref_axis',(1.,0.,0.));
#3054=DIRECTION('center_axis',(-1.,0.,0.));
#3055=DIRECTION('ref_axis',(0.,-1.,0.));
#3056=DIRECTION('center_axis',(0.,1.11022302462516E-16,-1.));
#3057=DIRECTION('ref_axis',(-0.707106781186547,-0.707106781186548,-7.85046229341888E-17));
#3058=DIRECTION('center_axis',(0.,-1.11022302462516E-16,1.));
#3059=DIRECTION('ref_axis',(1.,0.,0.));
#3060=DIRECTION('',(-1.,0.,0.));
#3061=DIRECTION('',(0.,-1.,-1.11022302462516E-16));
#3062=DIRECTION('center_axis',(0.,0.,1.));
#3063=DIRECTION('ref_axis',(1.,0.,0.));
#3064=DIRECTION('',(0.,1.,0.));
#3065=DIRECTION('',(0.999999999382701,3.51368420837095E-5,0.));
#3066=DIRECTION('center_axis',(0.,0.,1.));
#3067=DIRECTION('ref_axis',(6.42331451246199E-8,-0.999999999999998,0.));
#3068=DIRECTION('',(0.,-1.,0.));
#3069=DIRECTION('center_axis',(0.,0.,1.));
#3070=DIRECTION('ref_axis',(1.,0.,0.));
#3071=DIRECTION('',(1.,0.,0.));
#3072=DIRECTION('',(9.85381898566722E-7,0.999999999999515,0.));
#3073=DIRECTION('center_axis',(0.,0.,1.));
#3074=DIRECTION('ref_axis',(0.999999999999987,-1.63381089942298E-7,0.));
#3075=DIRECTION('',(0.999999999382701,3.51368420837095E-5,0.));
#3076=DIRECTION('',(0.,-1.,0.));
#3077=DIRECTION('center_axis',(0.,0.,1.));
#3078=DIRECTION('ref_axis',(-0.707106781186546,0.707106781186549,0.));
#3079=DIRECTION('center_axis',(0.,0.,-1.));
#3080=DIRECTION('ref_axis',(-0.707106781186546,0.707106781186549,0.));
#3081=DIRECTION('center_axis',(0.,-1.11022302462516E-16,1.));
#3082=DIRECTION('ref_axis',(-0.411437827766141,0.911437827766151,1.04083408558608E-16));
#3083=DIRECTION('',(0.,0.,1.));
#3084=DIRECTION('center_axis',(0.,-1.11022302462516E-16,1.));
#3085=DIRECTION('ref_axis',(1.,0.,0.));
#3086=DIRECTION('center_axis',(0.,1.,0.));
#3087=DIRECTION('ref_axis',(-1.,0.,0.));
#3088=DIRECTION('center_axis',(0.,1.11022302462516E-16,-1.));
#3089=DIRECTION('ref_axis',(-0.411437827766141,0.91143782776615,1.01189926190032E-16));
#3090=DIRECTION('center_axis',(0.,-1.11022302462516E-16,1.));
#3091=DIRECTION('ref_axis',(1.,0.,0.));
#3092=DIRECTION('',(0.,1.,1.11022302462516E-16));
#3093=DIRECTION('',(-1.,0.,0.));
#3094=DIRECTION('center_axis',(0.,1.11022302462516E-16,-1.));
#3095=DIRECTION('ref_axis',(0.707106781186547,-0.707106781186548,-7.85046229341888E-17));
#3096=DIRECTION('center_axis',(0.,-1.11022302462516E-16,1.));
#3097=DIRECTION('ref_axis',(1.,0.,0.));
#3098=DIRECTION('center_axis',(1.,0.,0.));
#3099=DIRECTION('ref_axis',(0.,-4.9960036108132E-15,1.));
#3100=DIRECTION('center_axis',(0.999999999999515,-9.85381898566722E-7,0.));
#3101=DIRECTION('ref_axis',(-9.85381898566722E-7,-0.999999999999515,0.));
#3102=DIRECTION('',(1.09399367183816E-22,1.11022302462516E-16,-1.));
#3103=DIRECTION('',(0.,0.,1.));
#3104=DIRECTION('center_axis',(0.,0.,-1.));
#3105=DIRECTION('ref_axis',(0.999999999999987,-1.63381089942298E-7,0.));
#3106=DIRECTION('',(0.,0.,1.));
#3107=DIRECTION('center_axis',(3.51368420837095E-5,-0.999999999382701,0.));
#3108=DIRECTION('ref_axis',(-0.999999999382701,-3.51368420837095E-5,0.));
#3109=DIRECTION('',(0.,0.,-1.));
#3110=DIRECTION('center_axis',(3.51368420837095E-5,-0.999999999382701,0.));
#3111=DIRECTION('ref_axis',(-0.999999999382701,-3.51368420837095E-5,0.));
#3112=DIRECTION('',(0.,0.,1.));
#3113=DIRECTION('',(0.,0.,1.));
#3114=DIRECTION('center_axis',(0.,0.,-1.));
#3115=DIRECTION('ref_axis',(6.42331451246199E-8,-0.999999999999998,0.));
#3116=DIRECTION('',(0.,0.,1.));
#3117=DIRECTION('center_axis',(-1.,0.,0.));
#3118=DIRECTION('ref_axis',(0.,1.,0.));
#3119=DIRECTION('center_axis',(0.,1.,1.11022302462516E-16));
#3120=DIRECTION('ref_axis',(1.,0.,0.));
#3121=DIRECTION('',(5.43988979240718E-18,-1.11022302462516E-16,1.));
#3122=DIRECTION('center_axis',(0.999999999999515,-9.85381898566722E-7,0.));
#3123=DIRECTION('ref_axis',(-9.85381898566722E-7,-0.999999999999515,0.));
#3124=DIRECTION('',(-9.85381898566721E-7,-0.999999999999514,2.43869422680471E-22));
#3125=DIRECTION('',(0.,0.,1.));
#3126=DIRECTION('',(-1.09399367183816E-22,-1.11022302462516E-16,1.));
#3127=DIRECTION('center_axis',(2.47487215906024E-16,0.,1.));
#3128=DIRECTION('ref_axis',(1.,0.,-2.47487215906024E-16));
#3129=DIRECTION('center_axis',(-2.47487215906024E-16,0.,-1.));
#3130=DIRECTION('ref_axis',(0.70710678118656,-0.707106781186535,0.));
#3131=DIRECTION('',(0.,1.,0.));
#3132=DIRECTION('',(-1.,0.,2.47487215906024E-16));
#3133=DIRECTION('center_axis',(-2.47487215906024E-16,0.,-1.));
#3134=DIRECTION('ref_axis',(0.00701244094289417,0.999975412533739,0.));
#3135=DIRECTION('',(-1.,-2.74766005399246E-32,2.47487215906024E-16));
#3136=DIRECTION('center_axis',(0.,0.,-1.));
#3137=DIRECTION('ref_axis',(0.00701244094289417,0.999975412533739,0.));
#3138=DIRECTION('',(0.,0.,-1.));
#3139=DIRECTION('center_axis',(0.,0.,-1.));
#3140=DIRECTION('ref_axis',(-0.999999999999957,-2.91847374384388E-7,0.));
#3141=DIRECTION('',(0.,0.,1.));
#3142=DIRECTION('center_axis',(-2.47487215906024E-16,0.,-1.));
#3143=DIRECTION('ref_axis',(-0.999999999999957,-2.91847374384388E-7,0.));
#3144=DIRECTION('',(0.,0.,1.));
#3145=DIRECTION('center_axis',(2.47487215906024E-16,0.,1.));
#3146=DIRECTION('ref_axis',(1.,0.,-2.47487215906024E-16));
#3147=DIRECTION('center_axis',(-2.47487215906024E-16,0.,-1.));
#3148=DIRECTION('ref_axis',(-0.70710678118656,-0.707106781186535,0.));
#3149=DIRECTION('',(-1.,-2.74766005399246E-32,2.47487215906024E-16));
#3150=DIRECTION('',(0.,1.,0.));
#3151=DIRECTION('',(-1.,0.,2.47487215906024E-16));
#3152=DIRECTION('',(0.,-1.,0.));
#3153=DIRECTION('center_axis',(-1.,0.,0.));
#3154=DIRECTION('ref_axis',(0.,1.,0.));
#3155=DIRECTION('',(0.,1.11022302462516E-16,-1.));
#3156=DIRECTION('center_axis',(1.,0.,0.));
#3157=DIRECTION('ref_axis',(0.,-0.707106781186548,0.707106781186548));
#3158=DIRECTION('center_axis',(1.,0.,0.));
#3159=DIRECTION('ref_axis',(0.,-0.707106781186546,0.707106781186549));
#3160=DIRECTION('center_axis',(0.,-1.,0.));
#3161=DIRECTION('ref_axis',(1.,0.,0.));
#3162=DIRECTION('center_axis',(0.,1.,1.11022302462516E-16));
#3163=DIRECTION('ref_axis',(0.707106781186552,0.,0.707106781186543));
#3164=DIRECTION('',(0.,1.,1.11022302462516E-16));
#3165=DIRECTION('center_axis',(-1.,0.,0.));
#3166=DIRECTION('ref_axis',(0.,-1.,0.));
#3167=DIRECTION('center_axis',(-1.,0.,0.));
#3168=DIRECTION('ref_axis',(0.,-1.,-1.11022302462516E-16));
#3169=DIRECTION('',(0.,-1.,-1.11022302462516E-16));
#3170=DIRECTION('center_axis',(0.,-1.,-1.11022302462516E-16));
#3171=DIRECTION('ref_axis',(-0.707106781186554,0.,0.707106781186541));
#3172=DIRECTION('center_axis',(0.,1.,-2.22044604925032E-15));
#3173=DIRECTION('ref_axis',(-1.,0.,0.));
#3174=DIRECTION('center_axis',(-1.,0.,0.));
#3175=DIRECTION('ref_axis',(0.,-0.707106781186548,0.707106781186548));
#3176=DIRECTION('center_axis',(1.,0.,0.));
#3177=DIRECTION('ref_axis',(0.,-0.707106781186548,0.707106781186548));
#3178=DIRECTION('center_axis',(-0.907765118595481,-0.419478830766621,-4.16333634234434E-17));
#3179=DIRECTION('ref_axis',(0.,-1.11022302462516E-16,1.));
#3180=DIRECTION('center_axis',(0.907765118595481,0.419478830766621,4.16333634234434E-17));
#3181=DIRECTION('ref_axis',(0.,1.11022302462516E-16,-1.));
#3182=DIRECTION('center_axis',(-0.907765118595481,-0.419478830766621,-4.16333634234434E-17));
#3183=DIRECTION('ref_axis',(0.,-1.11022302462516E-16,1.));
#3184=DIRECTION('',(-3.82196548521455E-18,1.07521064395476E-16,-1.));
#3185=DIRECTION('center_axis',(-0.907765118595481,0.419478830766621,4.85722573273506E-17));
#3186=DIRECTION('ref_axis',(0.,-1.11022302462516E-16,1.));
#3187=DIRECTION('',(-2.20404117802192E-18,1.11022302462516E-16,-1.));
#3188=DIRECTION('center_axis',(0.,-1.,-1.11022302462516E-16));
#3189=DIRECTION('ref_axis',(-1.,0.,0.));
#3190=DIRECTION('',(0.,0.,-1.));
#3191=DIRECTION('center_axis',(0.,-1.11022302462516E-16,1.));
#3192=DIRECTION('ref_axis',(0.70710678118656,-0.707106781186535,0.));
#3193=DIRECTION('',(0.,0.,-1.));
#3194=DIRECTION('center_axis',(1.,0.,0.));
#3195=DIRECTION('ref_axis',(0.,1.,1.11022302462516E-16));
#3196=DIRECTION('',(0.,0.,-1.));
#3197=DIRECTION('center_axis',(0.,-1.,0.));
#3198=DIRECTION('ref_axis',(-1.,0.,0.));
#3199=DIRECTION('',(0.,0.,-1.));
#3200=DIRECTION('center_axis',(-1.,0.,0.));
#3201=DIRECTION('ref_axis',(0.,1.,0.));
#3202=DIRECTION('',(0.,0.,-1.));
#3203=DIRECTION('center_axis',(0.,-1.,0.));
#3204=DIRECTION('ref_axis',(1.,0.,0.));
#3205=DIRECTION('',(0.,0.,1.));
#3206=DIRECTION('center_axis',(1.,0.,0.));
#3207=DIRECTION('ref_axis',(0.,-1.,0.));
#3208=DIRECTION('',(0.,0.,-1.));
#3209=DIRECTION('center_axis',(0.,-1.,0.));
#3210=DIRECTION('ref_axis',(-1.,0.,0.));
#3211=DIRECTION('',(0.,-1.11022302462516E-16,1.));
#3212=DIRECTION('center_axis',(-1.,0.,0.));
#3213=DIRECTION('ref_axis',(0.,-1.,-1.11022302462516E-16));
#3214=DIRECTION('',(0.,1.11022302462516E-16,-1.));
#3215=DIRECTION('center_axis',(0.,-1.11022302462516E-16,1.));
#3216=DIRECTION('ref_axis',(-0.70710678118656,-0.707106781186535,0.));
#3217=DIRECTION('',(0.,-1.11022302462516E-16,1.));
#3218=DIRECTION('center_axis',(0.,-1.,-1.11022302462516E-16));
#3219=DIRECTION('ref_axis',(-1.,0.,0.));
#3220=CARTESIAN_POINT('',(0.,0.,0.));
#3221=CARTESIAN_POINT('Ctrl Pts',(-15.3584786133819,214.411797773797,1.27608028410809E-14));
#3222=CARTESIAN_POINT('Ctrl Pts',(-15.3584786133819,214.411797773797,-0.999999999999987));
#3223=CARTESIAN_POINT('Ctrl Pts',(-15.3602063779316,214.412181909245,1.27608454886829E-14));
#3224=CARTESIAN_POINT('Ctrl Pts',(-15.3602063779316,214.412181909245,-0.999999999999987));
#3225=CARTESIAN_POINT('Ctrl Pts',(-15.3648547768899,214.409898972237,1.27605920317599E-14));
#3226=CARTESIAN_POINT('Ctrl Pts',(-15.3648547768899,214.409898972237,-0.999999999999987));
#3227=CARTESIAN_POINT('Ctrl Pts',(-15.3754061569337,214.397320787429,1.27591955727216E-14));
#3228=CARTESIAN_POINT('Ctrl Pts',(-15.3754061569337,214.397320787429,-0.999999999999987));
#3229=CARTESIAN_POINT('Ctrl Pts',(-15.3966599544478,214.362168950981,1.27552929349035E-14));
#3230=CARTESIAN_POINT('Ctrl Pts',(-15.3966599544478,214.362168950981,-0.999999999999987));
#3231=CARTESIAN_POINT('Ctrl Pts',(-15.4349765561725,214.287575877705,1.27470114401606E-14));
#3232=CARTESIAN_POINT('Ctrl Pts',(-15.4349765561725,214.287575877705,-0.999999999999987));
#3233=CARTESIAN_POINT('Ctrl Pts',(-15.4840297423282,214.183076381823,1.27354096655216E-14));
#3234=CARTESIAN_POINT('Ctrl Pts',(-15.4840297423282,214.183076381823,-0.999999999999987));
#3235=CARTESIAN_POINT('Ctrl Pts',(-15.5415939350619,214.050735129313,1.27207168349571E-14));
#3236=CARTESIAN_POINT('Ctrl Pts',(-15.5415939350619,214.050735129313,-0.999999999999987));
#3237=CARTESIAN_POINT('Ctrl Pts',(-15.6035894937658,213.894712317063,1.27033948231044E-14));
#3238=CARTESIAN_POINT('Ctrl Pts',(-15.6035894937658,213.894712317063,-0.999999999999987));
#3239=CARTESIAN_POINT('Ctrl Pts',(-15.6640146982111,213.721506413569,1.26841651048984E-14));
#3240=CARTESIAN_POINT('Ctrl Pts',(-15.6640146982111,213.721506413569,-0.999999999999987));
#3241=CARTESIAN_POINT('Ctrl Pts',(-15.7161594542917,213.53899151304,1.2663901880408E-14));
#3242=CARTESIAN_POINT('Ctrl Pts',(-15.7161594542917,213.53899151304,-0.999999999999987));
#3243=CARTESIAN_POINT('Ctrl Pts',(-15.753514787426,213.355755482581,1.26435585944124E-14));
#3244=CARTESIAN_POINT('Ctrl Pts',(-15.753514787426,213.355755482581,-0.999999999999987));
#3245=CARTESIAN_POINT('Ctrl Pts',(-15.7708647800612,213.180321578636,1.26240815184664E-14));
#3246=CARTESIAN_POINT('Ctrl Pts',(-15.7708647800612,213.180321578636,-0.999999999999987));
#3247=CARTESIAN_POINT('Ctrl Pts',(-15.7652043910883,213.020482760324,1.26063358448345E-14));
#3248=CARTESIAN_POINT('Ctrl Pts',(-15.7652043910883,213.020482760324,-0.999999999999987));
#3249=CARTESIAN_POINT('Ctrl Pts',(-15.7371105514442,212.882428700173,1.25910087652122E-14));
#3250=CARTESIAN_POINT('Ctrl Pts',(-15.7371105514442,212.882428700173,-0.999999999999987));
#3251=CARTESIAN_POINT('Ctrl Pts',(-15.6901613040002,212.770743561397,1.25786092239545E-14));
#3252=CARTESIAN_POINT('Ctrl Pts',(-15.6901613040002,212.770743561397,-0.999999999999987));
#3253=CARTESIAN_POINT('Ctrl Pts',(-15.629616801464,212.68873095001,1.25695039950073E-14));
#3254=CARTESIAN_POINT('Ctrl Pts',(-15.629616801464,212.68873095001,-0.999999999999987));
#3255=CARTESIAN_POINT('Ctrl Pts',(-15.5613551896931,212.638580696708,1.25639361984167E-14));
#3256=CARTESIAN_POINT('Ctrl Pts',(-15.5613551896931,212.638580696708,-0.999999999999987));
#3257=CARTESIAN_POINT('Ctrl Pts',(-15.4908149610793,212.621560862348,1.25620466172185E-14));
#3258=CARTESIAN_POINT('Ctrl Pts',(-15.4908149610793,212.621560862348,-0.999999999999987));
#3259=CARTESIAN_POINT('Ctrl Pts',(-15.4217387697284,212.638118903849,1.25638849291103E-14));
#3260=CARTESIAN_POINT('Ctrl Pts',(-15.4217387697284,212.638118903849,-0.999999999999987));
#3261=CARTESIAN_POINT('Ctrl Pts',(-15.3562421185055,212.688144286109,1.25694388622303E-14));
#3262=CARTESIAN_POINT('Ctrl Pts',(-15.3562421185055,212.688144286109,-0.999999999999987));
#3263=CARTESIAN_POINT('Ctrl Pts',(-15.3075281059932,212.754637188616,1.2576821057364E-14));
#3264=CARTESIAN_POINT('Ctrl Pts',(-15.3075281059932,212.754637188616,-0.999999999999987));
#3265=CARTESIAN_POINT('Ctrl Pts',(-15.2731953466385,212.819217552909,1.25839909181018E-14));
#3266=CARTESIAN_POINT('Ctrl Pts',(-15.2731953466385,212.819217552909,-0.999999999999987));
#3267=CARTESIAN_POINT('Ctrl Pts',(-15.2512822895854,212.868782643751,1.25894937486088E-14));
#3268=CARTESIAN_POINT('Ctrl Pts',(-15.2512822895854,212.868782643751,-0.999999999999987));
#3269=CARTESIAN_POINT('Ctrl Pts',(-15.2405695983402,212.895193067823,1.25924258946982E-14));
#3270=CARTESIAN_POINT('Ctrl Pts',(-15.2405695983402,212.895193067823,-0.999999999999987));
#3271=CARTESIAN_POINT('',(-15.3584786133819,214.411797773797,1.27608028410809E-14));
#3272=CARTESIAN_POINT('',(-15.2405695983402,212.895193067823,1.25924258946982E-14));
#3273=CARTESIAN_POINT('Ctrl Pts',(-15.3584786133819,214.411797773797,1.27608028410809E-14));
#3274=CARTESIAN_POINT('Ctrl Pts',(-15.3602063779316,214.412181909245,1.27608454886829E-14));
#3275=CARTESIAN_POINT('Ctrl Pts',(-15.3648547768899,214.409898972237,1.27605920317599E-14));
#3276=CARTESIAN_POINT('Ctrl Pts',(-15.3754061569337,214.397320787429,1.27591955727216E-14));
#3277=CARTESIAN_POINT('Ctrl Pts',(-15.3966599544478,214.362168950981,1.27552929349035E-14));
#3278=CARTESIAN_POINT('Ctrl Pts',(-15.4349765561725,214.287575877705,1.27470114401606E-14));
#3279=CARTESIAN_POINT('Ctrl Pts',(-15.4840297423282,214.183076381823,1.27354096655216E-14));
#3280=CARTESIAN_POINT('Ctrl Pts',(-15.5415939350619,214.050735129313,1.27207168349571E-14));
#3281=CARTESIAN_POINT('Ctrl Pts',(-15.6035894937658,213.894712317063,1.27033948231044E-14));
#3282=CARTESIAN_POINT('Ctrl Pts',(-15.6640146982111,213.721506413569,1.26841651048984E-14));
#3283=CARTESIAN_POINT('Ctrl Pts',(-15.7161594542917,213.53899151304,1.2663901880408E-14));
#3284=CARTESIAN_POINT('Ctrl Pts',(-15.753514787426,213.355755482581,1.26435585944124E-14));
#3285=CARTESIAN_POINT('Ctrl Pts',(-15.7708647800612,213.180321578636,1.26240815184664E-14));
#3286=CARTESIAN_POINT('Ctrl Pts',(-15.7652043910883,213.020482760324,1.26063358448345E-14));
#3287=CARTESIAN_POINT('Ctrl Pts',(-15.7371105514442,212.882428700173,1.25910087652122E-14));
#3288=CARTESIAN_POINT('Ctrl Pts',(-15.6901613040002,212.770743561397,1.25786092239545E-14));
#3289=CARTESIAN_POINT('Ctrl Pts',(-15.629616801464,212.68873095001,1.25695039950073E-14));
#3290=CARTESIAN_POINT('Ctrl Pts',(-15.5613551896931,212.638580696708,1.25639361984167E-14));
#3291=CARTESIAN_POINT('Ctrl Pts',(-15.4908149610793,212.621560862348,1.25620466172185E-14));
#3292=CARTESIAN_POINT('Ctrl Pts',(-15.4217387697284,212.638118903849,1.25638849291103E-14));
#3293=CARTESIAN_POINT('Ctrl Pts',(-15.3562421185055,212.688144286109,1.25694388622303E-14));
#3294=CARTESIAN_POINT('Ctrl Pts',(-15.3075281059932,212.754637188616,1.2576821057364E-14));
#3295=CARTESIAN_POINT('Ctrl Pts',(-15.2731953466385,212.819217552909,1.25839909181018E-14));
#3296=CARTESIAN_POINT('Ctrl Pts',(-15.2512822895854,212.868782643751,1.25894937486088E-14));
#3297=CARTESIAN_POINT('Ctrl Pts',(-15.2405695983402,212.895193067823,1.25924258946982E-14));
#3298=CARTESIAN_POINT('',(-15.3584786133819,214.411797773797,-0.999999999999987));
#3299=CARTESIAN_POINT('',(-15.3584786133819,214.411797773797,1.27608028410809E-14));
#3300=CARTESIAN_POINT('',(-15.2405695983402,212.895193067823,-0.999999999999987));
#3301=CARTESIAN_POINT('Ctrl Pts',(-15.3584786133819,214.411797773797,-0.999999999999987));
#3302=CARTESIAN_POINT('Ctrl Pts',(-15.3602063779316,214.412181909245,-0.999999999999987));
#3303=CARTESIAN_POINT('Ctrl Pts',(-15.3648547768899,214.409898972237,-0.999999999999987));
#3304=CARTESIAN_POINT('Ctrl Pts',(-15.3754061569337,214.397320787429,-0.999999999999987));
#3305=CARTESIAN_POINT('Ctrl Pts',(-15.3966599544478,214.362168950981,-0.999999999999987));
#3306=CARTESIAN_POINT('Ctrl Pts',(-15.4349765561725,214.287575877705,-0.999999999999987));
#3307=CARTESIAN_POINT('Ctrl Pts',(-15.4840297423282,214.183076381823,-0.999999999999987));
#3308=CARTESIAN_POINT('Ctrl Pts',(-15.5415939350619,214.050735129313,-0.999999999999987));
#3309=CARTESIAN_POINT('Ctrl Pts',(-15.6035894937658,213.894712317063,-0.999999999999987));
#3310=CARTESIAN_POINT('Ctrl Pts',(-15.6640146982111,213.721506413569,-0.999999999999987));
#3311=CARTESIAN_POINT('Ctrl Pts',(-15.7161594542917,213.53899151304,-0.999999999999987));
#3312=CARTESIAN_POINT('Ctrl Pts',(-15.753514787426,213.355755482581,-0.999999999999987));
#3313=CARTESIAN_POINT('Ctrl Pts',(-15.7708647800612,213.180321578636,-0.999999999999987));
#3314=CARTESIAN_POINT('Ctrl Pts',(-15.7652043910883,213.020482760324,-0.999999999999987));
#3315=CARTESIAN_POINT('Ctrl Pts',(-15.7371105514442,212.882428700173,-0.999999999999987));
#3316=CARTESIAN_POINT('Ctrl Pts',(-15.6901613040002,212.770743561397,-0.999999999999987));
#3317=CARTESIAN_POINT('Ctrl Pts',(-15.629616801464,212.68873095001,-0.999999999999987));
#3318=CARTESIAN_POINT('Ctrl Pts',(-15.5613551896931,212.638580696708,-0.999999999999987));
#3319=CARTESIAN_POINT('Ctrl Pts',(-15.4908149610793,212.621560862348,-0.999999999999987));
#3320=CARTESIAN_POINT('Ctrl Pts',(-15.4217387697284,212.638118903849,-0.999999999999987));
#3321=CARTESIAN_POINT('Ctrl Pts',(-15.3562421185055,212.688144286109,-0.999999999999987));
#3322=CARTESIAN_POINT('Ctrl Pts',(-15.3075281059932,212.754637188616,-0.999999999999987));
#3323=CARTESIAN_POINT('Ctrl Pts',(-15.2731953466385,212.819217552909,-0.999999999999987));
#3324=CARTESIAN_POINT('Ctrl Pts',(-15.2512822895854,212.868782643751,-0.999999999999987));
#3325=CARTESIAN_POINT('Ctrl Pts',(-15.2405695983402,212.895193067823,-0.999999999999987));
#3326=CARTESIAN_POINT('',(-15.2405695983402,212.895193067823,1.25924258946982E-14));
#3327=CARTESIAN_POINT('Ctrl Pts',(-15.2405695983402,212.895193067823,1.25924258946982E-14));
#3328=CARTESIAN_POINT('Ctrl Pts',(-15.2405695983402,212.895193067823,-0.999999999999987));
#3329=CARTESIAN_POINT('Ctrl Pts',(-15.2411460079467,212.927146850639,1.25959734772388E-14));
#3330=CARTESIAN_POINT('Ctrl Pts',(-15.2411460079467,212.927146850639,-0.999999999999987));
#3331=CARTESIAN_POINT('Ctrl Pts',(-15.2424541392926,212.99091305805,1.26030529484049E-14));
#3332=CARTESIAN_POINT('Ctrl Pts',(-15.2424541392926,212.99091305805,-0.999999999999987));
#3333=CARTESIAN_POINT('Ctrl Pts',(-15.2448822570134,213.086138308794,1.26136250749951E-14));
#3334=CARTESIAN_POINT('Ctrl Pts',(-15.2448822570134,213.086138308794,-0.999999999999987));
#3335=CARTESIAN_POINT('Ctrl Pts',(-15.2490670549775,213.212243112331,1.26276255206354E-14));
#3336=CARTESIAN_POINT('Ctrl Pts',(-15.2490670549775,213.212243112331,-0.999999999999987));
#3337=CARTESIAN_POINT('Ctrl Pts',(-15.2559843023819,213.368339366793,1.26449556862115E-14));
#3338=CARTESIAN_POINT('Ctrl Pts',(-15.2559843023819,213.368339366793,-0.999999999999987));
#3339=CARTESIAN_POINT('Ctrl Pts',(-15.2647394732341,213.522762824808,1.26621001340746E-14));
#3340=CARTESIAN_POINT('Ctrl Pts',(-15.2647394732341,213.522762824808,-0.999999999999987));
#3341=CARTESIAN_POINT('Ctrl Pts',(-15.2754840888975,213.675375578356,1.26790435533585E-14));
#3342=CARTESIAN_POINT('Ctrl Pts',(-15.2754840888975,213.675375578356,-0.999999999999987));
#3343=CARTESIAN_POINT('Ctrl Pts',(-15.2883036463518,213.826099811884,1.26957773048017E-14));
#3344=CARTESIAN_POINT('Ctrl Pts',(-15.2883036463518,213.826099811884,-0.999999999999987));
#3345=CARTESIAN_POINT('Ctrl Pts',(-15.3031195240961,213.975007083205,1.27123093329172E-14));
#3346=CARTESIAN_POINT('Ctrl Pts',(-15.3031195240961,213.975007083205,-0.999999999999987));
#3347=CARTESIAN_POINT('Ctrl Pts',(-15.3197825272175,214.122233182922,1.27286547134904E-14));
#3348=CARTESIAN_POINT('Ctrl Pts',(-15.3197825272175,214.122233182922,-0.999999999999987));
#3349=CARTESIAN_POINT('Ctrl Pts',(-15.3344701289264,214.238778800168,1.2741593876259E-14));
#3350=CARTESIAN_POINT('Ctrl Pts',(-15.3344701289264,214.238778800168,-0.999999999999987));
#3351=CARTESIAN_POINT('Ctrl Pts',(-15.3462008423693,214.325537240749,1.27512259980904E-14));
#3352=CARTESIAN_POINT('Ctrl Pts',(-15.3462008423693,214.325537240749,-0.999999999999987));
#3353=CARTESIAN_POINT('Ctrl Pts',(-15.3543339210945,214.383091683664,1.27576158248597E-14));
#3354=CARTESIAN_POINT('Ctrl Pts',(-15.3543339210945,214.383091683664,-0.999999999999987));
#3355=CARTESIAN_POINT('Ctrl Pts',(-15.3584786133819,214.411797773797,1.27608028410809E-14));
#3356=CARTESIAN_POINT('Ctrl Pts',(-15.3584786133819,214.411797773797,-0.999999999999987));
#3357=CARTESIAN_POINT('Ctrl Pts',(-15.2405695983402,212.895193067823,1.25924258946982E-14));
#3358=CARTESIAN_POINT('Ctrl Pts',(-15.2411460079467,212.927146850639,1.25959734772388E-14));
#3359=CARTESIAN_POINT('Ctrl Pts',(-15.2424541392926,212.99091305805,1.26030529484049E-14));
#3360=CARTESIAN_POINT('Ctrl Pts',(-15.2448822570134,213.086138308794,1.26136250749951E-14));
#3361=CARTESIAN_POINT('Ctrl Pts',(-15.2490670549775,213.212243112331,1.26276255206354E-14));
#3362=CARTESIAN_POINT('Ctrl Pts',(-15.2559843023819,213.368339366793,1.26449556862115E-14));
#3363=CARTESIAN_POINT('Ctrl Pts',(-15.2647394732341,213.522762824808,1.26621001340746E-14));
#3364=CARTESIAN_POINT('Ctrl Pts',(-15.2754840888975,213.675375578356,1.26790435533585E-14));
#3365=CARTESIAN_POINT('Ctrl Pts',(-15.2883036463518,213.826099811884,1.26957773048017E-14));
#3366=CARTESIAN_POINT('Ctrl Pts',(-15.3031195240961,213.975007083205,1.27123093329172E-14));
#3367=CARTESIAN_POINT('Ctrl Pts',(-15.3197825272175,214.122233182922,1.27286547134904E-14));
#3368=CARTESIAN_POINT('Ctrl Pts',(-15.3344701289264,214.238778800168,1.2741593876259E-14));
#3369=CARTESIAN_POINT('Ctrl Pts',(-15.3462008423693,214.325537240749,1.27512259980904E-14));
#3370=CARTESIAN_POINT('Ctrl Pts',(-15.3543339210945,214.383091683664,1.27576158248597E-14));
#3371=CARTESIAN_POINT('Ctrl Pts',(-15.3584786133819,214.411797773797,1.27608028410809E-14));
#3372=CARTESIAN_POINT('Ctrl Pts',(-15.2405695983402,212.895193067823,-0.999999999999987));
#3373=CARTESIAN_POINT('Ctrl Pts',(-15.2411460079467,212.927146850639,-0.999999999999987));
#3374=CARTESIAN_POINT('Ctrl Pts',(-15.2424541392926,212.99091305805,-0.999999999999987));
#3375=CARTESIAN_POINT('Ctrl Pts',(-15.2448822570134,213.086138308794,-0.999999999999987));
#3376=CARTESIAN_POINT('Ctrl Pts',(-15.2490670549775,213.212243112331,-0.999999999999987));
#3377=CARTESIAN_POINT('Ctrl Pts',(-15.2559843023819,213.368339366793,-0.999999999999987));
#3378=CARTESIAN_POINT('Ctrl Pts',(-15.2647394732341,213.522762824808,-0.999999999999987));
#3379=CARTESIAN_POINT('Ctrl Pts',(-15.2754840888975,213.675375578356,-0.999999999999987));
#3380=CARTESIAN_POINT('Ctrl Pts',(-15.2883036463518,213.826099811884,-0.999999999999987));
#3381=CARTESIAN_POINT('Ctrl Pts',(-15.3031195240961,213.975007083205,-0.999999999999987));
#3382=CARTESIAN_POINT('Ctrl Pts',(-15.3197825272175,214.122233182922,-0.999999999999987));
#3383=CARTESIAN_POINT('Ctrl Pts',(-15.3344701289264,214.238778800168,-0.999999999999987));
#3384=CARTESIAN_POINT('Ctrl Pts',(-15.3462008423693,214.325537240749,-0.999999999999987));
#3385=CARTESIAN_POINT('Ctrl Pts',(-15.3543339210945,214.383091683664,-0.999999999999987));
#3386=CARTESIAN_POINT('Ctrl Pts',(-15.3584786133819,214.411797773797,-0.999999999999987));
#3387=CARTESIAN_POINT('Ctrl Pts',(-16.6567824106828,206.656765008289,1.1899821247782E-14));
#3388=CARTESIAN_POINT('Ctrl Pts',(-16.6567824106828,206.656765008289,-0.999999999999988));
#3389=CARTESIAN_POINT('Ctrl Pts',(-16.6984655206395,206.588975086707,1.18922950546042E-14));
#3390=CARTESIAN_POINT('Ctrl Pts',(-16.6984655206395,206.588975086707,-0.999999999999988));
#3391=CARTESIAN_POINT('Ctrl Pts',(-16.7875573863011,206.463839900922,1.18784022581593E-14));
#3392=CARTESIAN_POINT('Ctrl Pts',(-16.7875573863011,206.463839900922,-0.999999999999988));
#3393=CARTESIAN_POINT('Ctrl Pts',(-16.9383728641048,206.307471533208,1.18610418819434E-14));
#3394=CARTESIAN_POINT('Ctrl Pts',(-16.9383728641048,206.307471533208,-0.999999999999988));
#3395=CARTESIAN_POINT('Ctrl Pts',(-17.1738440845113,206.161709199397,1.18448590120314E-14));
#3396=CARTESIAN_POINT('Ctrl Pts',(-17.1738440845113,206.161709199397,-0.999999999999988));
#3397=CARTESIAN_POINT('Ctrl Pts',(-17.5236081309058,206.083142959079,1.18361364071354E-14));
#3398=CARTESIAN_POINT('Ctrl Pts',(-17.5236081309058,206.083142959079,-0.999999999999988));
#3399=CARTESIAN_POINT('Ctrl Pts',(-17.9226737985576,206.104761256891,1.18385365203339E-14));
#3400=CARTESIAN_POINT('Ctrl Pts',(-17.9226737985576,206.104761256891,-0.999999999999988));
#3401=CARTESIAN_POINT('Ctrl Pts',(-18.3587194470463,206.21928608458,1.1851251330393E-14));
#3402=CARTESIAN_POINT('Ctrl Pts',(-18.3587194470463,206.21928608458,-0.999999999999988));
#3403=CARTESIAN_POINT('Ctrl Pts',(-18.810452429515,206.413838999812,1.18728510429929E-14));
#3404=CARTESIAN_POINT('Ctrl Pts',(-18.810452429515,206.413838999812,-0.999999999999988));
#3405=CARTESIAN_POINT('Ctrl Pts',(-19.2472241515821,206.669582252396,1.1901244247734E-14));
#3406=CARTESIAN_POINT('Ctrl Pts',(-19.2472241515821,206.669582252396,-0.999999999999988));
#3407=CARTESIAN_POINT('Ctrl Pts',(-19.6352045691752,206.965251196724,1.19340700947E-14));
#3408=CARTESIAN_POINT('Ctrl Pts',(-19.6352045691752,206.965251196724,-0.999999999999988));
#3409=CARTESIAN_POINT('Ctrl Pts',(-19.9422293275529,207.279897909724,1.19690028972395E-14));
#3410=CARTESIAN_POINT('Ctrl Pts',(-19.9422293275529,207.279897909724,-0.999999999999988));
#3411=CARTESIAN_POINT('Ctrl Pts',(-20.1433779081779,207.596051997031,1.20041030519452E-14));
#3412=CARTESIAN_POINT('Ctrl Pts',(-20.1433779081779,207.596051997031,-0.999999999999988));
#3413=CARTESIAN_POINT('Ctrl Pts',(-20.2258024245335,207.902458029305,1.20381209551367E-14));
#3414=CARTESIAN_POINT('Ctrl Pts',(-20.2258024245335,207.902458029305,-0.999999999999988));
#3415=CARTESIAN_POINT('Ctrl Pts',(-20.1951542587816,208.197685050706,1.20708977388017E-14));
#3416=CARTESIAN_POINT('Ctrl Pts',(-20.1951542587816,208.197685050706,-0.999999999999988));
#3417=CARTESIAN_POINT('Ctrl Pts',(-20.0713485468899,208.487913148523,1.21031195304608E-14));
#3418=CARTESIAN_POINT('Ctrl Pts',(-20.0713485468899,208.487913148523,-0.999999999999988));
#3419=CARTESIAN_POINT('Ctrl Pts',(-19.8818058320414,208.783341097213,1.21359186215361E-14));
#3420=CARTESIAN_POINT('Ctrl Pts',(-19.8818058320414,208.783341097213,-0.999999999999988));
#3421=CARTESIAN_POINT('Ctrl Pts',(-19.6559602952562,209.095282704413,1.21705510970012E-14));
#3422=CARTESIAN_POINT('Ctrl Pts',(-19.6559602952562,209.095282704413,-0.999999999999988));
#3423=CARTESIAN_POINT('Ctrl Pts',(-19.4184186829465,209.432524073657,1.22079924103004E-14));
#3424=CARTESIAN_POINT('Ctrl Pts',(-19.4184186829465,209.432524073657,-0.999999999999988));
#3425=CARTESIAN_POINT('Ctrl Pts',(-19.1856022718457,209.799583684971,1.22487442134894E-14));
#3426=CARTESIAN_POINT('Ctrl Pts',(-19.1856022718457,209.799583684971,-0.999999999999988));
#3427=CARTESIAN_POINT('Ctrl Pts',(-18.9677810236728,210.197923899436,1.22929688612628E-14));
#3428=CARTESIAN_POINT('Ctrl Pts',(-18.9677810236728,210.197923899436,-0.999999999999988));
#3429=CARTESIAN_POINT('Ctrl Pts',(-18.7698479158648,210.626467558878,1.23405467650397E-14));
#3430=CARTESIAN_POINT('Ctrl Pts',(-18.7698479158648,210.626467558878,-0.999999999999988));
#3431=CARTESIAN_POINT('Ctrl Pts',(-18.5925805571951,211.082393473262,1.23911647098069E-14));
#3432=CARTESIAN_POINT('Ctrl Pts',(-18.5925805571951,211.082393473262,-0.999999999999988));
#3433=CARTESIAN_POINT('Ctrl Pts',(-18.4336608442088,211.561771508154,1.24443863629906E-14));
#3434=CARTESIAN_POINT('Ctrl Pts',(-18.4336608442088,211.561771508154,-0.999999999999988));
#3435=CARTESIAN_POINT('Ctrl Pts',(-18.2888158944085,212.060338987761,1.24997384725095E-14));
#3436=CARTESIAN_POINT('Ctrl Pts',(-18.2888158944085,212.060338987761,-0.999999999999988));
#3437=CARTESIAN_POINT('Ctrl Pts',(-18.1526136927327,212.573508181785,1.25567116979829E-14));
#3438=CARTESIAN_POINT('Ctrl Pts',(-18.1526136927327,212.573508181785,-0.999999999999988));
#3439=CARTESIAN_POINT('Ctrl Pts',(-18.0192237733454,213.096227744365,1.26147452273628E-14));
#3440=CARTESIAN_POINT('Ctrl Pts',(-18.0192237733454,213.096227744365,-0.999999999999987));
#3441=CARTESIAN_POINT('Ctrl Pts',(-17.8831638992565,213.622900097582,1.26732176046603E-14));
#3442=CARTESIAN_POINT('Ctrl Pts',(-17.8831638992565,213.622900097582,-0.999999999999987));
#3443=CARTESIAN_POINT('Ctrl Pts',(-17.7401011909126,214.147252248701,1.27314323877787E-14));
#3444=CARTESIAN_POINT('Ctrl Pts',(-17.7401011909126,214.147252248701,-0.999999999999987));
#3445=CARTESIAN_POINT('Ctrl Pts',(-17.5875216275869,214.662270165811,1.27886108627457E-14));
#3446=CARTESIAN_POINT('Ctrl Pts',(-17.5875216275869,214.662270165811,-0.999999999999987));
#3447=CARTESIAN_POINT('Ctrl Pts',(-17.4257417812106,215.15998690178,1.28438685207471E-14));
#3448=CARTESIAN_POINT('Ctrl Pts',(-17.4257417812106,215.15998690178,-0.999999999999987));
#3449=CARTESIAN_POINT('Ctrl Pts',(-17.2576588925996,215.631799686626,1.2896250262452E-14));
#3450=CARTESIAN_POINT('Ctrl Pts',(-17.2576588925996,215.631799686626,-0.999999999999987));
#3451=CARTESIAN_POINT('Ctrl Pts',(-17.0873060819335,216.069290241094,1.29448214711145E-14));
#3452=CARTESIAN_POINT('Ctrl Pts',(-17.0873060819335,216.069290241094,-0.999999999999987));
#3453=CARTESIAN_POINT('Ctrl Pts',(-16.9187644377151,216.464893845587,1.29887422941479E-14));
#3454=CARTESIAN_POINT('Ctrl Pts',(-16.9187644377151,216.464893845587,-0.999999999999987));
#3455=CARTESIAN_POINT('Ctrl Pts',(-16.7548848452063,216.812665868348,1.30273527448468E-14));
#3456=CARTESIAN_POINT('Ctrl Pts',(-16.7548848452063,216.812665868348,-0.999999999999987));
#3457=CARTESIAN_POINT('Ctrl Pts',(-16.5961946792728,217.108944222141,1.30602462498547E-14));
#3458=CARTESIAN_POINT('Ctrl Pts',(-16.5961946792728,217.108944222141,-0.999999999999987));
#3459=CARTESIAN_POINT('Ctrl Pts',(-16.439434028683,217.353256120633,1.30873703193443E-14));
#3460=CARTESIAN_POINT('Ctrl Pts',(-16.439434028683,217.353256120633,-0.999999999999987));
#3461=CARTESIAN_POINT('Ctrl Pts',(-16.2787030628332,217.547501360643,1.31089358731325E-14));
#3462=CARTESIAN_POINT('Ctrl Pts',(-16.2787030628332,217.547501360643,-0.999999999999987));
#3463=CARTESIAN_POINT('Ctrl Pts',(-16.1071966292524,217.694753410419,1.3125284134741E-14));
#3464=CARTESIAN_POINT('Ctrl Pts',(-16.1071966292524,217.694753410419,-0.999999999999987));
#3465=CARTESIAN_POINT('Ctrl Pts',(-15.9186171527723,217.798270323841,1.31367768208129E-14));
#3466=CARTESIAN_POINT('Ctrl Pts',(-15.9186171527723,217.798270323841,-0.999999999999987));
#3467=CARTESIAN_POINT('Ctrl Pts',(-15.7090074102758,217.860252003507,1.31436581696E-14));
#3468=CARTESIAN_POINT('Ctrl Pts',(-15.7090074102758,217.860252003507,-0.999999999999987));
#3469=CARTESIAN_POINT('Ctrl Pts',(-15.5230113243932,217.877530849109,1.31455765068226E-14));
#3470=CARTESIAN_POINT('Ctrl Pts',(-15.5230113243932,217.877530849109,-0.999999999999987));
#3471=CARTESIAN_POINT('Ctrl Pts',(-15.372948781332,217.872533485479,1.31450216880062E-14));
#3472=CARTESIAN_POINT('Ctrl Pts',(-15.372948781332,217.872533485479,-0.999999999999987));
#3473=CARTESIAN_POINT('Ctrl Pts',(-15.2682173736834,217.861228596736,1.31437665932289E-14));
#3474=CARTESIAN_POINT('Ctrl Pts',(-15.2682173736834,217.861228596736,-0.999999999999987));
#3475=CARTESIAN_POINT('Ctrl Pts',(-15.2146791680082,217.853582868079,1.31429177468293E-14));
#3476=CARTESIAN_POINT('Ctrl Pts',(-15.2146791680082,217.853582868079,-0.999999999999987));
#3477=CARTESIAN_POINT('',(-16.6567824106828,206.656765008289,1.1899821247782E-14));
#3478=CARTESIAN_POINT('',(-15.2146791680082,217.853582868079,1.31429177468293E-14));
#3479=CARTESIAN_POINT('Ctrl Pts',(-16.6567824106828,206.656765008289,1.1899821247782E-14));
#3480=CARTESIAN_POINT('Ctrl Pts',(-16.6984655206395,206.588975086707,1.18922950546042E-14));
#3481=CARTESIAN_POINT('Ctrl Pts',(-16.7875573863011,206.463839900922,1.18784022581593E-14));
#3482=CARTESIAN_POINT('Ctrl Pts',(-16.9383728641048,206.307471533208,1.18610418819434E-14));
#3483=CARTESIAN_POINT('Ctrl Pts',(-17.1738440845113,206.161709199397,1.18448590120314E-14));
#3484=CARTESIAN_POINT('Ctrl Pts',(-17.5236081309058,206.083142959079,1.18361364071354E-14));
#3485=CARTESIAN_POINT('Ctrl Pts',(-17.9226737985576,206.104761256891,1.18385365203339E-14));
#3486=CARTESIAN_POINT('Ctrl Pts',(-18.3587194470463,206.21928608458,1.1851251330393E-14));
#3487=CARTESIAN_POINT('Ctrl Pts',(-18.810452429515,206.413838999812,1.18728510429929E-14));
#3488=CARTESIAN_POINT('Ctrl Pts',(-19.2472241515821,206.669582252396,1.1901244247734E-14));
#3489=CARTESIAN_POINT('Ctrl Pts',(-19.6352045691752,206.965251196724,1.19340700947E-14));
#3490=CARTESIAN_POINT('Ctrl Pts',(-19.9422293275529,207.279897909724,1.19690028972395E-14));
#3491=CARTESIAN_POINT('Ctrl Pts',(-20.1433779081779,207.596051997031,1.20041030519452E-14));
#3492=CARTESIAN_POINT('Ctrl Pts',(-20.2258024245335,207.902458029305,1.20381209551367E-14));
#3493=CARTESIAN_POINT('Ctrl Pts',(-20.1951542587816,208.197685050706,1.20708977388017E-14));
#3494=CARTESIAN_POINT('Ctrl Pts',(-20.0713485468899,208.487913148523,1.21031195304608E-14));
#3495=CARTESIAN_POINT('Ctrl Pts',(-19.8818058320414,208.783341097213,1.21359186215361E-14));
#3496=CARTESIAN_POINT('Ctrl Pts',(-19.6559602952562,209.095282704413,1.21705510970012E-14));
#3497=CARTESIAN_POINT('Ctrl Pts',(-19.4184186829465,209.432524073657,1.22079924103004E-14));
#3498=CARTESIAN_POINT('Ctrl Pts',(-19.1856022718457,209.799583684971,1.22487442134894E-14));
#3499=CARTESIAN_POINT('Ctrl Pts',(-18.9677810236728,210.197923899436,1.22929688612628E-14));
#3500=CARTESIAN_POINT('Ctrl Pts',(-18.7698479158648,210.626467558878,1.23405467650397E-14));
#3501=CARTESIAN_POINT('Ctrl Pts',(-18.5925805571951,211.082393473262,1.23911647098069E-14));
#3502=CARTESIAN_POINT('Ctrl Pts',(-18.4336608442088,211.561771508154,1.24443863629906E-14));
#3503=CARTESIAN_POINT('Ctrl Pts',(-18.2888158944085,212.060338987761,1.24997384725095E-14));
#3504=CARTESIAN_POINT('Ctrl Pts',(-18.1526136927327,212.573508181785,1.25567116979829E-14));
#3505=CARTESIAN_POINT('Ctrl Pts',(-18.0192237733454,213.096227744365,1.26147452273628E-14));
#3506=CARTESIAN_POINT('Ctrl Pts',(-17.8831638992565,213.622900097582,1.26732176046603E-14));
#3507=CARTESIAN_POINT('Ctrl Pts',(-17.7401011909126,214.147252248701,1.27314323877787E-14));
#3508=CARTESIAN_POINT('Ctrl Pts',(-17.5875216275869,214.662270165811,1.27886108627457E-14));
#3509=CARTESIAN_POINT('Ctrl Pts',(-17.4257417812106,215.15998690178,1.28438685207471E-14));
#3510=CARTESIAN_POINT('Ctrl Pts',(-17.2576588925996,215.631799686626,1.2896250262452E-14));
#3511=CARTESIAN_POINT('Ctrl Pts',(-17.0873060819335,216.069290241094,1.29448214711145E-14));
#3512=CARTESIAN_POINT('Ctrl Pts',(-16.9187644377151,216.464893845587,1.29887422941479E-14));
#3513=CARTESIAN_POINT('Ctrl Pts',(-16.7548848452063,216.812665868348,1.30273527448468E-14));
#3514=CARTESIAN_POINT('Ctrl Pts',(-16.5961946792728,217.108944222141,1.30602462498547E-14));
#3515=CARTESIAN_POINT('Ctrl Pts',(-16.439434028683,217.353256120633,1.30873703193443E-14));
#3516=CARTESIAN_POINT('Ctrl Pts',(-16.2787030628332,217.547501360643,1.31089358731325E-14));
#3517=CARTESIAN_POINT('Ctrl Pts',(-16.1071966292524,217.694753410419,1.3125284134741E-14));
#3518=CARTESIAN_POINT('Ctrl Pts',(-15.9186171527723,217.798270323841,1.31367768208129E-14));
#3519=CARTESIAN_POINT('Ctrl Pts',(-15.7090074102758,217.860252003507,1.31436581696E-14));
#3520=CARTESIAN_POINT('Ctrl Pts',(-15.5230113243932,217.877530849109,1.31455765068226E-14));
#3521=CARTESIAN_POINT('Ctrl Pts',(-15.372948781332,217.872533485479,1.31450216880062E-14));
#3522=CARTESIAN_POINT('Ctrl Pts',(-15.2682173736834,217.861228596736,1.31437665932289E-14));
#3523=CARTESIAN_POINT('Ctrl Pts',(-15.2146791680082,217.853582868079,1.31429177468293E-14));
#3524=CARTESIAN_POINT('',(-16.6567824106828,206.656765008289,-0.999999999999988));
#3525=CARTESIAN_POINT('',(-16.6567824106828,206.656765008289,1.1899821247782E-14));
#3526=CARTESIAN_POINT('',(-15.2146791680082,217.853582868079,-0.999999999999987));
#3527=CARTESIAN_POINT('Ctrl Pts',(-16.6567824106828,206.656765008289,-0.999999999999988));
#3528=CARTESIAN_POINT('Ctrl Pts',(-16.6984655206395,206.588975086707,-0.999999999999988));
#3529=CARTESIAN_POINT('Ctrl Pts',(-16.7875573863011,206.463839900922,-0.999999999999988));
#3530=CARTESIAN_POINT('Ctrl Pts',(-16.9383728641048,206.307471533208,-0.999999999999988));
#3531=CARTESIAN_POINT('Ctrl Pts',(-17.1738440845113,206.161709199397,-0.999999999999988));
#3532=CARTESIAN_POINT('Ctrl Pts',(-17.5236081309058,206.083142959079,-0.999999999999988));
#3533=CARTESIAN_POINT('Ctrl Pts',(-17.9226737985576,206.104761256891,-0.999999999999988));
#3534=CARTESIAN_POINT('Ctrl Pts',(-18.3587194470463,206.21928608458,-0.999999999999988));
#3535=CARTESIAN_POINT('Ctrl Pts',(-18.810452429515,206.413838999812,-0.999999999999988));
#3536=CARTESIAN_POINT('Ctrl Pts',(-19.2472241515821,206.669582252396,-0.999999999999988));
#3537=CARTESIAN_POINT('Ctrl Pts',(-19.6352045691752,206.965251196724,-0.999999999999988));
#3538=CARTESIAN_POINT('Ctrl Pts',(-19.9422293275529,207.279897909724,-0.999999999999988));
#3539=CARTESIAN_POINT('Ctrl Pts',(-20.1433779081779,207.596051997031,-0.999999999999988));
#3540=CARTESIAN_POINT('Ctrl Pts',(-20.2258024245335,207.902458029305,-0.999999999999988));
#3541=CARTESIAN_POINT('Ctrl Pts',(-20.1951542587816,208.197685050706,-0.999999999999988));
#3542=CARTESIAN_POINT('Ctrl Pts',(-20.0713485468899,208.487913148523,-0.999999999999988));
#3543=CARTESIAN_POINT('Ctrl Pts',(-19.8818058320414,208.783341097213,-0.999999999999988));
#3544=CARTESIAN_POINT('Ctrl Pts',(-19.6559602952562,209.095282704413,-0.999999999999988));
#3545=CARTESIAN_POINT('Ctrl Pts',(-19.4184186829465,209.432524073657,-0.999999999999988));
#3546=CARTESIAN_POINT('Ctrl Pts',(-19.1856022718457,209.799583684971,-0.999999999999988));
#3547=CARTESIAN_POINT('Ctrl Pts',(-18.9677810236728,210.197923899436,-0.999999999999988));
#3548=CARTESIAN_POINT('Ctrl Pts',(-18.7698479158648,210.626467558878,-0.999999999999988));
#3549=CARTESIAN_POINT('Ctrl Pts',(-18.5925805571951,211.082393473262,-0.999999999999988));
#3550=CARTESIAN_POINT('Ctrl Pts',(-18.4336608442088,211.561771508154,-0.999999999999988));
#3551=CARTESIAN_POINT('Ctrl Pts',(-18.2888158944085,212.060338987761,-0.999999999999988));
#3552=CARTESIAN_POINT('Ctrl Pts',(-18.1526136927327,212.573508181785,-0.999999999999988));
#3553=CARTESIAN_POINT('Ctrl Pts',(-18.0192237733454,213.096227744365,-0.999999999999987));
#3554=CARTESIAN_POINT('Ctrl Pts',(-17.8831638992565,213.622900097582,-0.999999999999987));
#3555=CARTESIAN_POINT('Ctrl Pts',(-17.7401011909126,214.147252248701,-0.999999999999987));
#3556=CARTESIAN_POINT('Ctrl Pts',(-17.5875216275869,214.662270165811,-0.999999999999987));
#3557=CARTESIAN_POINT('Ctrl Pts',(-17.4257417812106,215.15998690178,-0.999999999999987));
#3558=CARTESIAN_POINT('Ctrl Pts',(-17.2576588925996,215.631799686626,-0.999999999999987));
#3559=CARTESIAN_POINT('Ctrl Pts',(-17.0873060819335,216.069290241094,-0.999999999999987));
#3560=CARTESIAN_POINT('Ctrl Pts',(-16.9187644377151,216.464893845587,-0.999999999999987));
#3561=CARTESIAN_POINT('Ctrl Pts',(-16.7548848452063,216.812665868348,-0.999999999999987));
#3562=CARTESIAN_POINT('Ctrl Pts',(-16.5961946792728,217.108944222141,-0.999999999999987));
#3563=CARTESIAN_POINT('Ctrl Pts',(-16.439434028683,217.353256120633,-0.999999999999987));
#3564=CARTESIAN_POINT('Ctrl Pts',(-16.2787030628332,217.547501360643,-0.999999999999987));
#3565=CARTESIAN_POINT('Ctrl Pts',(-16.1071966292524,217.694753410419,-0.999999999999987));
#3566=CARTESIAN_POINT('Ctrl Pts',(-15.9186171527723,217.798270323841,-0.999999999999987));
#3567=CARTESIAN_POINT('Ctrl Pts',(-15.7090074102758,217.860252003507,-0.999999999999987));
#3568=CARTESIAN_POINT('Ctrl Pts',(-15.5230113243932,217.877530849109,-0.999999999999987));
#3569=CARTESIAN_POINT('Ctrl Pts',(-15.372948781332,217.872533485479,-0.999999999999987));
#3570=CARTESIAN_POINT('Ctrl Pts',(-15.2682173736834,217.861228596736,-0.999999999999987));
#3571=CARTESIAN_POINT('Ctrl Pts',(-15.2146791680082,217.853582868079,-0.999999999999987));
#3572=CARTESIAN_POINT('',(-15.2146791680082,217.853582868079,1.31429177468293E-14));
#3573=CARTESIAN_POINT('Ctrl Pts',(-15.9533174142561,210.947901486491,1.23762330997729E-14));
#3574=CARTESIAN_POINT('Ctrl Pts',(-15.9533174142561,210.947901486491,-0.999999999999988));
#3575=CARTESIAN_POINT('Ctrl Pts',(-15.9698686314012,210.84377556114,1.23646727997944E-14));
#3576=CARTESIAN_POINT('Ctrl Pts',(-15.9698686314012,210.84377556114,-0.999999999999988));
#3577=CARTESIAN_POINT('Ctrl Pts',(-16.0027582259247,210.637093322801,1.23417264618158E-14));
#3578=CARTESIAN_POINT('Ctrl Pts',(-16.0027582259247,210.637093322801,-0.999999999999988));
#3579=CARTESIAN_POINT('Ctrl Pts',(-16.0514541337963,210.331778541408,1.23078297118097E-14));
#3580=CARTESIAN_POINT('Ctrl Pts',(-16.0514541337963,210.331778541408,-0.999999999999988));
#3581=CARTESIAN_POINT('Ctrl Pts',(-16.1150837285597,209.934266505309,1.22636970103056E-14));
#3582=CARTESIAN_POINT('Ctrl Pts',(-16.1150837285597,209.934266505309,-0.999999999999988));
#3583=CARTESIAN_POINT('Ctrl Pts',(-16.1923066609879,209.454441780455,1.22104257645738E-14));
#3584=CARTESIAN_POINT('Ctrl Pts',(-16.1923066609879,209.454441780455,-0.999999999999988));
#3585=CARTESIAN_POINT('Ctrl Pts',(-16.2669960682279,208.993300840607,1.21592288356721E-14));
#3586=CARTESIAN_POINT('Ctrl Pts',(-16.2669960682279,208.993300840607,-0.999999999999988));
#3587=CARTESIAN_POINT('Ctrl Pts',(-16.3389245416962,208.552520737574,1.21102924137537E-14));
#3588=CARTESIAN_POINT('Ctrl Pts',(-16.3389245416962,208.552520737574,-0.999999999999988));
#3589=CARTESIAN_POINT('Ctrl Pts',(-16.4079326585202,208.13327715438,1.20637470258549E-14));
#3590=CARTESIAN_POINT('Ctrl Pts',(-16.4079326585202,208.13327715438,-0.999999999999988));
#3591=CARTESIAN_POINT('Ctrl Pts',(-16.474085101263,207.735093081645,1.20195397132959E-14));
#3592=CARTESIAN_POINT('Ctrl Pts',(-16.474085101263,207.735093081645,-0.999999999999988));
#3593=CARTESIAN_POINT('Ctrl Pts',(-16.5375766972003,207.3565317422,1.19775109617675E-14));
#3594=CARTESIAN_POINT('Ctrl Pts',(-16.5375766972003,207.3565317422,-0.999999999999988));
#3595=CARTESIAN_POINT('Ctrl Pts',(-16.5864053357837,207.0681711299,1.19454965026505E-14));
#3596=CARTESIAN_POINT('Ctrl Pts',(-16.5864053357837,207.0681711299,-0.999999999999988));
#3597=CARTESIAN_POINT('Ctrl Pts',(-16.6219904022357,206.859543818534,1.1922334218186E-14));
#3598=CARTESIAN_POINT('Ctrl Pts',(-16.6219904022357,206.859543818534,-0.999999999999988));
#3599=CARTESIAN_POINT('Ctrl Pts',(-16.6452606037405,206.723800945867,1.19072637319197E-14));
#3600=CARTESIAN_POINT('Ctrl Pts',(-16.6452606037405,206.723800945867,-0.999999999999988));
#3601=CARTESIAN_POINT('Ctrl Pts',(-16.6567824106828,206.656765008289,1.1899821247782E-14));
#3602=CARTESIAN_POINT('Ctrl Pts',(-16.6567824106828,206.656765008289,-0.999999999999988));
#3603=CARTESIAN_POINT('',(-15.9533174142561,210.947901486491,1.23762330997729E-14));
#3604=CARTESIAN_POINT('Ctrl Pts',(-15.9533174142561,210.947901486491,1.23762330997729E-14));
#3605=CARTESIAN_POINT('Ctrl Pts',(-15.9698686314012,210.84377556114,1.23646727997944E-14));
#3606=CARTESIAN_POINT('Ctrl Pts',(-16.0027582259247,210.637093322801,1.23417264618158E-14));
#3607=CARTESIAN_POINT('Ctrl Pts',(-16.0514541337963,210.331778541408,1.23078297118097E-14));
#3608=CARTESIAN_POINT('Ctrl Pts',(-16.1150837285597,209.934266505309,1.22636970103056E-14));
#3609=CARTESIAN_POINT('Ctrl Pts',(-16.1923066609879,209.454441780455,1.22104257645738E-14));
#3610=CARTESIAN_POINT('Ctrl Pts',(-16.2669960682279,208.993300840607,1.21592288356721E-14));
#3611=CARTESIAN_POINT('Ctrl Pts',(-16.3389245416962,208.552520737574,1.21102924137537E-14));
#3612=CARTESIAN_POINT('Ctrl Pts',(-16.4079326585202,208.13327715438,1.20637470258549E-14));
#3613=CARTESIAN_POINT('Ctrl Pts',(-16.474085101263,207.735093081645,1.20195397132959E-14));
#3614=CARTESIAN_POINT('Ctrl Pts',(-16.5375766972003,207.3565317422,1.19775109617675E-14));
#3615=CARTESIAN_POINT('Ctrl Pts',(-16.5864053357837,207.0681711299,1.19454965026505E-14));
#3616=CARTESIAN_POINT('Ctrl Pts',(-16.6219904022357,206.859543818534,1.1922334218186E-14));
#3617=CARTESIAN_POINT('Ctrl Pts',(-16.6452606037405,206.723800945867,1.19072637319197E-14));
#3618=CARTESIAN_POINT('Ctrl Pts',(-16.6567824106828,206.656765008289,1.1899821247782E-14));
#3619=CARTESIAN_POINT('',(-15.9533174142561,210.947901486491,-0.999999999999988));
#3620=CARTESIAN_POINT('',(-15.9533174142561,210.947901486491,1.23762330997729E-14));
#3621=CARTESIAN_POINT('Ctrl Pts',(-15.9533174142561,210.947901486491,-0.999999999999988));
#3622=CARTESIAN_POINT('Ctrl Pts',(-15.9698686314012,210.84377556114,-0.999999999999988));
#3623=CARTESIAN_POINT('Ctrl Pts',(-16.0027582259247,210.637093322801,-0.999999999999988));
#3624=CARTESIAN_POINT('Ctrl Pts',(-16.0514541337963,210.331778541408,-0.999999999999988));
#3625=CARTESIAN_POINT('Ctrl Pts',(-16.1150837285597,209.934266505309,-0.999999999999988));
#3626=CARTESIAN_POINT('Ctrl Pts',(-16.1923066609879,209.454441780455,-0.999999999999988));
#3627=CARTESIAN_POINT('Ctrl Pts',(-16.2669960682279,208.993300840607,-0.999999999999988));
#3628=CARTESIAN_POINT('Ctrl Pts',(-16.3389245416962,208.552520737574,-0.999999999999988));
#3629=CARTESIAN_POINT('Ctrl Pts',(-16.4079326585202,208.13327715438,-0.999999999999988));
#3630=CARTESIAN_POINT('Ctrl Pts',(-16.474085101263,207.735093081645,-0.999999999999988));
#3631=CARTESIAN_POINT('Ctrl Pts',(-16.5375766972003,207.3565317422,-0.999999999999988));
#3632=CARTESIAN_POINT('Ctrl Pts',(-16.5864053357837,207.0681711299,-0.999999999999988));
#3633=CARTESIAN_POINT('Ctrl Pts',(-16.6219904022357,206.859543818534,-0.999999999999988));
#3634=CARTESIAN_POINT('Ctrl Pts',(-16.6452606037405,206.723800945867,-0.999999999999988));
#3635=CARTESIAN_POINT('Ctrl Pts',(-16.6567824106828,206.656765008289,-0.999999999999988));
#3636=CARTESIAN_POINT('Ctrl Pts',(-15.4374430835433,211.088253732211,1.23918153292485E-14));
#3637=CARTESIAN_POINT('Ctrl Pts',(-15.4374430835433,211.088253732211,-0.999999999999988));
#3638=CARTESIAN_POINT('Ctrl Pts',(-15.4570721271348,211.090844638539,1.23921029776345E-14));
#3639=CARTESIAN_POINT('Ctrl Pts',(-15.4570721271348,211.090844638539,-0.999999999999988));
#3640=CARTESIAN_POINT('Ctrl Pts',(-15.4955248953258,211.095559604171,1.2392626443975E-14));
#3641=CARTESIAN_POINT('Ctrl Pts',(-15.4955248953258,211.095559604171,-0.999999999999988));
#3642=CARTESIAN_POINT('Ctrl Pts',(-15.5507882002607,211.101231575094,1.23932561592463E-14));
#3643=CARTESIAN_POINT('Ctrl Pts',(-15.5507882002607,211.101231575094,-0.999999999999988));
#3644=CARTESIAN_POINT('Ctrl Pts',(-15.6195604735374,211.105946617326,1.23937796340911E-14));
#3645=CARTESIAN_POINT('Ctrl Pts',(-15.6195604735374,211.105946617326,-0.999999999999988));
#3646=CARTESIAN_POINT('Ctrl Pts',(-15.6967764751868,211.106768388588,1.23938708690288E-14));
#3647=CARTESIAN_POINT('Ctrl Pts',(-15.6967764751868,211.106768388588,-0.999999999999988));
#3648=CARTESIAN_POINT('Ctrl Pts',(-15.7644352037927,211.102049765899,1.23933469966734E-14));
#3649=CARTESIAN_POINT('Ctrl Pts',(-15.7644352037927,211.102049765899,-0.999999999999988));
#3650=CARTESIAN_POINT('Ctrl Pts',(-15.8217151655618,211.09131452564,1.23921551455823E-14));
#3651=CARTESIAN_POINT('Ctrl Pts',(-15.8217151655618,211.09131452564,-0.999999999999988));
#3652=CARTESIAN_POINT('Ctrl Pts',(-15.8680944738338,211.074260127787,1.23902617270656E-14));
#3653=CARTESIAN_POINT('Ctrl Pts',(-15.8680944738338,211.074260127787,-0.999999999999988));
#3654=CARTESIAN_POINT('Ctrl Pts',(-15.9039062441615,211.051079680927,1.23876881804831E-14));
#3655=CARTESIAN_POINT('Ctrl Pts',(-15.9039062441615,211.051079680927,-0.999999999999988));
#3656=CARTESIAN_POINT('Ctrl Pts',(-15.9299078076948,211.022212213324,1.23844832477636E-14));
#3657=CARTESIAN_POINT('Ctrl Pts',(-15.9299078076948,211.022212213324,-0.999999999999988));
#3658=CARTESIAN_POINT('Ctrl Pts',(-15.9434842464832,210.99492998341,1.23814543117822E-14));
#3659=CARTESIAN_POINT('Ctrl Pts',(-15.9434842464832,210.99492998341,-0.999999999999988));
#3660=CARTESIAN_POINT('Ctrl Pts',(-15.94985791991,210.972260416267,1.23789374842422E-14));
#3661=CARTESIAN_POINT('Ctrl Pts',(-15.94985791991,210.972260416267,-0.999999999999988));
#3662=CARTESIAN_POINT('Ctrl Pts',(-15.9524417935692,210.956182023302,1.23771524240352E-14));
#3663=CARTESIAN_POINT('Ctrl Pts',(-15.9524417935692,210.956182023302,-0.999999999999988));
#3664=CARTESIAN_POINT('Ctrl Pts',(-15.9533174142561,210.947901486491,1.23762330997729E-14));
#3665=CARTESIAN_POINT('Ctrl Pts',(-15.9533174142561,210.947901486491,-0.999999999999988));
#3666=CARTESIAN_POINT('',(-15.4374430835433,211.088253732211,1.23918153292485E-14));
#3667=CARTESIAN_POINT('Ctrl Pts',(-15.4374430835433,211.088253732211,1.23918153292485E-14));
#3668=CARTESIAN_POINT('Ctrl Pts',(-15.4570721271348,211.090844638539,1.23921029776345E-14));
#3669=CARTESIAN_POINT('Ctrl Pts',(-15.4955248953258,211.095559604171,1.2392626443975E-14));
#3670=CARTESIAN_POINT('Ctrl Pts',(-15.5507882002607,211.101231575094,1.23932561592463E-14));
#3671=CARTESIAN_POINT('Ctrl Pts',(-15.6195604735374,211.105946617326,1.23937796340911E-14));
#3672=CARTESIAN_POINT('Ctrl Pts',(-15.6967764751868,211.106768388588,1.23938708690288E-14));
#3673=CARTESIAN_POINT('Ctrl Pts',(-15.7644352037927,211.102049765899,1.23933469966734E-14));
#3674=CARTESIAN_POINT('Ctrl Pts',(-15.8217151655618,211.09131452564,1.23921551455823E-14));
#3675=CARTESIAN_POINT('Ctrl Pts',(-15.8680944738338,211.074260127787,1.23902617270656E-14));
#3676=CARTESIAN_POINT('Ctrl Pts',(-15.9039062441615,211.051079680927,1.23876881804831E-14));
#3677=CARTESIAN_POINT('Ctrl Pts',(-15.9299078076948,211.022212213324,1.23844832477636E-14));
#3678=CARTESIAN_POINT('Ctrl Pts',(-15.9434842464832,210.99492998341,1.23814543117822E-14));
#3679=CARTESIAN_POINT('Ctrl Pts',(-15.94985791991,210.972260416267,1.23789374842422E-14));
#3680=CARTESIAN_POINT('Ctrl Pts',(-15.9524417935692,210.956182023302,1.23771524240352E-14));
#3681=CARTESIAN_POINT('Ctrl Pts',(-15.9533174142561,210.947901486491,1.23762330997729E-14));
#3682=CARTESIAN_POINT('',(-15.4374430835433,211.088253732211,-0.999999999999988));
#3683=CARTESIAN_POINT('',(-15.4374430835433,211.088253732211,1.23918153292485E-14));
#3684=CARTESIAN_POINT('Ctrl Pts',(-15.4374430835433,211.088253732211,-0.999999999999988));
#3685=CARTESIAN_POINT('Ctrl Pts',(-15.4570721271348,211.090844638539,-0.999999999999988));
#3686=CARTESIAN_POINT('Ctrl Pts',(-15.4955248953258,211.095559604171,-0.999999999999988));
#3687=CARTESIAN_POINT('Ctrl Pts',(-15.5507882002607,211.101231575094,-0.999999999999988));
#3688=CARTESIAN_POINT('Ctrl Pts',(-15.6195604735374,211.105946617326,-0.999999999999988));
#3689=CARTESIAN_POINT('Ctrl Pts',(-15.6967764751868,211.106768388588,-0.999999999999988));
#3690=CARTESIAN_POINT('Ctrl Pts',(-15.7644352037927,211.102049765899,-0.999999999999988));
#3691=CARTESIAN_POINT('Ctrl Pts',(-15.8217151655618,211.09131452564,-0.999999999999988));
#3692=CARTESIAN_POINT('Ctrl Pts',(-15.8680944738338,211.074260127787,-0.999999999999988));
#3693=CARTESIAN_POINT('Ctrl Pts',(-15.9039062441615,211.051079680927,-0.999999999999988));
#3694=CARTESIAN_POINT('Ctrl Pts',(-15.9299078076948,211.022212213324,-0.999999999999988));
#3695=CARTESIAN_POINT('Ctrl Pts',(-15.9434842464832,210.99492998341,-0.999999999999988));
#3696=CARTESIAN_POINT('Ctrl Pts',(-15.94985791991,210.972260416267,-0.999999999999988));
#3697=CARTESIAN_POINT('Ctrl Pts',(-15.9524417935692,210.956182023302,-0.999999999999988));
#3698=CARTESIAN_POINT('Ctrl Pts',(-15.9533174142561,210.947901486491,-0.999999999999988));
#3699=CARTESIAN_POINT('Ctrl Pts',(-11.4276926039114,207.758860169357,1.20221783900966E-14));
#3700=CARTESIAN_POINT('Ctrl Pts',(-11.4276926039114,207.758860169357,-0.999999999999988));
#3701=CARTESIAN_POINT('Ctrl Pts',(-11.4313827219269,207.735922343977,1.20196317799094E-14));
#3702=CARTESIAN_POINT('Ctrl Pts',(-11.4313827219269,207.735922343977,-0.999999999999988));
#3703=CARTESIAN_POINT('Ctrl Pts',(-11.4445659922912,207.689108628356,1.20144344134143E-14));
#3704=CARTESIAN_POINT('Ctrl Pts',(-11.4445659922912,207.689108628356,-0.999999999999988));
#3705=CARTESIAN_POINT('Ctrl Pts',(-11.4817505156603,207.61607345771,1.20063258806085E-14));
#3706=CARTESIAN_POINT('Ctrl Pts',(-11.4817505156603,207.61607345771,-0.999999999999988));
#3707=CARTESIAN_POINT('Ctrl Pts',(-11.5662077146561,207.513057321861,1.19948887920157E-14));
#3708=CARTESIAN_POINT('Ctrl Pts',(-11.5662077146561,207.513057321861,-0.999999999999988));
#3709=CARTESIAN_POINT('Ctrl Pts',(-11.7292544224765,207.375574365766,1.19796251176807E-14));
#3710=CARTESIAN_POINT('Ctrl Pts',(-11.7292544224765,207.375574365766,-0.999999999999988));
#3711=CARTESIAN_POINT('Ctrl Pts',(-11.9470842529025,207.23159233426,1.19636399010297E-14));
#3712=CARTESIAN_POINT('Ctrl Pts',(-11.9470842529025,207.23159233426,-0.999999999999988));
#3713=CARTESIAN_POINT('Ctrl Pts',(-12.2139560359432,207.085514357353,1.19474219876945E-14));
#3714=CARTESIAN_POINT('Ctrl Pts',(-12.2139560359432,207.085514357353,-0.999999999999988));
#3715=CARTESIAN_POINT('Ctrl Pts',(-12.5194653400326,206.945049196996,1.19318272221758E-14));
#3716=CARTESIAN_POINT('Ctrl Pts',(-12.5194653400326,206.945049196996,-0.999999999999988));
#3717=CARTESIAN_POINT('Ctrl Pts',(-12.8493005623332,206.820485051475,1.19179978239358E-14));
#3718=CARTESIAN_POINT('Ctrl Pts',(-12.8493005623332,206.820485051475,-0.999999999999988));
#3719=CARTESIAN_POINT('Ctrl Pts',(-13.187571461138,206.722737008523,1.1907145611146E-14));
#3720=CARTESIAN_POINT('Ctrl Pts',(-13.187571461138,206.722737008523,-0.999999999999988));
#3721=CARTESIAN_POINT('Ctrl Pts',(-13.5186421983849,206.66177138668,1.1900377067438E-14));
#3722=CARTESIAN_POINT('Ctrl Pts',(-13.5186421983849,206.66177138668,-0.999999999999988));
#3723=CARTESIAN_POINT('Ctrl Pts',(-13.8291778047535,206.644851490625,1.18984985816206E-14));
#3724=CARTESIAN_POINT('Ctrl Pts',(-13.8291778047535,206.644851490625,-0.999999999999988));
#3725=CARTESIAN_POINT('Ctrl Pts',(-14.1100801631534,206.674868826772,1.19018311753934E-14));
#3726=CARTESIAN_POINT('Ctrl Pts',(-14.1100801631534,206.674868826772,-0.999999999999988));
#3727=CARTESIAN_POINT('Ctrl Pts',(-14.3585934114027,206.748506385226,1.19100065866807E-14));
#3728=CARTESIAN_POINT('Ctrl Pts',(-14.3585934114027,206.748506385226,-0.999999999999988));
#3729=CARTESIAN_POINT('Ctrl Pts',(-14.5763679916757,206.858611602389,1.19222307214032E-14));
#3730=CARTESIAN_POINT('Ctrl Pts',(-14.5763679916757,206.858611602389,-0.999999999999988));
#3731=CARTESIAN_POINT('Ctrl Pts',(-14.7674087307274,206.996707721904,1.19375624705529E-14));
#3732=CARTESIAN_POINT('Ctrl Pts',(-14.7674087307274,206.996707721904,-0.999999999999988));
#3733=CARTESIAN_POINT('Ctrl Pts',(-14.9361525022771,207.155344556973,1.19551746972376E-14));
#3734=CARTESIAN_POINT('Ctrl Pts',(-14.9361525022771,207.155344556973,-0.999999999999988));
#3735=CARTESIAN_POINT('Ctrl Pts',(-15.0853673471116,207.33071507196,1.19746447355955E-14));
#3736=CARTESIAN_POINT('Ctrl Pts',(-15.0853673471116,207.33071507196,-0.999999999999988));
#3737=CARTESIAN_POINT('Ctrl Pts',(-15.2145261058009,207.524587114774,1.19961688561719E-14));
#3738=CARTESIAN_POINT('Ctrl Pts',(-15.2145261058009,207.524587114774,-0.999999999999988));
#3739=CARTESIAN_POINT('Ctrl Pts',(-15.3213893400248,207.741560063832,1.20202576925483E-14));
#3740=CARTESIAN_POINT('Ctrl Pts',(-15.3213893400248,207.741560063832,-0.999999999999988));
#3741=CARTESIAN_POINT('Ctrl Pts',(-15.4032980013255,207.986732161431,1.20474772633234E-14));
#3742=CARTESIAN_POINT('Ctrl Pts',(-15.4032980013255,207.986732161431,-0.999999999999988));
#3743=CARTESIAN_POINT('Ctrl Pts',(-15.4584807364265,208.263387238544,1.20781921469724E-14));
#3744=CARTESIAN_POINT('Ctrl Pts',(-15.4584807364265,208.263387238544,-0.999999999999988));
#3745=CARTESIAN_POINT('Ctrl Pts',(-15.4875907565909,208.570248213537,1.2112260558952E-14));
#3746=CARTESIAN_POINT('Ctrl Pts',(-15.4875907565909,208.570248213537,-0.999999999999988));
#3747=CARTESIAN_POINT('Ctrl Pts',(-15.4944209251145,208.90022879598,1.21488957629827E-14));
#3748=CARTESIAN_POINT('Ctrl Pts',(-15.4944209251145,208.90022879598,-0.999999999999988));
#3749=CARTESIAN_POINT('Ctrl Pts',(-15.4846559432886,209.242739896121,1.21869221339394E-14));
#3750=CARTESIAN_POINT('Ctrl Pts',(-15.4846559432886,209.242739896121,-0.999999999999988));
#3751=CARTESIAN_POINT('Ctrl Pts',(-15.465055000024,209.5852186169,1.22249449100647E-14));
#3752=CARTESIAN_POINT('Ctrl Pts',(-15.465055000024,209.5852186169,-0.999999999999988));
#3753=CARTESIAN_POINT('Ctrl Pts',(-15.4424446623905,209.915006219137,1.22615586889886E-14));
#3754=CARTESIAN_POINT('Ctrl Pts',(-15.4424446623905,209.915006219137,-0.999999999999988));
#3755=CARTESIAN_POINT('Ctrl Pts',(-15.4228721833845,210.220930871297,1.22955231482515E-14));
#3756=CARTESIAN_POINT('Ctrl Pts',(-15.4228721833845,210.220930871297,-0.999999999999988));
#3757=CARTESIAN_POINT('Ctrl Pts',(-15.4104976783971,210.495386213537,1.23259938122701E-14));
#3758=CARTESIAN_POINT('Ctrl Pts',(-15.4104976783971,210.495386213537,-0.999999999999988));
#3759=CARTESIAN_POINT('Ctrl Pts',(-15.4077037202622,210.734103306654,1.23524967335851E-14));
#3760=CARTESIAN_POINT('Ctrl Pts',(-15.4077037202622,210.734103306654,-0.999999999999988));
#3761=CARTESIAN_POINT('Ctrl Pts',(-15.4140619927733,210.894882278209,1.23703467851947E-14));
#3762=CARTESIAN_POINT('Ctrl Pts',(-15.4140619927733,210.894882278209,-0.999999999999988));
#3763=CARTESIAN_POINT('Ctrl Pts',(-15.4238167032641,210.998251331151,1.23818230554557E-14));
#3764=CARTESIAN_POINT('Ctrl Pts',(-15.4238167032641,210.998251331151,-0.999999999999988));
#3765=CARTESIAN_POINT('Ctrl Pts',(-15.432532239557,211.059525921384,1.23886259015458E-14));
#3766=CARTESIAN_POINT('Ctrl Pts',(-15.432532239557,211.059525921384,-0.999999999999988));
#3767=CARTESIAN_POINT('Ctrl Pts',(-15.4374430835433,211.088253732211,1.23918153292485E-14));
#3768=CARTESIAN_POINT('Ctrl Pts',(-15.4374430835433,211.088253732211,-0.999999999999988));
#3769=CARTESIAN_POINT('',(-11.4276926039114,207.758860169357,1.20221783900966E-14));
#3770=CARTESIAN_POINT('Ctrl Pts',(-11.4276926039114,207.758860169357,1.20221783900966E-14));
#3771=CARTESIAN_POINT('Ctrl Pts',(-11.4313827219269,207.735922343977,1.20196317799094E-14));
#3772=CARTESIAN_POINT('Ctrl Pts',(-11.4445659922912,207.689108628356,1.20144344134143E-14));
#3773=CARTESIAN_POINT('Ctrl Pts',(-11.4817505156603,207.61607345771,1.20063258806085E-14));
#3774=CARTESIAN_POINT('Ctrl Pts',(-11.5662077146561,207.513057321861,1.19948887920157E-14));
#3775=CARTESIAN_POINT('Ctrl Pts',(-11.7292544224765,207.375574365766,1.19796251176807E-14));
#3776=CARTESIAN_POINT('Ctrl Pts',(-11.9470842529025,207.23159233426,1.19636399010297E-14));
#3777=CARTESIAN_POINT('Ctrl Pts',(-12.2139560359432,207.085514357353,1.19474219876945E-14));
#3778=CARTESIAN_POINT('Ctrl Pts',(-12.5194653400326,206.945049196996,1.19318272221758E-14));
#3779=CARTESIAN_POINT('Ctrl Pts',(-12.8493005623332,206.820485051475,1.19179978239358E-14));
#3780=CARTESIAN_POINT('Ctrl Pts',(-13.187571461138,206.722737008523,1.1907145611146E-14));
#3781=CARTESIAN_POINT('Ctrl Pts',(-13.5186421983849,206.66177138668,1.1900377067438E-14));
#3782=CARTESIAN_POINT('Ctrl Pts',(-13.8291778047535,206.644851490625,1.18984985816206E-14));
#3783=CARTESIAN_POINT('Ctrl Pts',(-14.1100801631534,206.674868826772,1.19018311753934E-14));
#3784=CARTESIAN_POINT('Ctrl Pts',(-14.3585934114027,206.748506385226,1.19100065866807E-14));
#3785=CARTESIAN_POINT('Ctrl Pts',(-14.5763679916757,206.858611602389,1.19222307214032E-14));
#3786=CARTESIAN_POINT('Ctrl Pts',(-14.7674087307274,206.996707721904,1.19375624705529E-14));
#3787=CARTESIAN_POINT('Ctrl Pts',(-14.9361525022771,207.155344556973,1.19551746972376E-14));
#3788=CARTESIAN_POINT('Ctrl Pts',(-15.0853673471116,207.33071507196,1.19746447355955E-14));
#3789=CARTESIAN_POINT('Ctrl Pts',(-15.2145261058009,207.524587114774,1.19961688561719E-14));
#3790=CARTESIAN_POINT('Ctrl Pts',(-15.3213893400248,207.741560063832,1.20202576925483E-14));
#3791=CARTESIAN_POINT('Ctrl Pts',(-15.4032980013255,207.986732161431,1.20474772633234E-14));
#3792=CARTESIAN_POINT('Ctrl Pts',(-15.4584807364265,208.263387238544,1.20781921469724E-14));
#3793=CARTESIAN_POINT('Ctrl Pts',(-15.4875907565909,208.570248213537,1.2112260558952E-14));
#3794=CARTESIAN_POINT('Ctrl Pts',(-15.4944209251145,208.90022879598,1.21488957629827E-14));
#3795=CARTESIAN_POINT('Ctrl Pts',(-15.4846559432886,209.242739896121,1.21869221339394E-14));
#3796=CARTESIAN_POINT('Ctrl Pts',(-15.465055000024,209.5852186169,1.22249449100647E-14));
#3797=CARTESIAN_POINT('Ctrl Pts',(-15.4424446623905,209.915006219137,1.22615586889886E-14));
#3798=CARTESIAN_POINT('Ctrl Pts',(-15.4228721833845,210.220930871297,1.22955231482515E-14));
#3799=CARTESIAN_POINT('Ctrl Pts',(-15.4104976783971,210.495386213537,1.23259938122701E-14));
#3800=CARTESIAN_POINT('Ctrl Pts',(-15.4077037202622,210.734103306654,1.23524967335851E-14));
#3801=CARTESIAN_POINT('Ctrl Pts',(-15.4140619927733,210.894882278209,1.23703467851947E-14));
#3802=CARTESIAN_POINT('Ctrl Pts',(-15.4238167032641,210.998251331151,1.23818230554557E-14));
#3803=CARTESIAN_POINT('Ctrl Pts',(-15.432532239557,211.059525921384,1.23886259015458E-14));
#3804=CARTESIAN_POINT('Ctrl Pts',(-15.4374430835433,211.088253732211,1.23918153292485E-14));
#3805=CARTESIAN_POINT('',(-11.4276926039114,207.758860169357,-0.999999999999988));
#3806=CARTESIAN_POINT('',(-11.4276926039114,207.758860169357,1.20221783900966E-14));
#3807=CARTESIAN_POINT('Ctrl Pts',(-11.4276926039114,207.758860169357,-0.999999999999988));
#3808=CARTESIAN_POINT('Ctrl Pts',(-11.4313827219269,207.735922343977,-0.999999999999988));
#3809=CARTESIAN_POINT('Ctrl Pts',(-11.4445659922912,207.689108628356,-0.999999999999988));
#3810=CARTESIAN_POINT('Ctrl Pts',(-11.4817505156603,207.61607345771,-0.999999999999988));
#3811=CARTESIAN_POINT('Ctrl Pts',(-11.5662077146561,207.513057321861,-0.999999999999988));
#3812=CARTESIAN_POINT('Ctrl Pts',(-11.7292544224765,207.375574365766,-0.999999999999988));
#3813=CARTESIAN_POINT('Ctrl Pts',(-11.9470842529025,207.23159233426,-0.999999999999988));
#3814=CARTESIAN_POINT('Ctrl Pts',(-12.2139560359432,207.085514357353,-0.999999999999988));
#3815=CARTESIAN_POINT('Ctrl Pts',(-12.5194653400326,206.945049196996,-0.999999999999988));
#3816=CARTESIAN_POINT('Ctrl Pts',(-12.8493005623332,206.820485051475,-0.999999999999988));
#3817=CARTESIAN_POINT('Ctrl Pts',(-13.187571461138,206.722737008523,-0.999999999999988));
#3818=CARTESIAN_POINT('Ctrl Pts',(-13.5186421983849,206.66177138668,-0.999999999999988));
#3819=CARTESIAN_POINT('Ctrl Pts',(-13.8291778047535,206.644851490625,-0.999999999999988));
#3820=CARTESIAN_POINT('Ctrl Pts',(-14.1100801631534,206.674868826772,-0.999999999999988));
#3821=CARTESIAN_POINT('Ctrl Pts',(-14.3585934114027,206.748506385226,-0.999999999999988));
#3822=CARTESIAN_POINT('Ctrl Pts',(-14.5763679916757,206.858611602389,-0.999999999999988));
#3823=CARTESIAN_POINT('Ctrl Pts',(-14.7674087307274,206.996707721904,-0.999999999999988));
#3824=CARTESIAN_POINT('Ctrl Pts',(-14.9361525022771,207.155344556973,-0.999999999999988));
#3825=CARTESIAN_POINT('Ctrl Pts',(-15.0853673471116,207.33071507196,-0.999999999999988));
#3826=CARTESIAN_POINT('Ctrl Pts',(-15.2145261058009,207.524587114774,-0.999999999999988));
#3827=CARTESIAN_POINT('Ctrl Pts',(-15.3213893400248,207.741560063832,-0.999999999999988));
#3828=CARTESIAN_POINT('Ctrl Pts',(-15.4032980013255,207.986732161431,-0.999999999999988));
#3829=CARTESIAN_POINT('Ctrl Pts',(-15.4584807364265,208.263387238544,-0.999999999999988));
#3830=CARTESIAN_POINT('Ctrl Pts',(-15.4875907565909,208.570248213537,-0.999999999999988));
#3831=CARTESIAN_POINT('Ctrl Pts',(-15.4944209251145,208.90022879598,-0.999999999999988));
#3832=CARTESIAN_POINT('Ctrl Pts',(-15.4846559432886,209.242739896121,-0.999999999999988));
#3833=CARTESIAN_POINT('Ctrl Pts',(-15.465055000024,209.5852186169,-0.999999999999988));
#3834=CARTESIAN_POINT('Ctrl Pts',(-15.4424446623905,209.915006219137,-0.999999999999988));
#3835=CARTESIAN_POINT('Ctrl Pts',(-15.4228721833845,210.220930871297,-0.999999999999988));
#3836=CARTESIAN_POINT('Ctrl Pts',(-15.4104976783971,210.495386213537,-0.999999999999988));
#3837=CARTESIAN_POINT('Ctrl Pts',(-15.4077037202622,210.734103306654,-0.999999999999988));
#3838=CARTESIAN_POINT('Ctrl Pts',(-15.4140619927733,210.894882278209,-0.999999999999988));
#3839=CARTESIAN_POINT('Ctrl Pts',(-15.4238167032641,210.998251331151,-0.999999999999988));
#3840=CARTESIAN_POINT('Ctrl Pts',(-15.432532239557,211.059525921384,-0.999999999999988));
#3841=CARTESIAN_POINT('Ctrl Pts',(-15.4374430835433,211.088253732211,-0.999999999999988));
#3842=CARTESIAN_POINT('Ctrl Pts',(-9.23757158170311,207.527889162197,1.19965354570796E-14));
#3843=CARTESIAN_POINT('Ctrl Pts',(-9.23757158170311,207.527889162197,-0.999999999999988));
#3844=CARTESIAN_POINT('Ctrl Pts',(-9.29921700415599,207.526733900722,1.19964071972907E-14));
#3845=CARTESIAN_POINT('Ctrl Pts',(-9.29921700415599,207.526733900722,-0.999999999999988));
#3846=CARTESIAN_POINT('Ctrl Pts',(-9.42098080451322,207.524917588111,1.19962055460826E-14));
#3847=CARTESIAN_POINT('Ctrl Pts',(-9.42098080451322,207.524917588111,-0.999999999999988));
#3848=CARTESIAN_POINT('Ctrl Pts',(-9.59904563423998,207.52367566515,1.19960676649361E-14));
#3849=CARTESIAN_POINT('Ctrl Pts',(-9.59904563423998,207.52367566515,-0.999999999999988));
#3850=CARTESIAN_POINT('Ctrl Pts',(-9.82715066465644,207.525034376765,1.19962185122279E-14));
#3851=CARTESIAN_POINT('Ctrl Pts',(-9.82715066465644,207.525034376765,-0.999999999999988));
#3852=CARTESIAN_POINT('Ctrl Pts',(-10.0956765498135,207.532106913225,1.19970037215099E-14));
#3853=CARTESIAN_POINT('Ctrl Pts',(-10.0956765498135,207.532106913225,-0.999999999999988));
#3854=CARTESIAN_POINT('Ctrl Pts',(-10.3460124913908,207.545066414936,1.19984425152286E-14));
#3855=CARTESIAN_POINT('Ctrl Pts',(-10.3460124913908,207.545066414936,-0.999999999999988));
#3856=CARTESIAN_POINT('Ctrl Pts',(-10.5765091016051,207.564446687214,1.20005941576793E-14));
#3857=CARTESIAN_POINT('Ctrl Pts',(-10.5765091016051,207.564446687214,-0.999999999999988));
#3858=CARTESIAN_POINT('Ctrl Pts',(-10.7859867290334,207.590629510624,1.20035010350192E-14));
#3859=CARTESIAN_POINT('Ctrl Pts',(-10.7859867290334,207.590629510624,-0.999999999999988));
#3860=CARTESIAN_POINT('Ctrl Pts',(-10.9748670880867,207.623478402167,1.20071479945917E-14));
#3861=CARTESIAN_POINT('Ctrl Pts',(-10.9748670880867,207.623478402167,-0.999999999999988));
#3862=CARTESIAN_POINT('Ctrl Pts',(-11.1445379070366,207.662544239612,1.20114851738125E-14));
#3863=CARTESIAN_POINT('Ctrl Pts',(-11.1445379070366,207.662544239612,-0.999999999999988));
#3864=CARTESIAN_POINT('Ctrl Pts',(-11.2660823237003,207.698390063725,1.20154648597391E-14));
#3865=CARTESIAN_POINT('Ctrl Pts',(-11.2660823237003,207.698390063725,-0.999999999999988));
#3866=CARTESIAN_POINT('Ctrl Pts',(-11.3497524640932,207.72769789227,1.20187186823444E-14));
#3867=CARTESIAN_POINT('Ctrl Pts',(-11.3497524640932,207.72769789227,-0.999999999999988));
#3868=CARTESIAN_POINT('Ctrl Pts',(-11.4022582690193,207.748296130365,1.20210055461644E-14));
#3869=CARTESIAN_POINT('Ctrl Pts',(-11.4022582690193,207.748296130365,-0.999999999999988));
#3870=CARTESIAN_POINT('Ctrl Pts',(-11.4276926039114,207.758860169357,1.20221783900966E-14));
#3871=CARTESIAN_POINT('Ctrl Pts',(-11.4276926039114,207.758860169357,-0.999999999999988));
#3872=CARTESIAN_POINT('',(-9.23757158170311,207.527889162197,1.19965354570796E-14));
#3873=CARTESIAN_POINT('Ctrl Pts',(-9.23757158170311,207.527889162197,1.19965354570796E-14));
#3874=CARTESIAN_POINT('Ctrl Pts',(-9.29921700415599,207.526733900722,1.19964071972907E-14));
#3875=CARTESIAN_POINT('Ctrl Pts',(-9.42098080451322,207.524917588111,1.19962055460826E-14));
#3876=CARTESIAN_POINT('Ctrl Pts',(-9.59904563423998,207.52367566515,1.19960676649361E-14));
#3877=CARTESIAN_POINT('Ctrl Pts',(-9.82715066465644,207.525034376765,1.19962185122279E-14));
#3878=CARTESIAN_POINT('Ctrl Pts',(-10.0956765498135,207.532106913225,1.19970037215099E-14));
#3879=CARTESIAN_POINT('Ctrl Pts',(-10.3460124913908,207.545066414936,1.19984425152286E-14));
#3880=CARTESIAN_POINT('Ctrl Pts',(-10.5765091016051,207.564446687214,1.20005941576793E-14));
#3881=CARTESIAN_POINT('Ctrl Pts',(-10.7859867290334,207.590629510624,1.20035010350192E-14));
#3882=CARTESIAN_POINT('Ctrl Pts',(-10.9748670880867,207.623478402167,1.20071479945917E-14));
#3883=CARTESIAN_POINT('Ctrl Pts',(-11.1445379070366,207.662544239612,1.20114851738125E-14));
#3884=CARTESIAN_POINT('Ctrl Pts',(-11.2660823237003,207.698390063725,1.20154648597391E-14));
#3885=CARTESIAN_POINT('Ctrl Pts',(-11.3497524640932,207.72769789227,1.20187186823444E-14));
#3886=CARTESIAN_POINT('Ctrl Pts',(-11.4022582690193,207.748296130365,1.20210055461644E-14));
#3887=CARTESIAN_POINT('Ctrl Pts',(-11.4276926039114,207.758860169357,1.20221783900966E-14));
#3888=CARTESIAN_POINT('',(-9.23757158170311,207.527889162197,-0.999999999999988));
#3889=CARTESIAN_POINT('',(-9.23757158170311,207.527889162197,1.19965354570796E-14));
#3890=CARTESIAN_POINT('Ctrl Pts',(-9.23757158170311,207.527889162197,-0.999999999999988));
#3891=CARTESIAN_POINT('Ctrl Pts',(-9.29921700415599,207.526733900722,-0.999999999999988));
#3892=CARTESIAN_POINT('Ctrl Pts',(-9.42098080451322,207.524917588111,-0.999999999999988));
#3893=CARTESIAN_POINT('Ctrl Pts',(-9.59904563423998,207.52367566515,-0.999999999999988));
#3894=CARTESIAN_POINT('Ctrl Pts',(-9.82715066465644,207.525034376765,-0.999999999999988));
#3895=CARTESIAN_POINT('Ctrl Pts',(-10.0956765498135,207.532106913225,-0.999999999999988));
#3896=CARTESIAN_POINT('Ctrl Pts',(-10.3460124913908,207.545066414936,-0.999999999999988));
#3897=CARTESIAN_POINT('Ctrl Pts',(-10.5765091016051,207.564446687214,-0.999999999999988));
#3898=CARTESIAN_POINT('Ctrl Pts',(-10.7859867290334,207.590629510624,-0.999999999999988));
#3899=CARTESIAN_POINT('Ctrl Pts',(-10.9748670880867,207.623478402167,-0.999999999999988));
#3900=CARTESIAN_POINT('Ctrl Pts',(-11.1445379070366,207.662544239612,-0.999999999999988));
#3901=CARTESIAN_POINT('Ctrl Pts',(-11.2660823237003,207.698390063725,-0.999999999999988));
#3902=CARTESIAN_POINT('Ctrl Pts',(-11.3497524640932,207.72769789227,-0.999999999999988));
#3903=CARTESIAN_POINT('Ctrl Pts',(-11.4022582690193,207.748296130365,-0.999999999999988));
#3904=CARTESIAN_POINT('Ctrl Pts',(-11.4276926039114,207.758860169357,-0.999999999999988));
#3905=CARTESIAN_POINT('Origin',(-6.04032317294407,207.566143006134,1.20007824869115E-14));
#3906=CARTESIAN_POINT('',(-6.04032317294407,207.566143006134,1.20007824869115E-14));
#3907=CARTESIAN_POINT('',(-27.9638183979839,207.303836842312,1.33007161164348E-14));
#3908=CARTESIAN_POINT('',(-6.04032317294407,207.566143006134,-0.999999999999988));
#3909=CARTESIAN_POINT('',(-6.04032317294407,207.566143006134,1.20007824869115E-14));
#3910=CARTESIAN_POINT('',(-9.23757158170311,207.527889162197,-0.999999999999988));
#3911=CARTESIAN_POINT('Ctrl Pts',(-12.719723314015,209.838771675458,1.22530949544222E-14));
#3912=CARTESIAN_POINT('Ctrl Pts',(-12.719723314015,209.838771675458,-0.999999999999988));
#3913=CARTESIAN_POINT('Ctrl Pts',(-12.6728073917968,209.744923135873,1.22426756734747E-14));
#3914=CARTESIAN_POINT('Ctrl Pts',(-12.6728073917968,209.744923135873,-0.999999999999988));
#3915=CARTESIAN_POINT('Ctrl Pts',(-12.5829038346918,209.567963164016,1.22230291699554E-14));
#3916=CARTESIAN_POINT('Ctrl Pts',(-12.5829038346918,209.567963164016,-0.999999999999988));
#3917=CARTESIAN_POINT('Ctrl Pts',(-12.4598333394589,209.334734503604,1.21971355870763E-14));
#3918=CARTESIAN_POINT('Ctrl Pts',(-12.4598333394589,209.334734503604,-0.999999999999988));
#3919=CARTESIAN_POINT('Ctrl Pts',(-12.3193123851584,209.088194431634,1.21697641406368E-14));
#3920=CARTESIAN_POINT('Ctrl Pts',(-12.3193123851584,209.088194431634,-0.999999999999988));
#3921=CARTESIAN_POINT('Ctrl Pts',(-12.1823958422812,208.8866585822,1.2147389166604E-14));
#3922=CARTESIAN_POINT('Ctrl Pts',(-12.1823958422812,208.8866585822,-0.999999999999988));
#3923=CARTESIAN_POINT('Ctrl Pts',(-12.0825242141433,208.789439205556,1.2136595647565E-14));
#3924=CARTESIAN_POINT('Ctrl Pts',(-12.0825242141433,208.789439205556,-0.999999999999988));
#3925=CARTESIAN_POINT('Ctrl Pts',(-12.0162873704615,208.791817671548,1.21368597103357E-14));
#3926=CARTESIAN_POINT('Ctrl Pts',(-12.0162873704615,208.791817671548,-0.999999999999988));
#3927=CARTESIAN_POINT('Ctrl Pts',(-11.9779923498349,208.885884532406,1.21473032298136E-14));
#3928=CARTESIAN_POINT('Ctrl Pts',(-11.9779923498349,208.885884532406,-0.999999999999988));
#3929=CARTESIAN_POINT('Ctrl Pts',(-11.9590380488644,209.059674265523,1.21665977661287E-14));
#3930=CARTESIAN_POINT('Ctrl Pts',(-11.9590380488644,209.059674265523,-0.999999999999988));
#3931=CARTESIAN_POINT('Ctrl Pts',(-11.9494471240103,209.298470854707,1.219310951328E-14));
#3932=CARTESIAN_POINT('Ctrl Pts',(-11.9494471240103,209.298470854707,-0.999999999999988));
#3933=CARTESIAN_POINT('Ctrl Pts',(-11.9395521151851,209.5862287541,1.22250570578225E-14));
#3934=CARTESIAN_POINT('Ctrl Pts',(-11.9395521151851,209.5862287541,-0.999999999999988));
#3935=CARTESIAN_POINT('Ctrl Pts',(-11.9214834281487,209.906884052199,1.22606569473142E-14));
#3936=CARTESIAN_POINT('Ctrl Pts',(-11.9214834281487,209.906884052199,-0.999999999999988));
#3937=CARTESIAN_POINT('Ctrl Pts',(-11.8910797314982,210.245870555476,1.22982920094117E-14));
#3938=CARTESIAN_POINT('Ctrl Pts',(-11.8910797314982,210.245870555476,-0.999999999999988));
#3939=CARTESIAN_POINT('Ctrl Pts',(-11.848360005122,210.590957081834,1.23366043101167E-14));
#3940=CARTESIAN_POINT('Ctrl Pts',(-11.848360005122,210.590957081834,-0.999999999999988));
#3941=CARTESIAN_POINT('Ctrl Pts',(-11.796245721813,210.93226591336,1.23744972024436E-14));
#3942=CARTESIAN_POINT('Ctrl Pts',(-11.796245721813,210.93226591336,-0.999999999999988));
#3943=CARTESIAN_POINT('Ctrl Pts',(-11.7397327602874,211.262499365455,1.24111604806454E-14));
#3944=CARTESIAN_POINT('Ctrl Pts',(-11.7397327602874,211.262499365455,-0.999999999999988));
#3945=CARTESIAN_POINT('Ctrl Pts',(-11.6848788177098,211.577087253846,1.24460867523413E-14));
#3946=CARTESIAN_POINT('Ctrl Pts',(-11.6848788177098,211.577087253846,-0.999999999999988));
#3947=CARTESIAN_POINT('Ctrl Pts',(-11.6378777703317,211.874360557872,1.24790907190149E-14));
#3948=CARTESIAN_POINT('Ctrl Pts',(-11.6378777703317,211.874360557872,-0.999999999999988));
#3949=CARTESIAN_POINT('Ctrl Pts',(-11.6040798141714,212.155737378879,1.25103298215427E-14));
#3950=CARTESIAN_POINT('Ctrl Pts',(-11.6040798141714,212.155737378879,-0.999999999999988));
#3951=CARTESIAN_POINT('Ctrl Pts',(-11.5870827773629,212.425842189968,1.25403174795759E-14));
#3952=CARTESIAN_POINT('Ctrl Pts',(-11.5870827773629,212.425842189968,-0.999999999999988));
#3953=CARTESIAN_POINT('Ctrl Pts',(-11.5888568154132,212.691112052608,1.25697683505002E-14));
#3954=CARTESIAN_POINT('Ctrl Pts',(-11.5888568154132,212.691112052608,-0.999999999999987));
#3955=CARTESIAN_POINT('Ctrl Pts',(-11.6098265949251,212.958508383647,1.25994553068421E-14));
#3956=CARTESIAN_POINT('Ctrl Pts',(-11.6098265949251,212.958508383647,-0.999999999999987));
#3957=CARTESIAN_POINT('Ctrl Pts',(-11.6489595267349,213.234125062771,1.26300549051556E-14));
#3958=CARTESIAN_POINT('Ctrl Pts',(-11.6489595267349,213.234125062771,-0.999999999999987));
#3959=CARTESIAN_POINT('Ctrl Pts',(-11.7038709572789,213.521987074025,1.26620140084364E-14));
#3960=CARTESIAN_POINT('Ctrl Pts',(-11.7038709572789,213.521987074025,-0.999999999999987));
#3961=CARTESIAN_POINT('Ctrl Pts',(-11.7708704833209,213.822401177649,1.2695366673913E-14));
#3962=CARTESIAN_POINT('Ctrl Pts',(-11.7708704833209,213.822401177649,-0.999999999999987));
#3963=CARTESIAN_POINT('Ctrl Pts',(-11.8452520123122,214.132064804912,1.27297462428006E-14));
#3964=CARTESIAN_POINT('Ctrl Pts',(-11.8452520123122,214.132064804912,-0.999999999999987));
#3965=CARTESIAN_POINT('Ctrl Pts',(-11.9217850264411,214.445570949315,1.27645524167884E-14));
#3966=CARTESIAN_POINT('Ctrl Pts',(-11.9217850264411,214.445570949315,-0.999999999999987));
#3967=CARTESIAN_POINT('Ctrl Pts',(-11.9951351699215,214.756482672126,1.27990705521175E-14));
#3968=CARTESIAN_POINT('Ctrl Pts',(-11.9951351699215,214.756482672126,-0.999999999999987));
#3969=CARTESIAN_POINT('Ctrl Pts',(-12.0603407208785,215.05864374447,1.28326171700837E-14));
#3970=CARTESIAN_POINT('Ctrl Pts',(-12.0603407208785,215.05864374447,-0.999999999999987));
#3971=CARTESIAN_POINT('Ctrl Pts',(-12.1132028577461,215.347249272413,1.28646588202993E-14));
#3972=CARTESIAN_POINT('Ctrl Pts',(-12.1132028577461,215.347249272413,-0.999999999999987));
#3973=CARTESIAN_POINT('Ctrl Pts',(-12.1508667188618,215.620361347663,1.28949803517239E-14));
#3974=CARTESIAN_POINT('Ctrl Pts',(-12.1508667188618,215.620361347663,-0.999999999999987));
#3975=CARTESIAN_POINT('Ctrl Pts',(-12.1717407389678,215.878939480338,1.29236882913799E-14));
#3976=CARTESIAN_POINT('Ctrl Pts',(-12.1717407389678,215.878939480338,-0.999999999999987));
#3977=CARTESIAN_POINT('Ctrl Pts',(-12.174698360271,216.125247966755,1.2951034026658E-14));
#3978=CARTESIAN_POINT('Ctrl Pts',(-12.174698360271,216.125247966755,-0.999999999999987));
#3979=CARTESIAN_POINT('Ctrl Pts',(-12.1584262649598,216.361631294543,1.29772778479728E-14));
#3980=CARTESIAN_POINT('Ctrl Pts',(-12.1584262649598,216.361631294543,-0.999999999999987));
#3981=CARTESIAN_POINT('Ctrl Pts',(-12.1208024537609,216.589261754739,1.30025499057743E-14));
#3982=CARTESIAN_POINT('Ctrl Pts',(-12.1208024537609,216.589261754739,-0.999999999999987));
#3983=CARTESIAN_POINT('Ctrl Pts',(-12.0580474450154,216.806607591234,1.30266801409726E-14));
#3984=CARTESIAN_POINT('Ctrl Pts',(-12.0580474450154,216.806607591234,-0.999999999999987));
#3985=CARTESIAN_POINT('Ctrl Pts',(-11.9646647208485,217.008963421393,1.30491461511537E-14));
#3986=CARTESIAN_POINT('Ctrl Pts',(-11.9646647208485,217.008963421393,-0.999999999999987));
#3987=CARTESIAN_POINT('Ctrl Pts',(-11.835209837765,217.190491083154,1.30692997701229E-14));
#3988=CARTESIAN_POINT('Ctrl Pts',(-11.835209837765,217.190491083154,-0.999999999999987));
#3989=CARTESIAN_POINT('Ctrl Pts',(-11.6657747185694,217.345851573616,1.30865482494858E-14));
#3990=CARTESIAN_POINT('Ctrl Pts',(-11.6657747185694,217.345851573616,-0.999999999999987));
#3991=CARTESIAN_POINT('Ctrl Pts',(-11.4554196361269,217.471805645517,1.31005319605527E-14));
#3992=CARTESIAN_POINT('Ctrl Pts',(-11.4554196361269,217.471805645517,-0.999999999999987));
#3993=CARTESIAN_POINT('Ctrl Pts',(-11.208045247808,217.569314621922,1.3111357631624E-14));
#3994=CARTESIAN_POINT('Ctrl Pts',(-11.208045247808,217.569314621922,-0.999999999999987));
#3995=CARTESIAN_POINT('Ctrl Pts',(-10.9318907869353,217.642876881213,1.31195246830248E-14));
#3996=CARTESIAN_POINT('Ctrl Pts',(-10.9318907869353,217.642876881213,-0.999999999999987));
#3997=CARTESIAN_POINT('Ctrl Pts',(-10.6378797106866,217.698521976113,1.31257025295813E-14));
#3998=CARTESIAN_POINT('Ctrl Pts',(-10.6378797106866,217.698521976113,-0.999999999999987));
#3999=CARTESIAN_POINT('Ctrl Pts',(-10.3383253068133,217.742214718143,1.31305533984024E-14));
#4000=CARTESIAN_POINT('Ctrl Pts',(-10.3383253068133,217.742214718143,-0.999999999999987));
#4001=CARTESIAN_POINT('Ctrl Pts',(-10.0455034854277,217.778126719197,1.31345404314455E-14));
#4002=CARTESIAN_POINT('Ctrl Pts',(-10.0455034854277,217.778126719197,-0.999999999999987));
#4003=CARTESIAN_POINT('Ctrl Pts',(-9.77024551178842,217.806875328286,1.31377321682191E-14));
#4004=CARTESIAN_POINT('Ctrl Pts',(-9.77024551178842,217.806875328286,-0.999999999999987));
#4005=CARTESIAN_POINT('Ctrl Pts',(-9.52062778054519,217.824025214045,1.31396361880231E-14));
#4006=CARTESIAN_POINT('Ctrl Pts',(-9.52062778054519,217.824025214045,-0.999999999999987));
#4007=CARTESIAN_POINT('Ctrl Pts',(-9.30234657901813,217.822340066725,1.31394490990876E-14));
#4008=CARTESIAN_POINT('Ctrl Pts',(-9.30234657901813,217.822340066725,-0.999999999999987));
#4009=CARTESIAN_POINT('Ctrl Pts',(-9.11898966026094,217.793882511674,1.31362896758034E-14));
#4010=CARTESIAN_POINT('Ctrl Pts',(-9.11898966026094,217.793882511674,-0.999999999999987));
#4011=CARTESIAN_POINT('Ctrl Pts',(-8.972332775024,217.731997262281,1.31294190329273E-14));
#4012=CARTESIAN_POINT('Ctrl Pts',(-8.972332775024,217.731997262281,-0.999999999999987));
#4013=CARTESIAN_POINT('Ctrl Pts',(-8.8626559330726,217.633759356903,1.31185124344831E-14));
#4014=CARTESIAN_POINT('Ctrl Pts',(-8.8626559330726,217.633759356903,-0.999999999999987));
#4015=CARTESIAN_POINT('Ctrl Pts',(-8.78893583869981,217.500742401257,1.31037445858008E-14));
#4016=CARTESIAN_POINT('Ctrl Pts',(-8.78893583869981,217.500742401257,-0.999999999999987));
#4017=CARTESIAN_POINT('Ctrl Pts',(-8.74882262623064,217.337256893771,1.30855940483405E-14));
#4018=CARTESIAN_POINT('Ctrl Pts',(-8.74882262623064,217.337256893771,-0.999999999999987));
#4019=CARTESIAN_POINT('Ctrl Pts',(-8.73869342906482,217.149232456281,1.3064719142371E-14));
#4020=CARTESIAN_POINT('Ctrl Pts',(-8.73869342906482,217.149232456281,-0.999999999999987));
#4021=CARTESIAN_POINT('Ctrl Pts',(-8.75361304129534,216.942760467097,1.30417961467378E-14));
#4022=CARTESIAN_POINT('Ctrl Pts',(-8.75361304129534,216.942760467097,-0.999999999999987));
#4023=CARTESIAN_POINT('Ctrl Pts',(-8.78786410338915,216.723437042666,1.30174463551735E-14));
#4024=CARTESIAN_POINT('Ctrl Pts',(-8.78786410338915,216.723437042666,-0.999999999999987));
#4025=CARTESIAN_POINT('Ctrl Pts',(-8.83560763514327,216.495776578142,1.29921709662225E-14));
#4026=CARTESIAN_POINT('Ctrl Pts',(-8.83560763514327,216.495776578142,-0.999999999999987));
#4027=CARTESIAN_POINT('Ctrl Pts',(-8.89146560980005,216.262655604697,1.29662893389983E-14));
#4028=CARTESIAN_POINT('Ctrl Pts',(-8.89146560980005,216.262655604697,-0.999999999999987));
#4029=CARTESIAN_POINT('Ctrl Pts',(-8.9512129695512,216.024624176426,1.29398625417731E-14));
#4030=CARTESIAN_POINT('Ctrl Pts',(-8.9512129695512,216.024624176426,-0.999999999999987));
#4031=CARTESIAN_POINT('Ctrl Pts',(-9.01218530263253,215.779641890417,1.2912664044318E-14));
#4032=CARTESIAN_POINT('Ctrl Pts',(-9.01218530263253,215.779641890417,-0.999999999999987));
#4033=CARTESIAN_POINT('Ctrl Pts',(-9.07275543451269,215.524268912389,1.28843119483106E-14));
#4034=CARTESIAN_POINT('Ctrl Pts',(-9.07275543451269,215.524268912389,-0.999999999999987));
#4035=CARTESIAN_POINT('Ctrl Pts',(-9.13196768480587,215.254605280921,1.28543732710545E-14));
#4036=CARTESIAN_POINT('Ctrl Pts',(-9.13196768480587,215.254605280921,-0.999999999999987));
#4037=CARTESIAN_POINT('Ctrl Pts',(-9.18910220013925,214.967349402366,1.28224814620215E-14));
#4038=CARTESIAN_POINT('Ctrl Pts',(-9.18910220013925,214.967349402366,-0.999999999999987));
#4039=CARTESIAN_POINT('Ctrl Pts',(-9.243288859623,214.66075815418,1.27884429957331E-14));
#4040=CARTESIAN_POINT('Ctrl Pts',(-9.243288859623,214.66075815418,-0.999999999999987));
#4041=CARTESIAN_POINT('Ctrl Pts',(-9.29304782737398,214.33577700314,1.27523628400877E-14));
#4042=CARTESIAN_POINT('Ctrl Pts',(-9.29304782737398,214.33577700314,-0.999999999999987));
#4043=CARTESIAN_POINT('Ctrl Pts',(-9.3364721354905,213.995614875832,1.27145972575033E-14));
#4044=CARTESIAN_POINT('Ctrl Pts',(-9.3364721354905,213.995614875832,-0.999999999999987));
#4045=CARTESIAN_POINT('Ctrl Pts',(-9.37149675509926,213.645112952629,1.26756837269719E-14));
#4046=CARTESIAN_POINT('Ctrl Pts',(-9.37149675509926,213.645112952629,-0.999999999999987));
#4047=CARTESIAN_POINT('Ctrl Pts',(-9.39613110575366,213.290191894017,1.26362795738523E-14));
#4048=CARTESIAN_POINT('Ctrl Pts',(-9.39613110575366,213.290191894017,-0.999999999999987));
#4049=CARTESIAN_POINT('Ctrl Pts',(-9.40872043129483,212.937256077068,1.25970958268332E-14));
#4050=CARTESIAN_POINT('Ctrl Pts',(-9.40872043129483,212.937256077068,-0.999999999999987));
#4051=CARTESIAN_POINT('Ctrl Pts',(-9.40816367982868,212.592641510448,1.25588359241848E-14));
#4052=CARTESIAN_POINT('Ctrl Pts',(-9.40816367982868,212.592641510448,-0.999999999999988));
#4053=CARTESIAN_POINT('Ctrl Pts',(-9.39422599425069,212.261985056111,1.25221256833003E-14));
#4054=CARTESIAN_POINT('Ctrl Pts',(-9.39422599425069,212.261985056111,-0.999999999999988));
#4055=CARTESIAN_POINT('Ctrl Pts',(-9.36756286855556,211.949822110091,1.24874686342896E-14));
#4056=CARTESIAN_POINT('Ctrl Pts',(-9.36756286855556,211.949822110091,-0.999999999999988));
#4057=CARTESIAN_POINT('Ctrl Pts',(-9.32902284822702,211.659724461927,1.24552613254515E-14));
#4058=CARTESIAN_POINT('Ctrl Pts',(-9.32902284822702,211.659724461927,-0.999999999999988));
#4059=CARTESIAN_POINT('Ctrl Pts',(-9.27912067065202,211.394336862985,1.2425797383172E-14));
#4060=CARTESIAN_POINT('Ctrl Pts',(-9.27912067065202,211.394336862985,-0.999999999999988));
#4061=CARTESIAN_POINT('Ctrl Pts',(-9.21738108735819,211.155443519365,1.23992748941203E-14));
#4062=CARTESIAN_POINT('Ctrl Pts',(-9.21738108735819,211.155443519365,-0.999999999999988));
#4063=CARTESIAN_POINT('Ctrl Pts',(-9.14187927595168,210.944043796682,1.23758048101681E-14));
#4064=CARTESIAN_POINT('Ctrl Pts',(-9.14187927595168,210.944043796682,-0.999999999999988));
#4065=CARTESIAN_POINT('Ctrl Pts',(-9.04833967599765,210.760366649239,1.23554125503492E-14));
#4066=CARTESIAN_POINT('Ctrl Pts',(-9.04833967599765,210.760366649239,-0.999999999999988));
#4067=CARTESIAN_POINT('Ctrl Pts',(-8.93107803802985,210.604181182529,1.2338072480224E-14));
#4068=CARTESIAN_POINT('Ctrl Pts',(-8.93107803802985,210.604181182529,-0.999999999999988));
#4069=CARTESIAN_POINT('Ctrl Pts',(-8.7852989438238,210.475353816635,1.23237697694422E-14));
#4070=CARTESIAN_POINT('Ctrl Pts',(-8.7852989438238,210.475353816635,-0.999999999999988));
#4071=CARTESIAN_POINT('Ctrl Pts',(-8.6087877485373,210.37426075229,1.23125461846756E-14));
#4072=CARTESIAN_POINT('Ctrl Pts',(-8.6087877485373,210.37426075229,-0.999999999999988));
#4073=CARTESIAN_POINT('Ctrl Pts',(-8.40431413772641,210.302421988432,1.2304570479706E-14));
#4074=CARTESIAN_POINT('Ctrl Pts',(-8.40431413772641,210.302421988432,-0.999999999999988));
#4075=CARTESIAN_POINT('Ctrl Pts',(-8.18026110448915,210.262524290453,1.23001409454135E-14));
#4076=CARTESIAN_POINT('Ctrl Pts',(-8.18026110448915,210.262524290453,-0.999999999999988));
#4077=CARTESIAN_POINT('Ctrl Pts',(-7.94724352720034,210.25703289213,1.22995312777279E-14));
#4078=CARTESIAN_POINT('Ctrl Pts',(-7.94724352720034,210.25703289213,-0.999999999999988));
#4079=CARTESIAN_POINT('Ctrl Pts',(-7.71533325545168,210.287015725025,1.23028600408703E-14));
#4080=CARTESIAN_POINT('Ctrl Pts',(-7.71533325545168,210.287015725025,-0.999999999999988));
#4081=CARTESIAN_POINT('Ctrl Pts',(-7.49139587431,210.351010005058,1.2309964833184E-14));
#4082=CARTESIAN_POINT('Ctrl Pts',(-7.49139587431,210.351010005058,-0.999999999999988));
#4083=CARTESIAN_POINT('Ctrl Pts',(-7.27550146454601,210.443551697464,1.23202390249486E-14));
#4084=CARTESIAN_POINT('Ctrl Pts',(-7.27550146454601,210.443551697464,-0.999999999999988));
#4085=CARTESIAN_POINT('Ctrl Pts',(-7.06215279048998,210.555465627829,1.23326639671754E-14));
#4086=CARTESIAN_POINT('Ctrl Pts',(-7.06215279048998,210.555465627829,-0.999999999999988));
#4087=CARTESIAN_POINT('Ctrl Pts',(-6.84392890512693,210.675082553956,1.23459441137275E-14));
#4088=CARTESIAN_POINT('Ctrl Pts',(-6.84392890512693,210.675082553956,-0.999999999999988));
#4089=CARTESIAN_POINT('Ctrl Pts',(-6.61454785217113,210.789154739804,1.23586086704472E-14));
#4090=CARTESIAN_POINT('Ctrl Pts',(-6.61454785217113,210.789154739804,-0.999999999999988));
#4091=CARTESIAN_POINT('Ctrl Pts',(-6.37177479985182,210.883916487533,1.23691293378655E-14));
#4092=CARTESIAN_POINT('Ctrl Pts',(-6.37177479985182,210.883916487533,-0.999999999999988));
#4093=CARTESIAN_POINT('Ctrl Pts',(-6.12139127906604,210.946030009262,1.23760253240619E-14));
#4094=CARTESIAN_POINT('Ctrl Pts',(-6.12139127906604,210.946030009262,-0.999999999999988));
#4095=CARTESIAN_POINT('Ctrl Pts',(-5.87581103987378,210.963828792761,1.23780013859871E-14));
#4096=CARTESIAN_POINT('Ctrl Pts',(-5.87581103987378,210.963828792761,-0.999999999999988));
#4097=CARTESIAN_POINT('Ctrl Pts',(-5.64976565748044,210.928673023252,1.23740983115113E-14));
#4098=CARTESIAN_POINT('Ctrl Pts',(-5.64976565748044,210.928673023252,-0.999999999999988));
#4099=CARTESIAN_POINT('Ctrl Pts',(-5.45682412556698,210.836320534238,1.23638451255428E-14));
#4100=CARTESIAN_POINT('Ctrl Pts',(-5.45682412556698,210.836320534238,-0.999999999999988));
#4101=CARTESIAN_POINT('Ctrl Pts',(-5.30573886973701,210.688187269124,1.23473990293785E-14));
#4102=CARTESIAN_POINT('Ctrl Pts',(-5.30573886973701,210.688187269124,-0.999999999999988));
#4103=CARTESIAN_POINT('Ctrl Pts',(-5.19640460374314,210.492942012698,1.23257224514653E-14));
#4104=CARTESIAN_POINT('Ctrl Pts',(-5.19640460374314,210.492942012698,-0.999999999999988));
#4105=CARTESIAN_POINT('Ctrl Pts',(-5.12238452937198,210.263975475141,1.23003020592788E-14));
#4106=CARTESIAN_POINT('Ctrl Pts',(-5.12238452937198,210.263975475141,-0.999999999999988));
#4107=CARTESIAN_POINT('Ctrl Pts',(-5.07422669855573,210.016377996081,1.22728132170697E-14));
#4108=CARTESIAN_POINT('Ctrl Pts',(-5.07422669855573,210.016377996081,-0.999999999999988));
#4109=CARTESIAN_POINT('Ctrl Pts',(-5.04241056374783,209.7641793903,1.2244813547178E-14));
#4110=CARTESIAN_POINT('Ctrl Pts',(-5.04241056374783,209.7641793903,-0.999999999999988));
#4111=CARTESIAN_POINT('Ctrl Pts',(-5.02064102428215,209.517281784827,1.22174024065459E-14));
#4112=CARTESIAN_POINT('Ctrl Pts',(-5.02064102428215,209.517281784827,-0.999999999999988));
#4113=CARTESIAN_POINT('Ctrl Pts',(-5.0084376253442,209.279091400031,1.21909579616014E-14));
#4114=CARTESIAN_POINT('Ctrl Pts',(-5.0084376253442,209.279091400031,-0.999999999999988));
#4115=CARTESIAN_POINT('Ctrl Pts',(-5.00887740109627,209.049086651503,1.21654223048425E-14));
#4116=CARTESIAN_POINT('Ctrl Pts',(-5.00887740109627,209.049086651503,-0.999999999999988));
#4117=CARTESIAN_POINT('Ctrl Pts',(-5.02674730579199,208.82497894032,1.21405413507474E-14));
#4118=CARTESIAN_POINT('Ctrl Pts',(-5.02674730579199,208.82497894032,-0.999999999999988));
#4119=CARTESIAN_POINT('Ctrl Pts',(-5.06665573931322,208.604884963433,1.21161060106753E-14));
#4120=CARTESIAN_POINT('Ctrl Pts',(-5.06665573931322,208.604884963433,-0.999999999999988));
#4121=CARTESIAN_POINT('Ctrl Pts',(-5.13089135017416,208.389831708368,1.20922303031459E-14));
#4122=CARTESIAN_POINT('Ctrl Pts',(-5.13089135017416,208.389831708368,-0.999999999999988));
#4123=CARTESIAN_POINT('Ctrl Pts',(-5.21825245381966,208.185042027751,1.20694940812833E-14));
#4124=CARTESIAN_POINT('Ctrl Pts',(-5.21825245381966,208.185042027751,-0.999999999999988));
#4125=CARTESIAN_POINT('Ctrl Pts',(-5.32553787256043,207.997908599904,1.2048718097256E-14));
#4126=CARTESIAN_POINT('Ctrl Pts',(-5.32553787256043,207.997908599904,-0.999999999999988));
#4127=CARTESIAN_POINT('Ctrl Pts',(-5.4485724051208,207.836536812916,1.20308022299121E-14));
#4128=CARTESIAN_POINT('Ctrl Pts',(-5.4485724051208,207.836536812916,-0.999999999999988));
#4129=CARTESIAN_POINT('Ctrl Pts',(-5.58334271910473,207.708173534003,1.20165510431356E-14));
#4130=CARTESIAN_POINT('Ctrl Pts',(-5.58334271910473,207.708173534003,-0.999999999999988));
#4131=CARTESIAN_POINT('Ctrl Pts',(-5.72727345261291,207.617401173821,1.20064732867081E-14));
#4132=CARTESIAN_POINT('Ctrl Pts',(-5.72727345261291,207.617401173821,-0.999999999999988));
#4133=CARTESIAN_POINT('Ctrl Pts',(-5.84875126573126,207.576623886574,1.20019460983899E-14));
#4134=CARTESIAN_POINT('Ctrl Pts',(-5.84875126573126,207.576623886574,-0.999999999999988));
#4135=CARTESIAN_POINT('Ctrl Pts',(-5.94322707464045,207.564289042989,1.20005766556545E-14));
#4136=CARTESIAN_POINT('Ctrl Pts',(-5.94322707464045,207.564289042989,-0.999999999999988));
#4137=CARTESIAN_POINT('Ctrl Pts',(-6.0077082849562,207.564173659347,1.20005638454969E-14));
#4138=CARTESIAN_POINT('Ctrl Pts',(-6.0077082849562,207.564173659347,-0.999999999999988));
#4139=CARTESIAN_POINT('Ctrl Pts',(-6.04032317294407,207.566143006134,1.20007824869115E-14));
#4140=CARTESIAN_POINT('Ctrl Pts',(-6.04032317294407,207.566143006134,-0.999999999999988));
#4141=CARTESIAN_POINT('',(-12.719723314015,209.838771675458,1.22530949544222E-14));
#4142=CARTESIAN_POINT('Ctrl Pts',(-12.719723314015,209.838771675458,1.22530949544222E-14));
#4143=CARTESIAN_POINT('Ctrl Pts',(-12.6728073917968,209.744923135873,1.22426756734747E-14));
#4144=CARTESIAN_POINT('Ctrl Pts',(-12.5829038346918,209.567963164016,1.22230291699554E-14));
#4145=CARTESIAN_POINT('Ctrl Pts',(-12.4598333394589,209.334734503604,1.21971355870763E-14));
#4146=CARTESIAN_POINT('Ctrl Pts',(-12.3193123851584,209.088194431634,1.21697641406368E-14));
#4147=CARTESIAN_POINT('Ctrl Pts',(-12.1823958422812,208.8866585822,1.2147389166604E-14));
#4148=CARTESIAN_POINT('Ctrl Pts',(-12.0825242141433,208.789439205556,1.2136595647565E-14));
#4149=CARTESIAN_POINT('Ctrl Pts',(-12.0162873704615,208.791817671548,1.21368597103357E-14));
#4150=CARTESIAN_POINT('Ctrl Pts',(-11.9779923498349,208.885884532406,1.21473032298136E-14));
#4151=CARTESIAN_POINT('Ctrl Pts',(-11.9590380488644,209.059674265523,1.21665977661287E-14));
#4152=CARTESIAN_POINT('Ctrl Pts',(-11.9494471240103,209.298470854707,1.219310951328E-14));
#4153=CARTESIAN_POINT('Ctrl Pts',(-11.9395521151851,209.5862287541,1.22250570578225E-14));
#4154=CARTESIAN_POINT('Ctrl Pts',(-11.9214834281487,209.906884052199,1.22606569473142E-14));
#4155=CARTESIAN_POINT('Ctrl Pts',(-11.8910797314982,210.245870555476,1.22982920094117E-14));
#4156=CARTESIAN_POINT('Ctrl Pts',(-11.848360005122,210.590957081834,1.23366043101167E-14));
#4157=CARTESIAN_POINT('Ctrl Pts',(-11.796245721813,210.93226591336,1.23744972024436E-14));
#4158=CARTESIAN_POINT('Ctrl Pts',(-11.7397327602874,211.262499365455,1.24111604806454E-14));
#4159=CARTESIAN_POINT('Ctrl Pts',(-11.6848788177098,211.577087253846,1.24460867523413E-14));
#4160=CARTESIAN_POINT('Ctrl Pts',(-11.6378777703317,211.874360557872,1.24790907190149E-14));
#4161=CARTESIAN_POINT('Ctrl Pts',(-11.6040798141714,212.155737378879,1.25103298215427E-14));
#4162=CARTESIAN_POINT('Ctrl Pts',(-11.5870827773629,212.425842189968,1.25403174795759E-14));
#4163=CARTESIAN_POINT('Ctrl Pts',(-11.5888568154132,212.691112052608,1.25697683505002E-14));
#4164=CARTESIAN_POINT('Ctrl Pts',(-11.6098265949251,212.958508383647,1.25994553068421E-14));
#4165=CARTESIAN_POINT('Ctrl Pts',(-11.6489595267349,213.234125062771,1.26300549051556E-14));
#4166=CARTESIAN_POINT('Ctrl Pts',(-11.7038709572789,213.521987074025,1.26620140084364E-14));
#4167=CARTESIAN_POINT('Ctrl Pts',(-11.7708704833209,213.822401177649,1.2695366673913E-14));
#4168=CARTESIAN_POINT('Ctrl Pts',(-11.8452520123122,214.132064804912,1.27297462428006E-14));
#4169=CARTESIAN_POINT('Ctrl Pts',(-11.9217850264411,214.445570949315,1.27645524167884E-14));
#4170=CARTESIAN_POINT('Ctrl Pts',(-11.9951351699215,214.756482672126,1.27990705521175E-14));
#4171=CARTESIAN_POINT('Ctrl Pts',(-12.0603407208785,215.05864374447,1.28326171700837E-14));
#4172=CARTESIAN_POINT('Ctrl Pts',(-12.1132028577461,215.347249272413,1.28646588202993E-14));
#4173=CARTESIAN_POINT('Ctrl Pts',(-12.1508667188618,215.620361347663,1.28949803517239E-14));
#4174=CARTESIAN_POINT('Ctrl Pts',(-12.1717407389678,215.878939480338,1.29236882913799E-14));
#4175=CARTESIAN_POINT('Ctrl Pts',(-12.174698360271,216.125247966755,1.2951034026658E-14));
#4176=CARTESIAN_POINT('Ctrl Pts',(-12.1584262649598,216.361631294543,1.29772778479728E-14));
#4177=CARTESIAN_POINT('Ctrl Pts',(-12.1208024537609,216.589261754739,1.30025499057743E-14));
#4178=CARTESIAN_POINT('Ctrl Pts',(-12.0580474450154,216.806607591234,1.30266801409726E-14));
#4179=CARTESIAN_POINT('Ctrl Pts',(-11.9646647208485,217.008963421393,1.30491461511537E-14));
#4180=CARTESIAN_POINT('Ctrl Pts',(-11.835209837765,217.190491083154,1.30692997701229E-14));
#4181=CARTESIAN_POINT('Ctrl Pts',(-11.6657747185694,217.345851573616,1.30865482494858E-14));
#4182=CARTESIAN_POINT('Ctrl Pts',(-11.4554196361269,217.471805645517,1.31005319605527E-14));
#4183=CARTESIAN_POINT('Ctrl Pts',(-11.208045247808,217.569314621922,1.3111357631624E-14));
#4184=CARTESIAN_POINT('Ctrl Pts',(-10.9318907869353,217.642876881213,1.31195246830248E-14));
#4185=CARTESIAN_POINT('Ctrl Pts',(-10.6378797106866,217.698521976113,1.31257025295813E-14));
#4186=CARTESIAN_POINT('Ctrl Pts',(-10.3383253068133,217.742214718143,1.31305533984024E-14));
#4187=CARTESIAN_POINT('Ctrl Pts',(-10.0455034854277,217.778126719197,1.31345404314455E-14));
#4188=CARTESIAN_POINT('Ctrl Pts',(-9.77024551178842,217.806875328286,1.31377321682191E-14));
#4189=CARTESIAN_POINT('Ctrl Pts',(-9.52062778054519,217.824025214045,1.31396361880231E-14));
#4190=CARTESIAN_POINT('Ctrl Pts',(-9.30234657901813,217.822340066725,1.31394490990876E-14));
#4191=CARTESIAN_POINT('Ctrl Pts',(-9.11898966026094,217.793882511674,1.31362896758034E-14));
#4192=CARTESIAN_POINT('Ctrl Pts',(-8.972332775024,217.731997262281,1.31294190329273E-14));
#4193=CARTESIAN_POINT('Ctrl Pts',(-8.8626559330726,217.633759356903,1.31185124344831E-14));
#4194=CARTESIAN_POINT('Ctrl Pts',(-8.78893583869981,217.500742401257,1.31037445858008E-14));
#4195=CARTESIAN_POINT('Ctrl Pts',(-8.74882262623064,217.337256893771,1.30855940483405E-14));
#4196=CARTESIAN_POINT('Ctrl Pts',(-8.73869342906482,217.149232456281,1.3064719142371E-14));
#4197=CARTESIAN_POINT('Ctrl Pts',(-8.75361304129534,216.942760467097,1.30417961467378E-14));
#4198=CARTESIAN_POINT('Ctrl Pts',(-8.78786410338915,216.723437042666,1.30174463551735E-14));
#4199=CARTESIAN_POINT('Ctrl Pts',(-8.83560763514327,216.495776578142,1.29921709662225E-14));
#4200=CARTESIAN_POINT('Ctrl Pts',(-8.89146560980005,216.262655604697,1.29662893389983E-14));
#4201=CARTESIAN_POINT('Ctrl Pts',(-8.9512129695512,216.024624176426,1.29398625417731E-14));
#4202=CARTESIAN_POINT('Ctrl Pts',(-9.01218530263253,215.779641890417,1.2912664044318E-14));
#4203=CARTESIAN_POINT('Ctrl Pts',(-9.07275543451269,215.524268912389,1.28843119483106E-14));
#4204=CARTESIAN_POINT('Ctrl Pts',(-9.13196768480587,215.254605280921,1.28543732710545E-14));
#4205=CARTESIAN_POINT('Ctrl Pts',(-9.18910220013925,214.967349402366,1.28224814620215E-14));
#4206=CARTESIAN_POINT('Ctrl Pts',(-9.243288859623,214.66075815418,1.27884429957331E-14));
#4207=CARTESIAN_POINT('Ctrl Pts',(-9.29304782737398,214.33577700314,1.27523628400877E-14));
#4208=CARTESIAN_POINT('Ctrl Pts',(-9.3364721354905,213.995614875832,1.27145972575033E-14));
#4209=CARTESIAN_POINT('Ctrl Pts',(-9.37149675509926,213.645112952629,1.26756837269719E-14));
#4210=CARTESIAN_POINT('Ctrl Pts',(-9.39613110575366,213.290191894017,1.26362795738523E-14));
#4211=CARTESIAN_POINT('Ctrl Pts',(-9.40872043129483,212.937256077068,1.25970958268332E-14));
#4212=CARTESIAN_POINT('Ctrl Pts',(-9.40816367982868,212.592641510448,1.25588359241848E-14));
#4213=CARTESIAN_POINT('Ctrl Pts',(-9.39422599425069,212.261985056111,1.25221256833003E-14));
#4214=CARTESIAN_POINT('Ctrl Pts',(-9.36756286855556,211.949822110091,1.24874686342896E-14));
#4215=CARTESIAN_POINT('Ctrl Pts',(-9.32902284822702,211.659724461927,1.24552613254515E-14));
#4216=CARTESIAN_POINT('Ctrl Pts',(-9.27912067065202,211.394336862985,1.2425797383172E-14));
#4217=CARTESIAN_POINT('Ctrl Pts',(-9.21738108735819,211.155443519365,1.23992748941203E-14));
#4218=CARTESIAN_POINT('Ctrl Pts',(-9.14187927595168,210.944043796682,1.23758048101681E-14));
#4219=CARTESIAN_POINT('Ctrl Pts',(-9.04833967599765,210.760366649239,1.23554125503492E-14));
#4220=CARTESIAN_POINT('Ctrl Pts',(-8.93107803802985,210.604181182529,1.2338072480224E-14));
#4221=CARTESIAN_POINT('Ctrl Pts',(-8.7852989438238,210.475353816635,1.23237697694422E-14));
#4222=CARTESIAN_POINT('Ctrl Pts',(-8.6087877485373,210.37426075229,1.23125461846756E-14));
#4223=CARTESIAN_POINT('Ctrl Pts',(-8.40431413772641,210.302421988432,1.2304570479706E-14));
#4224=CARTESIAN_POINT('Ctrl Pts',(-8.18026110448915,210.262524290453,1.23001409454135E-14));
#4225=CARTESIAN_POINT('Ctrl Pts',(-7.94724352720034,210.25703289213,1.22995312777279E-14));
#4226=CARTESIAN_POINT('Ctrl Pts',(-7.71533325545168,210.287015725025,1.23028600408703E-14));
#4227=CARTESIAN_POINT('Ctrl Pts',(-7.49139587431,210.351010005058,1.2309964833184E-14));
#4228=CARTESIAN_POINT('Ctrl Pts',(-7.27550146454601,210.443551697464,1.23202390249486E-14));
#4229=CARTESIAN_POINT('Ctrl Pts',(-7.06215279048998,210.555465627829,1.23326639671754E-14));
#4230=CARTESIAN_POINT('Ctrl Pts',(-6.84392890512693,210.675082553956,1.23459441137275E-14));
#4231=CARTESIAN_POINT('Ctrl Pts',(-6.61454785217113,210.789154739804,1.23586086704472E-14));
#4232=CARTESIAN_POINT('Ctrl Pts',(-6.37177479985182,210.883916487533,1.23691293378655E-14));
#4233=CARTESIAN_POINT('Ctrl Pts',(-6.12139127906604,210.946030009262,1.23760253240619E-14));
#4234=CARTESIAN_POINT('Ctrl Pts',(-5.87581103987378,210.963828792761,1.23780013859871E-14));
#4235=CARTESIAN_POINT('Ctrl Pts',(-5.64976565748044,210.928673023252,1.23740983115113E-14));
#4236=CARTESIAN_POINT('Ctrl Pts',(-5.45682412556698,210.836320534238,1.23638451255428E-14));
#4237=CARTESIAN_POINT('Ctrl Pts',(-5.30573886973701,210.688187269124,1.23473990293785E-14));
#4238=CARTESIAN_POINT('Ctrl Pts',(-5.19640460374314,210.492942012698,1.23257224514653E-14));
#4239=CARTESIAN_POINT('Ctrl Pts',(-5.12238452937198,210.263975475141,1.23003020592788E-14));
#4240=CARTESIAN_POINT('Ctrl Pts',(-5.07422669855573,210.016377996081,1.22728132170697E-14));
#4241=CARTESIAN_POINT('Ctrl Pts',(-5.04241056374783,209.7641793903,1.2244813547178E-14));
#4242=CARTESIAN_POINT('Ctrl Pts',(-5.02064102428215,209.517281784827,1.22174024065459E-14));
#4243=CARTESIAN_POINT('Ctrl Pts',(-5.0084376253442,209.279091400031,1.21909579616014E-14));
#4244=CARTESIAN_POINT('Ctrl Pts',(-5.00887740109627,209.049086651503,1.21654223048425E-14));
#4245=CARTESIAN_POINT('Ctrl Pts',(-5.02674730579199,208.82497894032,1.21405413507474E-14));
#4246=CARTESIAN_POINT('Ctrl Pts',(-5.06665573931322,208.604884963433,1.21161060106753E-14));
#4247=CARTESIAN_POINT('Ctrl Pts',(-5.13089135017416,208.389831708368,1.20922303031459E-14));
#4248=CARTESIAN_POINT('Ctrl Pts',(-5.21825245381966,208.185042027751,1.20694940812833E-14));
#4249=CARTESIAN_POINT('Ctrl Pts',(-5.32553787256043,207.997908599904,1.2048718097256E-14));
#4250=CARTESIAN_POINT('Ctrl Pts',(-5.4485724051208,207.836536812916,1.20308022299121E-14));
#4251=CARTESIAN_POINT('Ctrl Pts',(-5.58334271910473,207.708173534003,1.20165510431356E-14));
#4252=CARTESIAN_POINT('Ctrl Pts',(-5.72727345261291,207.617401173821,1.20064732867081E-14));
#4253=CARTESIAN_POINT('Ctrl Pts',(-5.84875126573126,207.576623886574,1.20019460983899E-14));
#4254=CARTESIAN_POINT('Ctrl Pts',(-5.94322707464045,207.564289042989,1.20005766556545E-14));
#4255=CARTESIAN_POINT('Ctrl Pts',(-6.0077082849562,207.564173659347,1.20005638454969E-14));
#4256=CARTESIAN_POINT('Ctrl Pts',(-6.04032317294407,207.566143006134,1.20007824869115E-14));
#4257=CARTESIAN_POINT('',(-12.719723314015,209.838771675458,-0.999999999999988));
#4258=CARTESIAN_POINT('',(-12.719723314015,209.838771675458,1.22530949544222E-14));
#4259=CARTESIAN_POINT('Ctrl Pts',(-12.719723314015,209.838771675458,-0.999999999999988));
#4260=CARTESIAN_POINT('Ctrl Pts',(-12.6728073917968,209.744923135873,-0.999999999999988));
#4261=CARTESIAN_POINT('Ctrl Pts',(-12.5829038346918,209.567963164016,-0.999999999999988));
#4262=CARTESIAN_POINT('Ctrl Pts',(-12.4598333394589,209.334734503604,-0.999999999999988));
#4263=CARTESIAN_POINT('Ctrl Pts',(-12.3193123851584,209.088194431634,-0.999999999999988));
#4264=CARTESIAN_POINT('Ctrl Pts',(-12.1823958422812,208.8866585822,-0.999999999999988));
#4265=CARTESIAN_POINT('Ctrl Pts',(-12.0825242141433,208.789439205556,-0.999999999999988));
#4266=CARTESIAN_POINT('Ctrl Pts',(-12.0162873704615,208.791817671548,-0.999999999999988));
#4267=CARTESIAN_POINT('Ctrl Pts',(-11.9779923498349,208.885884532406,-0.999999999999988));
#4268=CARTESIAN_POINT('Ctrl Pts',(-11.9590380488644,209.059674265523,-0.999999999999988));
#4269=CARTESIAN_POINT('Ctrl Pts',(-11.9494471240103,209.298470854707,-0.999999999999988));
#4270=CARTESIAN_POINT('Ctrl Pts',(-11.9395521151851,209.5862287541,-0.999999999999988));
#4271=CARTESIAN_POINT('Ctrl Pts',(-11.9214834281487,209.906884052199,-0.999999999999988));
#4272=CARTESIAN_POINT('Ctrl Pts',(-11.8910797314982,210.245870555476,-0.999999999999988));
#4273=CARTESIAN_POINT('Ctrl Pts',(-11.848360005122,210.590957081834,-0.999999999999988));
#4274=CARTESIAN_POINT('Ctrl Pts',(-11.796245721813,210.93226591336,-0.999999999999988));
#4275=CARTESIAN_POINT('Ctrl Pts',(-11.7397327602874,211.262499365455,-0.999999999999988));
#4276=CARTESIAN_POINT('Ctrl Pts',(-11.6848788177098,211.577087253846,-0.999999999999988));
#4277=CARTESIAN_POINT('Ctrl Pts',(-11.6378777703317,211.874360557872,-0.999999999999988));
#4278=CARTESIAN_POINT('Ctrl Pts',(-11.6040798141714,212.155737378879,-0.999999999999988));
#4279=CARTESIAN_POINT('Ctrl Pts',(-11.5870827773629,212.425842189968,-0.999999999999988));
#4280=CARTESIAN_POINT('Ctrl Pts',(-11.5888568154132,212.691112052608,-0.999999999999987));
#4281=CARTESIAN_POINT('Ctrl Pts',(-11.6098265949251,212.958508383647,-0.999999999999987));
#4282=CARTESIAN_POINT('Ctrl Pts',(-11.6489595267349,213.234125062771,-0.999999999999987));
#4283=CARTESIAN_POINT('Ctrl Pts',(-11.7038709572789,213.521987074025,-0.999999999999987));
#4284=CARTESIAN_POINT('Ctrl Pts',(-11.7708704833209,213.822401177649,-0.999999999999987));
#4285=CARTESIAN_POINT('Ctrl Pts',(-11.8452520123122,214.132064804912,-0.999999999999987));
#4286=CARTESIAN_POINT('Ctrl Pts',(-11.9217850264411,214.445570949315,-0.999999999999987));
#4287=CARTESIAN_POINT('Ctrl Pts',(-11.9951351699215,214.756482672126,-0.999999999999987));
#4288=CARTESIAN_POINT('Ctrl Pts',(-12.0603407208785,215.05864374447,-0.999999999999987));
#4289=CARTESIAN_POINT('Ctrl Pts',(-12.1132028577461,215.347249272413,-0.999999999999987));
#4290=CARTESIAN_POINT('Ctrl Pts',(-12.1508667188618,215.620361347663,-0.999999999999987));
#4291=CARTESIAN_POINT('Ctrl Pts',(-12.1717407389678,215.878939480338,-0.999999999999987));
#4292=CARTESIAN_POINT('Ctrl Pts',(-12.174698360271,216.125247966755,-0.999999999999987));
#4293=CARTESIAN_POINT('Ctrl Pts',(-12.1584262649598,216.361631294543,-0.999999999999987));
#4294=CARTESIAN_POINT('Ctrl Pts',(-12.1208024537609,216.589261754739,-0.999999999999987));
#4295=CARTESIAN_POINT('Ctrl Pts',(-12.0580474450154,216.806607591234,-0.999999999999987));
#4296=CARTESIAN_POINT('Ctrl Pts',(-11.9646647208485,217.008963421393,-0.999999999999987));
#4297=CARTESIAN_POINT('Ctrl Pts',(-11.835209837765,217.190491083154,-0.999999999999987));
#4298=CARTESIAN_POINT('Ctrl Pts',(-11.6657747185694,217.345851573616,-0.999999999999987));
#4299=CARTESIAN_POINT('Ctrl Pts',(-11.4554196361269,217.471805645517,-0.999999999999987));
#4300=CARTESIAN_POINT('Ctrl Pts',(-11.208045247808,217.569314621922,-0.999999999999987));
#4301=CARTESIAN_POINT('Ctrl Pts',(-10.9318907869353,217.642876881213,-0.999999999999987));
#4302=CARTESIAN_POINT('Ctrl Pts',(-10.6378797106866,217.698521976113,-0.999999999999987));
#4303=CARTESIAN_POINT('Ctrl Pts',(-10.3383253068133,217.742214718143,-0.999999999999987));
#4304=CARTESIAN_POINT('Ctrl Pts',(-10.0455034854277,217.778126719197,-0.999999999999987));
#4305=CARTESIAN_POINT('Ctrl Pts',(-9.77024551178842,217.806875328286,-0.999999999999987));
#4306=CARTESIAN_POINT('Ctrl Pts',(-9.52062778054519,217.824025214045,-0.999999999999987));
#4307=CARTESIAN_POINT('Ctrl Pts',(-9.30234657901813,217.822340066725,-0.999999999999987));
#4308=CARTESIAN_POINT('Ctrl Pts',(-9.11898966026094,217.793882511674,-0.999999999999987));
#4309=CARTESIAN_POINT('Ctrl Pts',(-8.972332775024,217.731997262281,-0.999999999999987));
#4310=CARTESIAN_POINT('Ctrl Pts',(-8.8626559330726,217.633759356903,-0.999999999999987));
#4311=CARTESIAN_POINT('Ctrl Pts',(-8.78893583869981,217.500742401257,-0.999999999999987));
#4312=CARTESIAN_POINT('Ctrl Pts',(-8.74882262623064,217.337256893771,-0.999999999999987));
#4313=CARTESIAN_POINT('Ctrl Pts',(-8.73869342906482,217.149232456281,-0.999999999999987));
#4314=CARTESIAN_POINT('Ctrl Pts',(-8.75361304129534,216.942760467097,-0.999999999999987));
#4315=CARTESIAN_POINT('Ctrl Pts',(-8.78786410338915,216.723437042666,-0.999999999999987));
#4316=CARTESIAN_POINT('Ctrl Pts',(-8.83560763514327,216.495776578142,-0.999999999999987));
#4317=CARTESIAN_POINT('Ctrl Pts',(-8.89146560980005,216.262655604697,-0.999999999999987));
#4318=CARTESIAN_POINT('Ctrl Pts',(-8.9512129695512,216.024624176426,-0.999999999999987));
#4319=CARTESIAN_POINT('Ctrl Pts',(-9.01218530263253,215.779641890417,-0.999999999999987));
#4320=CARTESIAN_POINT('Ctrl Pts',(-9.07275543451269,215.524268912389,-0.999999999999987));
#4321=CARTESIAN_POINT('Ctrl Pts',(-9.13196768480587,215.254605280921,-0.999999999999987));
#4322=CARTESIAN_POINT('Ctrl Pts',(-9.18910220013925,214.967349402366,-0.999999999999987));
#4323=CARTESIAN_POINT('Ctrl Pts',(-9.243288859623,214.66075815418,-0.999999999999987));
#4324=CARTESIAN_POINT('Ctrl Pts',(-9.29304782737398,214.33577700314,-0.999999999999987));
#4325=CARTESIAN_POINT('Ctrl Pts',(-9.3364721354905,213.995614875832,-0.999999999999987));
#4326=CARTESIAN_POINT('Ctrl Pts',(-9.37149675509926,213.645112952629,-0.999999999999987));
#4327=CARTESIAN_POINT('Ctrl Pts',(-9.39613110575366,213.290191894017,-0.999999999999987));
#4328=CARTESIAN_POINT('Ctrl Pts',(-9.40872043129483,212.937256077068,-0.999999999999987));
#4329=CARTESIAN_POINT('Ctrl Pts',(-9.40816367982868,212.592641510448,-0.999999999999988));
#4330=CARTESIAN_POINT('Ctrl Pts',(-9.39422599425069,212.261985056111,-0.999999999999988));
#4331=CARTESIAN_POINT('Ctrl Pts',(-9.36756286855556,211.949822110091,-0.999999999999988));
#4332=CARTESIAN_POINT('Ctrl Pts',(-9.32902284822702,211.659724461927,-0.999999999999988));
#4333=CARTESIAN_POINT('Ctrl Pts',(-9.27912067065202,211.394336862985,-0.999999999999988));
#4334=CARTESIAN_POINT('Ctrl Pts',(-9.21738108735819,211.155443519365,-0.999999999999988));
#4335=CARTESIAN_POINT('Ctrl Pts',(-9.14187927595168,210.944043796682,-0.999999999999988));
#4336=CARTESIAN_POINT('Ctrl Pts',(-9.04833967599765,210.760366649239,-0.999999999999988));
#4337=CARTESIAN_POINT('Ctrl Pts',(-8.93107803802985,210.604181182529,-0.999999999999988));
#4338=CARTESIAN_POINT('Ctrl Pts',(-8.7852989438238,210.475353816635,-0.999999999999988));
#4339=CARTESIAN_POINT('Ctrl Pts',(-8.6087877485373,210.37426075229,-0.999999999999988));
#4340=CARTESIAN_POINT('Ctrl Pts',(-8.40431413772641,210.302421988432,-0.999999999999988));
#4341=CARTESIAN_POINT('Ctrl Pts',(-8.18026110448915,210.262524290453,-0.999999999999988));
#4342=CARTESIAN_POINT('Ctrl Pts',(-7.94724352720034,210.25703289213,-0.999999999999988));
#4343=CARTESIAN_POINT('Ctrl Pts',(-7.71533325545168,210.287015725025,-0.999999999999988));
#4344=CARTESIAN_POINT('Ctrl Pts',(-7.49139587431,210.351010005058,-0.999999999999988));
#4345=CARTESIAN_POINT('Ctrl Pts',(-7.27550146454601,210.443551697464,-0.999999999999988));
#4346=CARTESIAN_POINT('Ctrl Pts',(-7.06215279048998,210.555465627829,-0.999999999999988));
#4347=CARTESIAN_POINT('Ctrl Pts',(-6.84392890512693,210.675082553956,-0.999999999999988));
#4348=CARTESIAN_POINT('Ctrl Pts',(-6.61454785217113,210.789154739804,-0.999999999999988));
#4349=CARTESIAN_POINT('Ctrl Pts',(-6.37177479985182,210.883916487533,-0.999999999999988));
#4350=CARTESIAN_POINT('Ctrl Pts',(-6.12139127906604,210.946030009262,-0.999999999999988));
#4351=CARTESIAN_POINT('Ctrl Pts',(-5.87581103987378,210.963828792761,-0.999999999999988));
#4352=CARTESIAN_POINT('Ctrl Pts',(-5.64976565748044,210.928673023252,-0.999999999999988));
#4353=CARTESIAN_POINT('Ctrl Pts',(-5.45682412556698,210.836320534238,-0.999999999999988));
#4354=CARTESIAN_POINT('Ctrl Pts',(-5.30573886973701,210.688187269124,-0.999999999999988));
#4355=CARTESIAN_POINT('Ctrl Pts',(-5.19640460374314,210.492942012698,-0.999999999999988));
#4356=CARTESIAN_POINT('Ctrl Pts',(-5.12238452937198,210.263975475141,-0.999999999999988));
#4357=CARTESIAN_POINT('Ctrl Pts',(-5.07422669855573,210.016377996081,-0.999999999999988));
#4358=CARTESIAN_POINT('Ctrl Pts',(-5.04241056374783,209.7641793903,-0.999999999999988));
#4359=CARTESIAN_POINT('Ctrl Pts',(-5.02064102428215,209.517281784827,-0.999999999999988));
#4360=CARTESIAN_POINT('Ctrl Pts',(-5.0084376253442,209.279091400031,-0.999999999999988));
#4361=CARTESIAN_POINT('Ctrl Pts',(-5.00887740109627,209.049086651503,-0.999999999999988));
#4362=CARTESIAN_POINT('Ctrl Pts',(-5.02674730579199,208.82497894032,-0.999999999999988));
#4363=CARTESIAN_POINT('Ctrl Pts',(-5.06665573931322,208.604884963433,-0.999999999999988));
#4364=CARTESIAN_POINT('Ctrl Pts',(-5.13089135017416,208.389831708368,-0.999999999999988));
#4365=CARTESIAN_POINT('Ctrl Pts',(-5.21825245381966,208.185042027751,-0.999999999999988));
#4366=CARTESIAN_POINT('Ctrl Pts',(-5.32553787256043,207.997908599904,-0.999999999999988));
#4367=CARTESIAN_POINT('Ctrl Pts',(-5.4485724051208,207.836536812916,-0.999999999999988));
#4368=CARTESIAN_POINT('Ctrl Pts',(-5.58334271910473,207.708173534003,-0.999999999999988));
#4369=CARTESIAN_POINT('Ctrl Pts',(-5.72727345261291,207.617401173821,-0.999999999999988));
#4370=CARTESIAN_POINT('Ctrl Pts',(-5.84875126573126,207.576623886574,-0.999999999999988));
#4371=CARTESIAN_POINT('Ctrl Pts',(-5.94322707464045,207.564289042989,-0.999999999999988));
#4372=CARTESIAN_POINT('Ctrl Pts',(-6.0077082849562,207.564173659347,-0.999999999999988));
#4373=CARTESIAN_POINT('Ctrl Pts',(-6.04032317294407,207.566143006134,-0.999999999999988));
#4374=CARTESIAN_POINT('Ctrl Pts',(-15.2146791680082,217.853582868079,1.31429177468293E-14));
#4375=CARTESIAN_POINT('Ctrl Pts',(-15.2146791680082,217.853582868079,-0.999999999999987));
#4376=CARTESIAN_POINT('Ctrl Pts',(-15.2236591603029,217.864248029642,1.31441018176222E-14));
#4377=CARTESIAN_POINT('Ctrl Pts',(-15.2236591603029,217.864248029642,-0.999999999999987));
#4378=CARTESIAN_POINT('Ctrl Pts',(-15.234962984605,217.881000428724,1.314596170754E-14));
#4379=CARTESIAN_POINT('Ctrl Pts',(-15.234962984605,217.881000428724,-0.999999999999987));
#4380=CARTESIAN_POINT('Ctrl Pts',(-15.2319526384702,217.892396577033,1.31472269341645E-14));
#4381=CARTESIAN_POINT('Ctrl Pts',(-15.2319526384702,217.892396577033,-0.999999999999987));
#4382=CARTESIAN_POINT('Ctrl Pts',(-15.1879135175686,217.880065319764,1.31458578895902E-14));
#4383=CARTESIAN_POINT('Ctrl Pts',(-15.1879135175686,217.880065319764,-0.999999999999987));
#4384=CARTESIAN_POINT('Ctrl Pts',(-15.0683983140724,217.819729178056,1.31391592322161E-14));
#4385=CARTESIAN_POINT('Ctrl Pts',(-15.0683983140724,217.819729178056,-0.999999999999987));
#4386=CARTESIAN_POINT('Ctrl Pts',(-14.891500689362,217.717630723576,1.31278240267219E-14));
#4387=CARTESIAN_POINT('Ctrl Pts',(-14.891500689362,217.717630723576,-0.999999999999987));
#4388=CARTESIAN_POINT('Ctrl Pts',(-14.6727649496153,217.580920656405,1.31126461602948E-14));
#4389=CARTESIAN_POINT('Ctrl Pts',(-14.6727649496153,217.580920656405,-0.999999999999987));
#4390=CARTESIAN_POINT('Ctrl Pts',(-14.4337908418196,217.419216779395,1.30946934235519E-14));
#4391=CARTESIAN_POINT('Ctrl Pts',(-14.4337908418196,217.419216779395,-0.999999999999987));
#4392=CARTESIAN_POINT('Ctrl Pts',(-14.1976119481153,217.241877845326,1.30750048467754E-14));
#4393=CARTESIAN_POINT('Ctrl Pts',(-14.1976119481153,217.241877845326,-0.999999999999987));
#4394=CARTESIAN_POINT('Ctrl Pts',(-13.9846936977148,217.055578122458,1.30543214225945E-14));
#4395=CARTESIAN_POINT('Ctrl Pts',(-13.9846936977148,217.055578122458,-0.999999999999987));
#4396=CARTESIAN_POINT('Ctrl Pts',(-13.8089411928154,216.861966081249,1.3032826167995E-14));
#4397=CARTESIAN_POINT('Ctrl Pts',(-13.8089411928154,216.861966081249,-0.999999999999987));
#4398=CARTESIAN_POINT('Ctrl Pts',(-13.6729280343509,216.654677255619,1.30098124852987E-14));
#4399=CARTESIAN_POINT('Ctrl Pts',(-13.6729280343509,216.654677255619,-0.999999999999987));
#4400=CARTESIAN_POINT('Ctrl Pts',(-13.5705712160215,216.422264019029,1.29840094326498E-14));
#4401=CARTESIAN_POINT('Ctrl Pts',(-13.5705712160215,216.422264019029,-0.999999999999987));
#4402=CARTESIAN_POINT('Ctrl Pts',(-13.4910143841211,216.152078038439,1.29540127629916E-14));
#4403=CARTESIAN_POINT('Ctrl Pts',(-13.4910143841211,216.152078038439,-0.999999999999987));
#4404=CARTESIAN_POINT('Ctrl Pts',(-13.422086836921,215.833872075393,1.2918684804317E-14));
#4405=CARTESIAN_POINT('Ctrl Pts',(-13.422086836921,215.833872075393,-0.999999999999987));
#4406=CARTESIAN_POINT('Ctrl Pts',(-13.3538035061019,215.463389047885,1.28775529255797E-14));
#4407=CARTESIAN_POINT('Ctrl Pts',(-13.3538035061019,215.463389047885,-0.999999999999987));
#4408=CARTESIAN_POINT('Ctrl Pts',(-13.2821586246838,215.046403189146,1.28312581954482E-14));
#4409=CARTESIAN_POINT('Ctrl Pts',(-13.2821586246838,215.046403189146,-0.999999999999987));
#4410=CARTESIAN_POINT('Ctrl Pts',(-13.2078951695533,214.596189310416,1.2781274414031E-14));
#4411=CARTESIAN_POINT('Ctrl Pts',(-13.2078951695533,214.596189310416,-0.999999999999987));
#4412=CARTESIAN_POINT('Ctrl Pts',(-13.1348151937017,214.13040290569,1.27295617349226E-14));
#4413=CARTESIAN_POINT('Ctrl Pts',(-13.1348151937017,214.13040290569,-0.999999999999987));
#4414=CARTESIAN_POINT('Ctrl Pts',(-13.0683096577323,213.668272861659,1.26782549933972E-14));
#4415=CARTESIAN_POINT('Ctrl Pts',(-13.0683096577323,213.668272861659,-0.999999999999987));
#4416=CARTESIAN_POINT('Ctrl Pts',(-13.0137501472399,213.227563538425,1.2629326429615E-14));
#4417=CARTESIAN_POINT('Ctrl Pts',(-13.0137501472399,213.227563538425,-0.999999999999987));
#4418=CARTESIAN_POINT('Ctrl Pts',(-12.9750842104149,212.821915214898,1.25842904187471E-14));
#4419=CARTESIAN_POINT('Ctrl Pts',(-12.9750842104149,212.821915214898,-0.999999999999987));
#4420=CARTESIAN_POINT('Ctrl Pts',(-12.9529855453132,212.457298706413,1.25438098544592E-14));
#4421=CARTESIAN_POINT('Ctrl Pts',(-12.9529855453132,212.457298706413,-0.999999999999988));
#4422=CARTESIAN_POINT('Ctrl Pts',(-12.9444485367701,212.131342844625,1.25076214841823E-14));
#4423=CARTESIAN_POINT('Ctrl Pts',(-12.9444485367701,212.131342844625,-0.999999999999988));
#4424=CARTESIAN_POINT('Ctrl Pts',(-12.9442475786919,211.83638006611,1.24748740373708E-14));
#4425=CARTESIAN_POINT('Ctrl Pts',(-12.9442475786919,211.83638006611,-0.999999999999988));
#4426=CARTESIAN_POINT('Ctrl Pts',(-12.9459207853662,211.561535207635,1.24443601283629E-14));
#4427=CARTESIAN_POINT('Ctrl Pts',(-12.9459207853662,211.561535207635,-0.999999999999988));
#4428=CARTESIAN_POINT('Ctrl Pts',(-12.9429097602193,211.295120090892,1.24147821086913E-14));
#4429=CARTESIAN_POINT('Ctrl Pts',(-12.9429097602193,211.295120090892,-0.999999999999988));
#4430=CARTESIAN_POINT('Ctrl Pts',(-12.9296828604692,211.026988867197,1.23850135628746E-14));
#4431=CARTESIAN_POINT('Ctrl Pts',(-12.9296828604692,211.026988867197,-0.999999999999988));
#4432=CARTESIAN_POINT('Ctrl Pts',(-12.9027127810821,210.750597855613,1.23543279963886E-14));
#4433=CARTESIAN_POINT('Ctrl Pts',(-12.9027127810821,210.750597855613,-0.999999999999988));
#4434=CARTESIAN_POINT('Ctrl Pts',(-12.8599494217108,210.462062361833,1.2322294121527E-14));
#4435=CARTESIAN_POINT('Ctrl Pts',(-12.8599494217108,210.462062361833,-0.999999999999988));
#4436=CARTESIAN_POINT('Ctrl Pts',(-12.8123498198284,210.220030211237,1.22954231548978E-14));
#4437=CARTESIAN_POINT('Ctrl Pts',(-12.8123498198284,210.220030211237,-0.999999999999988));
#4438=CARTESIAN_POINT('Ctrl Pts',(-12.7690043913086,210.031946870579,1.22745417093632E-14));
#4439=CARTESIAN_POINT('Ctrl Pts',(-12.7690043913086,210.031946870579,-0.999999999999988));
#4440=CARTESIAN_POINT('Ctrl Pts',(-12.7367156450498,209.90364835621,1.22602977128954E-14));
#4441=CARTESIAN_POINT('Ctrl Pts',(-12.7367156450498,209.90364835621,-0.999999999999988));
#4442=CARTESIAN_POINT('Ctrl Pts',(-12.719723314015,209.838771675458,1.22530949544222E-14));
#4443=CARTESIAN_POINT('Ctrl Pts',(-12.719723314015,209.838771675458,-0.999999999999988));
#4444=CARTESIAN_POINT('Ctrl Pts',(-15.2146791680082,217.853582868079,1.31429177468293E-14));
#4445=CARTESIAN_POINT('Ctrl Pts',(-15.2236591603029,217.864248029642,1.31441018176222E-14));
#4446=CARTESIAN_POINT('Ctrl Pts',(-15.234962984605,217.881000428724,1.314596170754E-14));
#4447=CARTESIAN_POINT('Ctrl Pts',(-15.2319526384702,217.892396577033,1.31472269341645E-14));
#4448=CARTESIAN_POINT('Ctrl Pts',(-15.1879135175686,217.880065319764,1.31458578895902E-14));
#4449=CARTESIAN_POINT('Ctrl Pts',(-15.0683983140724,217.819729178056,1.31391592322161E-14));
#4450=CARTESIAN_POINT('Ctrl Pts',(-14.891500689362,217.717630723576,1.31278240267219E-14));
#4451=CARTESIAN_POINT('Ctrl Pts',(-14.6727649496153,217.580920656405,1.31126461602948E-14));
#4452=CARTESIAN_POINT('Ctrl Pts',(-14.4337908418196,217.419216779395,1.30946934235519E-14));
#4453=CARTESIAN_POINT('Ctrl Pts',(-14.1976119481153,217.241877845326,1.30750048467754E-14));
#4454=CARTESIAN_POINT('Ctrl Pts',(-13.9846936977148,217.055578122458,1.30543214225945E-14));
#4455=CARTESIAN_POINT('Ctrl Pts',(-13.8089411928154,216.861966081249,1.3032826167995E-14));
#4456=CARTESIAN_POINT('Ctrl Pts',(-13.6729280343509,216.654677255619,1.30098124852987E-14));
#4457=CARTESIAN_POINT('Ctrl Pts',(-13.5705712160215,216.422264019029,1.29840094326498E-14));
#4458=CARTESIAN_POINT('Ctrl Pts',(-13.4910143841211,216.152078038439,1.29540127629916E-14));
#4459=CARTESIAN_POINT('Ctrl Pts',(-13.422086836921,215.833872075393,1.2918684804317E-14));
#4460=CARTESIAN_POINT('Ctrl Pts',(-13.3538035061019,215.463389047885,1.28775529255797E-14));
#4461=CARTESIAN_POINT('Ctrl Pts',(-13.2821586246838,215.046403189146,1.28312581954482E-14));
#4462=CARTESIAN_POINT('Ctrl Pts',(-13.2078951695533,214.596189310416,1.2781274414031E-14));
#4463=CARTESIAN_POINT('Ctrl Pts',(-13.1348151937017,214.13040290569,1.27295617349226E-14));
#4464=CARTESIAN_POINT('Ctrl Pts',(-13.0683096577323,213.668272861659,1.26782549933972E-14));
#4465=CARTESIAN_POINT('Ctrl Pts',(-13.0137501472399,213.227563538425,1.2629326429615E-14));
#4466=CARTESIAN_POINT('Ctrl Pts',(-12.9750842104149,212.821915214898,1.25842904187471E-14));
#4467=CARTESIAN_POINT('Ctrl Pts',(-12.9529855453132,212.457298706413,1.25438098544592E-14));
#4468=CARTESIAN_POINT('Ctrl Pts',(-12.9444485367701,212.131342844625,1.25076214841823E-14));
#4469=CARTESIAN_POINT('Ctrl Pts',(-12.9442475786919,211.83638006611,1.24748740373708E-14));
#4470=CARTESIAN_POINT('Ctrl Pts',(-12.9459207853662,211.561535207635,1.24443601283629E-14));
#4471=CARTESIAN_POINT('Ctrl Pts',(-12.9429097602193,211.295120090892,1.24147821086913E-14));
#4472=CARTESIAN_POINT('Ctrl Pts',(-12.9296828604692,211.026988867197,1.23850135628746E-14));
#4473=CARTESIAN_POINT('Ctrl Pts',(-12.9027127810821,210.750597855613,1.23543279963886E-14));
#4474=CARTESIAN_POINT('Ctrl Pts',(-12.8599494217108,210.462062361833,1.2322294121527E-14));
#4475=CARTESIAN_POINT('Ctrl Pts',(-12.8123498198284,210.220030211237,1.22954231548978E-14));
#4476=CARTESIAN_POINT('Ctrl Pts',(-12.7690043913086,210.031946870579,1.22745417093632E-14));
#4477=CARTESIAN_POINT('Ctrl Pts',(-12.7367156450498,209.90364835621,1.22602977128954E-14));
#4478=CARTESIAN_POINT('Ctrl Pts',(-12.719723314015,209.838771675458,1.22530949544222E-14));
#4479=CARTESIAN_POINT('Ctrl Pts',(-15.2146791680082,217.853582868079,-0.999999999999987));
#4480=CARTESIAN_POINT('Ctrl Pts',(-15.2236591603029,217.864248029642,-0.999999999999987));
#4481=CARTESIAN_POINT('Ctrl Pts',(-15.234962984605,217.881000428724,-0.999999999999987));
#4482=CARTESIAN_POINT('Ctrl Pts',(-15.2319526384702,217.892396577033,-0.999999999999987));
#4483=CARTESIAN_POINT('Ctrl Pts',(-15.1879135175686,217.880065319764,-0.999999999999987));
#4484=CARTESIAN_POINT('Ctrl Pts',(-15.0683983140724,217.819729178056,-0.999999999999987));
#4485=CARTESIAN_POINT('Ctrl Pts',(-14.891500689362,217.717630723576,-0.999999999999987));
#4486=CARTESIAN_POINT('Ctrl Pts',(-14.6727649496153,217.580920656405,-0.999999999999987));
#4487=CARTESIAN_POINT('Ctrl Pts',(-14.4337908418196,217.419216779395,-0.999999999999987));
#4488=CARTESIAN_POINT('Ctrl Pts',(-14.1976119481153,217.241877845326,-0.999999999999987));
#4489=CARTESIAN_POINT('Ctrl Pts',(-13.9846936977148,217.055578122458,-0.999999999999987));
#4490=CARTESIAN_POINT('Ctrl Pts',(-13.8089411928154,216.861966081249,-0.999999999999987));
#4491=CARTESIAN_POINT('Ctrl Pts',(-13.6729280343509,216.654677255619,-0.999999999999987));
#4492=CARTESIAN_POINT('Ctrl Pts',(-13.5705712160215,216.422264019029,-0.999999999999987));
#4493=CARTESIAN_POINT('Ctrl Pts',(-13.4910143841211,216.152078038439,-0.999999999999987));
#4494=CARTESIAN_POINT('Ctrl Pts',(-13.422086836921,215.833872075393,-0.999999999999987));
#4495=CARTESIAN_POINT('Ctrl Pts',(-13.3538035061019,215.463389047885,-0.999999999999987));
#4496=CARTESIAN_POINT('Ctrl Pts',(-13.2821586246838,215.046403189146,-0.999999999999987));
#4497=CARTESIAN_POINT('Ctrl Pts',(-13.2078951695533,214.596189310416,-0.999999999999987));
#4498=CARTESIAN_POINT('Ctrl Pts',(-13.1348151937017,214.13040290569,-0.999999999999987));
#4499=CARTESIAN_POINT('Ctrl Pts',(-13.0683096577323,213.668272861659,-0.999999999999987));
#4500=CARTESIAN_POINT('Ctrl Pts',(-13.0137501472399,213.227563538425,-0.999999999999987));
#4501=CARTESIAN_POINT('Ctrl Pts',(-12.9750842104149,212.821915214898,-0.999999999999987));
#4502=CARTESIAN_POINT('Ctrl Pts',(-12.9529855453132,212.457298706413,-0.999999999999988));
#4503=CARTESIAN_POINT('Ctrl Pts',(-12.9444485367701,212.131342844625,-0.999999999999988));
#4504=CARTESIAN_POINT('Ctrl Pts',(-12.9442475786919,211.83638006611,-0.999999999999988));
#4505=CARTESIAN_POINT('Ctrl Pts',(-12.9459207853662,211.561535207635,-0.999999999999988));
#4506=CARTESIAN_POINT('Ctrl Pts',(-12.9429097602193,211.295120090892,-0.999999999999988));
#4507=CARTESIAN_POINT('Ctrl Pts',(-12.9296828604692,211.026988867197,-0.999999999999988));
#4508=CARTESIAN_POINT('Ctrl Pts',(-12.9027127810821,210.750597855613,-0.999999999999988));
#4509=CARTESIAN_POINT('Ctrl Pts',(-12.8599494217108,210.462062361833,-0.999999999999988));
#4510=CARTESIAN_POINT('Ctrl Pts',(-12.8123498198284,210.220030211237,-0.999999999999988));
#4511=CARTESIAN_POINT('Ctrl Pts',(-12.7690043913086,210.031946870579,-0.999999999999988));
#4512=CARTESIAN_POINT('Ctrl Pts',(-12.7367156450498,209.90364835621,-0.999999999999988));
#4513=CARTESIAN_POINT('Ctrl Pts',(-12.719723314015,209.838771675458,-0.999999999999988));
#4514=CARTESIAN_POINT('Origin',(-12.6171200249388,211.987769768056,-0.999999999999988));
#4515=CARTESIAN_POINT('Ctrl Pts',(-21.6294926445749,214.659443593379,1.27882970501662E-14));
#4516=CARTESIAN_POINT('Ctrl Pts',(-21.6294926445749,214.659443593379,-0.999999999999987));
#4517=CARTESIAN_POINT('Ctrl Pts',(-21.6771437799949,214.664554041289,1.27888644238597E-14));
#4518=CARTESIAN_POINT('Ctrl Pts',(-21.6771437799949,214.664554041289,-0.999999999999987));
#4519=CARTESIAN_POINT('Ctrl Pts',(-21.7700226396684,214.669596106654,1.27894242055657E-14));
#4520=CARTESIAN_POINT('Ctrl Pts',(-21.7700226396684,214.669596106654,-0.999999999999987));
#4521=CARTESIAN_POINT('Ctrl Pts',(-21.9020706657329,214.661621477711,1.27885388438993E-14));
#4522=CARTESIAN_POINT('Ctrl Pts',(-21.9020706657329,214.661621477711,-0.999999999999987));
#4523=CARTESIAN_POINT('Ctrl Pts',(-22.0627470650002,214.619747282544,1.2783889874338E-14));
#4524=CARTESIAN_POINT('Ctrl Pts',(-22.0627470650002,214.619747282544,-0.999999999999987));
#4525=CARTESIAN_POINT('Ctrl Pts',(-22.2327504681625,214.516252738925,1.27723996718131E-14));
#4526=CARTESIAN_POINT('Ctrl Pts',(-22.2327504681625,214.516252738925,-0.999999999999987));
#4527=CARTESIAN_POINT('Ctrl Pts',(-22.364791496104,214.36633007637,1.27557549126249E-14));
#4528=CARTESIAN_POINT('Ctrl Pts',(-22.364791496104,214.36633007637,-0.999999999999987));
#4529=CARTESIAN_POINT('Ctrl Pts',(-22.4509663453519,214.180418901587,1.27351146259471E-14));
#4530=CARTESIAN_POINT('Ctrl Pts',(-22.4509663453519,214.180418901587,-0.999999999999987));
#4531=CARTESIAN_POINT('Ctrl Pts',(-22.483748120134,213.977948275563,1.27126358708649E-14));
#4532=CARTESIAN_POINT('Ctrl Pts',(-22.483748120134,213.977948275563,-0.999999999999987));
#4533=CARTESIAN_POINT('Ctrl Pts',(-22.4570880384933,213.785917170266,1.26913161354104E-14));
#4534=CARTESIAN_POINT('Ctrl Pts',(-22.4570880384933,213.785917170266,-0.999999999999987));
#4535=CARTESIAN_POINT('Ctrl Pts',(-22.3675029479489,213.631663075067,1.2674190490597E-14));
#4536=CARTESIAN_POINT('Ctrl Pts',(-22.3675029479489,213.631663075067,-0.999999999999987));
#4537=CARTESIAN_POINT('Ctrl Pts',(-22.2151050820553,213.537390400975,1.26637241212601E-14));
#4538=CARTESIAN_POINT('Ctrl Pts',(-22.2151050820553,213.537390400975,-0.999999999999987));
#4539=CARTESIAN_POINT('Ctrl Pts',(-22.004837518591,213.513391112868,1.26610596650369E-14));
#4540=CARTESIAN_POINT('Ctrl Pts',(-22.004837518591,213.513391112868,-0.999999999999987));
#4541=CARTESIAN_POINT('Ctrl Pts',(-21.7471573454458,213.553487497495,1.26655112579787E-14));
#4542=CARTESIAN_POINT('Ctrl Pts',(-21.7471573454458,213.553487497495,-0.999999999999987));
#4543=CARTESIAN_POINT('Ctrl Pts',(-21.4557581897816,213.640629393565,1.26751859519213E-14));
#4544=CARTESIAN_POINT('Ctrl Pts',(-21.4557581897816,213.640629393565,-0.999999999999987));
#4545=CARTESIAN_POINT('Ctrl Pts',(-21.145733680783,213.751098796945,1.26874505194362E-14));
#4546=CARTESIAN_POINT('Ctrl Pts',(-21.145733680783,213.751098796945,-0.999999999999987));
#4547=CARTESIAN_POINT('Ctrl Pts',(-20.8314866588699,213.859377768183,1.26994719001313E-14));
#4548=CARTESIAN_POINT('Ctrl Pts',(-20.8314866588699,213.859377768183,-0.999999999999987));
#4549=CARTESIAN_POINT('Ctrl Pts',(-20.5249634975508,213.9423461013,1.27086832355055E-14));
#4550=CARTESIAN_POINT('Ctrl Pts',(-20.5249634975508,213.9423461013,-0.999999999999987));
#4551=CARTESIAN_POINT('Ctrl Pts',(-20.2331976144708,213.984708774345,1.27133864370054E-14));
#4552=CARTESIAN_POINT('Ctrl Pts',(-20.2331976144708,213.984708774345,-0.999999999999987));
#4553=CARTESIAN_POINT('Ctrl Pts',(-19.9588148400616,213.979285609271,1.27127843447322E-14));
#4554=CARTESIAN_POINT('Ctrl Pts',(-19.9588148400616,213.979285609271,-0.999999999999987));
#4555=CARTESIAN_POINT('Ctrl Pts',(-19.7021023483437,213.924582088668,1.27067110339221E-14));
#4556=CARTESIAN_POINT('Ctrl Pts',(-19.7021023483437,213.924582088668,-0.999999999999987));
#4557=CARTESIAN_POINT('Ctrl Pts',(-19.4626324040681,213.823185184598,1.26954537161697E-14));
#4558=CARTESIAN_POINT('Ctrl Pts',(-19.4626324040681,213.823185184598,-0.999999999999987));
#4559=CARTESIAN_POINT('Ctrl Pts',(-19.2409531161049,213.679933234996,1.26795495548926E-14));
#4560=CARTESIAN_POINT('Ctrl Pts',(-19.2409531161049,213.679933234996,-0.999999999999987));
#4561=CARTESIAN_POINT('Ctrl Pts',(-19.0405169101552,213.499976061809,1.26595702951808E-14));
#4562=CARTESIAN_POINT('Ctrl Pts',(-19.0405169101552,213.499976061809,-0.999999999999987));
#4563=CARTESIAN_POINT('Ctrl Pts',(-18.8686771254282,213.287591025718,1.26359908194653E-14));
#4564=CARTESIAN_POINT('Ctrl Pts',(-18.8686771254282,213.287591025718,-0.999999999999987));
#4565=CARTESIAN_POINT('Ctrl Pts',(-18.7347195990206,213.047512589918,1.26093367587513E-14));
#4566=CARTESIAN_POINT('Ctrl Pts',(-18.7347195990206,213.047512589918,-0.999999999999987));
#4567=CARTESIAN_POINT('Ctrl Pts',(-18.6484305047603,212.785803162464,1.25802811755391E-14));
#4568=CARTESIAN_POINT('Ctrl Pts',(-18.6484305047603,212.785803162464,-0.999999999999987));
#4569=CARTESIAN_POINT('Ctrl Pts',(-18.6184388747297,212.51094276149,1.25497655409672E-14));
#4570=CARTESIAN_POINT('Ctrl Pts',(-18.6184388747297,212.51094276149,-0.999999999999988));
#4571=CARTESIAN_POINT('Ctrl Pts',(-18.6506840661021,212.234764406889,1.25191035841491E-14));
#4572=CARTESIAN_POINT('Ctrl Pts',(-18.6506840661021,212.234764406889,-0.999999999999988));
#4573=CARTESIAN_POINT('Ctrl Pts',(-18.7467216604043,211.973662244115,1.24901154208601E-14));
#4574=CARTESIAN_POINT('Ctrl Pts',(-18.7467216604043,211.973662244115,-0.999999999999988));
#4575=CARTESIAN_POINT('Ctrl Pts',(-18.9041235138072,211.745805928546,1.24648182880749E-14));
#4576=CARTESIAN_POINT('Ctrl Pts',(-18.9041235138072,211.745805928546,-0.999999999999988));
#4577=CARTESIAN_POINT('Ctrl Pts',(-19.1169961875069,211.568190726643,1.24450990394073E-14));
#4578=CARTESIAN_POINT('Ctrl Pts',(-19.1169961875069,211.568190726643,-0.999999999999988));
#4579=CARTESIAN_POINT('Ctrl Pts',(-19.3764237047255,211.453592107081,1.24323760368045E-14));
#4580=CARTESIAN_POINT('Ctrl Pts',(-19.3764237047255,211.453592107081,-0.999999999999988));
#4581=CARTESIAN_POINT('Ctrl Pts',(-19.670956810924,211.407886815426,1.24273017300902E-14));
#4582=CARTESIAN_POINT('Ctrl Pts',(-19.670956810924,211.407886815426,-0.999999999999988));
#4583=CARTESIAN_POINT('Ctrl Pts',(-19.9869854311177,211.426314256627,1.24293475870408E-14));
#4584=CARTESIAN_POINT('Ctrl Pts',(-19.9869854311177,211.426314256627,-0.999999999999988));
#4585=CARTESIAN_POINT('Ctrl Pts',(-20.3095915156363,211.494846694518,1.24369562160889E-14));
#4586=CARTESIAN_POINT('Ctrl Pts',(-20.3095915156363,211.494846694518,-0.999999999999988));
#4587=CARTESIAN_POINT('Ctrl Pts',(-20.6236234958867,211.593894859595,1.24479527714304E-14));
#4588=CARTESIAN_POINT('Ctrl Pts',(-20.6236234958867,211.593894859595,-0.999999999999988));
#4589=CARTESIAN_POINT('Ctrl Pts',(-20.9146857672268,211.701212297704,1.24598674005037E-14));
#4590=CARTESIAN_POINT('Ctrl Pts',(-20.9146857672268,211.701212297704,-0.999999999999988));
#4591=CARTESIAN_POINT('Ctrl Pts',(-21.1701923691888,211.795178681148,1.24702997647477E-14));
#4592=CARTESIAN_POINT('Ctrl Pts',(-21.1701923691888,211.795178681148,-0.999999999999988));
#4593=CARTESIAN_POINT('Ctrl Pts',(-21.3803387028466,211.857769613715,1.24772487541945E-14));
#4594=CARTESIAN_POINT('Ctrl Pts',(-21.3803387028466,211.857769613715,-0.999999999999988));
#4595=CARTESIAN_POINT('Ctrl Pts',(-21.5392874006993,211.878068842202,1.24795024212794E-14));
#4596=CARTESIAN_POINT('Ctrl Pts',(-21.5392874006993,211.878068842202,-0.999999999999988));
#4597=CARTESIAN_POINT('Ctrl Pts',(-21.6232838818883,211.856264857282,1.24770816926708E-14));
#4598=CARTESIAN_POINT('Ctrl Pts',(-21.6232838818883,211.856264857282,-0.999999999999988));
#4599=CARTESIAN_POINT('Ctrl Pts',(-21.6616348783191,211.817757354113,1.24728065010068E-14));
#4600=CARTESIAN_POINT('Ctrl Pts',(-21.6616348783191,211.817757354113,-0.999999999999988));
#4601=CARTESIAN_POINT('Ctrl Pts',(-21.6762600246237,211.782250681626,1.24688644684746E-14));
#4602=CARTESIAN_POINT('Ctrl Pts',(-21.6762600246237,211.782250681626,-0.999999999999988));
#4603=CARTESIAN_POINT('Ctrl Pts',(-21.6808370162653,211.762038512047,1.24666204668702E-14));
#4604=CARTESIAN_POINT('Ctrl Pts',(-21.6808370162653,211.762038512047,-0.999999999999988));
#4605=CARTESIAN_POINT('',(-21.6294926445749,214.659443593379,1.27882970501662E-14));
#4606=CARTESIAN_POINT('',(-21.6808370162653,211.762038512047,1.24666204668702E-14));
#4607=CARTESIAN_POINT('Ctrl Pts',(-21.6294926445749,214.659443593379,1.27882970501662E-14));
#4608=CARTESIAN_POINT('Ctrl Pts',(-21.6771437799949,214.664554041289,1.27888644238597E-14));
#4609=CARTESIAN_POINT('Ctrl Pts',(-21.7700226396684,214.669596106654,1.27894242055657E-14));
#4610=CARTESIAN_POINT('Ctrl Pts',(-21.9020706657329,214.661621477711,1.27885388438993E-14));
#4611=CARTESIAN_POINT('Ctrl Pts',(-22.0627470650002,214.619747282544,1.2783889874338E-14));
#4612=CARTESIAN_POINT('Ctrl Pts',(-22.2327504681625,214.516252738925,1.27723996718131E-14));
#4613=CARTESIAN_POINT('Ctrl Pts',(-22.364791496104,214.36633007637,1.27557549126249E-14));
#4614=CARTESIAN_POINT('Ctrl Pts',(-22.4509663453519,214.180418901587,1.27351146259471E-14));
#4615=CARTESIAN_POINT('Ctrl Pts',(-22.483748120134,213.977948275563,1.27126358708649E-14));
#4616=CARTESIAN_POINT('Ctrl Pts',(-22.4570880384933,213.785917170266,1.26913161354104E-14));
#4617=CARTESIAN_POINT('Ctrl Pts',(-22.3675029479489,213.631663075067,1.2674190490597E-14));
#4618=CARTESIAN_POINT('Ctrl Pts',(-22.2151050820553,213.537390400975,1.26637241212601E-14));
#4619=CARTESIAN_POINT('Ctrl Pts',(-22.004837518591,213.513391112868,1.26610596650369E-14));
#4620=CARTESIAN_POINT('Ctrl Pts',(-21.7471573454458,213.553487497495,1.26655112579787E-14));
#4621=CARTESIAN_POINT('Ctrl Pts',(-21.4557581897816,213.640629393565,1.26751859519213E-14));
#4622=CARTESIAN_POINT('Ctrl Pts',(-21.145733680783,213.751098796945,1.26874505194362E-14));
#4623=CARTESIAN_POINT('Ctrl Pts',(-20.8314866588699,213.859377768183,1.26994719001313E-14));
#4624=CARTESIAN_POINT('Ctrl Pts',(-20.5249634975508,213.9423461013,1.27086832355055E-14));
#4625=CARTESIAN_POINT('Ctrl Pts',(-20.2331976144708,213.984708774345,1.27133864370054E-14));
#4626=CARTESIAN_POINT('Ctrl Pts',(-19.9588148400616,213.979285609271,1.27127843447322E-14));
#4627=CARTESIAN_POINT('Ctrl Pts',(-19.7021023483437,213.924582088668,1.27067110339221E-14));
#4628=CARTESIAN_POINT('Ctrl Pts',(-19.4626324040681,213.823185184598,1.26954537161697E-14));
#4629=CARTESIAN_POINT('Ctrl Pts',(-19.2409531161049,213.679933234996,1.26795495548926E-14));
#4630=CARTESIAN_POINT('Ctrl Pts',(-19.0405169101552,213.499976061809,1.26595702951808E-14));
#4631=CARTESIAN_POINT('Ctrl Pts',(-18.8686771254282,213.287591025718,1.26359908194653E-14));
#4632=CARTESIAN_POINT('Ctrl Pts',(-18.7347195990206,213.047512589918,1.26093367587513E-14));
#4633=CARTESIAN_POINT('Ctrl Pts',(-18.6484305047603,212.785803162464,1.25802811755391E-14));
#4634=CARTESIAN_POINT('Ctrl Pts',(-18.6184388747297,212.51094276149,1.25497655409672E-14));
#4635=CARTESIAN_POINT('Ctrl Pts',(-18.6506840661021,212.234764406889,1.25191035841491E-14));
#4636=CARTESIAN_POINT('Ctrl Pts',(-18.7467216604043,211.973662244115,1.24901154208601E-14));
#4637=CARTESIAN_POINT('Ctrl Pts',(-18.9041235138072,211.745805928546,1.24648182880749E-14));
#4638=CARTESIAN_POINT('Ctrl Pts',(-19.1169961875069,211.568190726643,1.24450990394073E-14));
#4639=CARTESIAN_POINT('Ctrl Pts',(-19.3764237047255,211.453592107081,1.24323760368045E-14));
#4640=CARTESIAN_POINT('Ctrl Pts',(-19.670956810924,211.407886815426,1.24273017300902E-14));
#4641=CARTESIAN_POINT('Ctrl Pts',(-19.9869854311177,211.426314256627,1.24293475870408E-14));
#4642=CARTESIAN_POINT('Ctrl Pts',(-20.3095915156363,211.494846694518,1.24369562160889E-14));
#4643=CARTESIAN_POINT('Ctrl Pts',(-20.6236234958867,211.593894859595,1.24479527714304E-14));
#4644=CARTESIAN_POINT('Ctrl Pts',(-20.9146857672268,211.701212297704,1.24598674005037E-14));
#4645=CARTESIAN_POINT('Ctrl Pts',(-21.1701923691888,211.795178681148,1.24702997647477E-14));
#4646=CARTESIAN_POINT('Ctrl Pts',(-21.3803387028466,211.857769613715,1.24772487541945E-14));
#4647=CARTESIAN_POINT('Ctrl Pts',(-21.5392874006993,211.878068842202,1.24795024212794E-14));
#4648=CARTESIAN_POINT('Ctrl Pts',(-21.6232838818883,211.856264857282,1.24770816926708E-14));
#4649=CARTESIAN_POINT('Ctrl Pts',(-21.6616348783191,211.817757354113,1.24728065010068E-14));
#4650=CARTESIAN_POINT('Ctrl Pts',(-21.6762600246237,211.782250681626,1.24688644684746E-14));
#4651=CARTESIAN_POINT('Ctrl Pts',(-21.6808370162653,211.762038512047,1.24666204668702E-14));
#4652=CARTESIAN_POINT('',(-21.6294926445749,214.659443593379,-0.999999999999987));
#4653=CARTESIAN_POINT('',(-21.6294926445749,214.659443593379,1.27882970501662E-14));
#4654=CARTESIAN_POINT('',(-21.6808370162653,211.762038512047,-0.999999999999988));
#4655=CARTESIAN_POINT('Ctrl Pts',(-21.6294926445749,214.659443593379,-0.999999999999987));
#4656=CARTESIAN_POINT('Ctrl Pts',(-21.6771437799949,214.664554041289,-0.999999999999987));
#4657=CARTESIAN_POINT('Ctrl Pts',(-21.7700226396684,214.669596106654,-0.999999999999987));
#4658=CARTESIAN_POINT('Ctrl Pts',(-21.9020706657329,214.661621477711,-0.999999999999987));
#4659=CARTESIAN_POINT('Ctrl Pts',(-22.0627470650002,214.619747282544,-0.999999999999987));
#4660=CARTESIAN_POINT('Ctrl Pts',(-22.2327504681625,214.516252738925,-0.999999999999987));
#4661=CARTESIAN_POINT('Ctrl Pts',(-22.364791496104,214.36633007637,-0.999999999999987));
#4662=CARTESIAN_POINT('Ctrl Pts',(-22.4509663453519,214.180418901587,-0.999999999999987));
#4663=CARTESIAN_POINT('Ctrl Pts',(-22.483748120134,213.977948275563,-0.999999999999987));
#4664=CARTESIAN_POINT('Ctrl Pts',(-22.4570880384933,213.785917170266,-0.999999999999987));
#4665=CARTESIAN_POINT('Ctrl Pts',(-22.3675029479489,213.631663075067,-0.999999999999987));
#4666=CARTESIAN_POINT('Ctrl Pts',(-22.2151050820553,213.537390400975,-0.999999999999987));
#4667=CARTESIAN_POINT('Ctrl Pts',(-22.004837518591,213.513391112868,-0.999999999999987));
#4668=CARTESIAN_POINT('Ctrl Pts',(-21.7471573454458,213.553487497495,-0.999999999999987));
#4669=CARTESIAN_POINT('Ctrl Pts',(-21.4557581897816,213.640629393565,-0.999999999999987));
#4670=CARTESIAN_POINT('Ctrl Pts',(-21.145733680783,213.751098796945,-0.999999999999987));
#4671=CARTESIAN_POINT('Ctrl Pts',(-20.8314866588699,213.859377768183,-0.999999999999987));
#4672=CARTESIAN_POINT('Ctrl Pts',(-20.5249634975508,213.9423461013,-0.999999999999987));
#4673=CARTESIAN_POINT('Ctrl Pts',(-20.2331976144708,213.984708774345,-0.999999999999987));
#4674=CARTESIAN_POINT('Ctrl Pts',(-19.9588148400616,213.979285609271,-0.999999999999987));
#4675=CARTESIAN_POINT('Ctrl Pts',(-19.7021023483437,213.924582088668,-0.999999999999987));
#4676=CARTESIAN_POINT('Ctrl Pts',(-19.4626324040681,213.823185184598,-0.999999999999987));
#4677=CARTESIAN_POINT('Ctrl Pts',(-19.2409531161049,213.679933234996,-0.999999999999987));
#4678=CARTESIAN_POINT('Ctrl Pts',(-19.0405169101552,213.499976061809,-0.999999999999987));
#4679=CARTESIAN_POINT('Ctrl Pts',(-18.8686771254282,213.287591025718,-0.999999999999987));
#4680=CARTESIAN_POINT('Ctrl Pts',(-18.7347195990206,213.047512589918,-0.999999999999987));
#4681=CARTESIAN_POINT('Ctrl Pts',(-18.6484305047603,212.785803162464,-0.999999999999987));
#4682=CARTESIAN_POINT('Ctrl Pts',(-18.6184388747297,212.51094276149,-0.999999999999988));
#4683=CARTESIAN_POINT('Ctrl Pts',(-18.6506840661021,212.234764406889,-0.999999999999988));
#4684=CARTESIAN_POINT('Ctrl Pts',(-18.7467216604043,211.973662244115,-0.999999999999988));
#4685=CARTESIAN_POINT('Ctrl Pts',(-18.9041235138072,211.745805928546,-0.999999999999988));
#4686=CARTESIAN_POINT('Ctrl Pts',(-19.1169961875069,211.568190726643,-0.999999999999988));
#4687=CARTESIAN_POINT('Ctrl Pts',(-19.3764237047255,211.453592107081,-0.999999999999988));
#4688=CARTESIAN_POINT('Ctrl Pts',(-19.670956810924,211.407886815426,-0.999999999999988));
#4689=CARTESIAN_POINT('Ctrl Pts',(-19.9869854311177,211.426314256627,-0.999999999999988));
#4690=CARTESIAN_POINT('Ctrl Pts',(-20.3095915156363,211.494846694518,-0.999999999999988));
#4691=CARTESIAN_POINT('Ctrl Pts',(-20.6236234958867,211.593894859595,-0.999999999999988));
#4692=CARTESIAN_POINT('Ctrl Pts',(-20.9146857672268,211.701212297704,-0.999999999999988));
#4693=CARTESIAN_POINT('Ctrl Pts',(-21.1701923691888,211.795178681148,-0.999999999999988));
#4694=CARTESIAN_POINT('Ctrl Pts',(-21.3803387028466,211.857769613715,-0.999999999999988));
#4695=CARTESIAN_POINT('Ctrl Pts',(-21.5392874006993,211.878068842202,-0.999999999999988));
#4696=CARTESIAN_POINT('Ctrl Pts',(-21.6232838818883,211.856264857282,-0.999999999999988));
#4697=CARTESIAN_POINT('Ctrl Pts',(-21.6616348783191,211.817757354113,-0.999999999999988));
#4698=CARTESIAN_POINT('Ctrl Pts',(-21.6762600246237,211.782250681626,-0.999999999999988));
#4699=CARTESIAN_POINT('Ctrl Pts',(-21.6808370162653,211.762038512047,-0.999999999999988));
#4700=CARTESIAN_POINT('',(-21.6808370162653,211.762038512047,1.24666204668702E-14));
#4701=CARTESIAN_POINT('Ctrl Pts',(-24.2636351687493,210.007886859924,1.2271870511583E-14));
#4702=CARTESIAN_POINT('Ctrl Pts',(-24.2636351687493,210.007886859924,-0.999999999999988));
#4703=CARTESIAN_POINT('Ctrl Pts',(-24.2591202953381,210.071639752349,1.22789485044887E-14));
#4704=CARTESIAN_POINT('Ctrl Pts',(-24.2591202953381,210.071639752349,-0.999999999999988));
#4705=CARTESIAN_POINT('Ctrl Pts',(-24.2505293033506,210.20061645096,1.22932677945325E-14));
#4706=CARTESIAN_POINT('Ctrl Pts',(-24.2505293033506,210.20061645096,-0.999999999999988));
#4707=CARTESIAN_POINT('Ctrl Pts',(-24.2389589934196,210.398494319529,1.23152366511074E-14));
#4708=CARTESIAN_POINT('Ctrl Pts',(-24.2389589934196,210.398494319529,-0.999999999999988));
#4709=CARTESIAN_POINT('Ctrl Pts',(-24.2261671351864,210.671163529881,1.23455090146513E-14));
#4710=CARTESIAN_POINT('Ctrl Pts',(-24.2261671351864,210.671163529881,-0.999999999999988));
#4711=CARTESIAN_POINT('Ctrl Pts',(-24.2147096765021,211.026543283241,1.23849640931179E-14));
#4712=CARTESIAN_POINT('Ctrl Pts',(-24.2147096765021,211.026543283241,-0.999999999999988));
#4713=CARTESIAN_POINT('Ctrl Pts',(-24.2081985339064,211.395850946693,1.24259654802314E-14));
#4714=CARTESIAN_POINT('Ctrl Pts',(-24.2081985339064,211.395850946693,-0.999999999999988));
#4715=CARTESIAN_POINT('Ctrl Pts',(-24.2074218507771,211.777822889124,1.24683728847561E-14));
#4716=CARTESIAN_POINT('Ctrl Pts',(-24.2074218507771,211.777822889124,-0.999999999999988));
#4717=CARTESIAN_POINT('Ctrl Pts',(-24.2137352826825,212.170250466804,1.251194109798E-14));
#4718=CARTESIAN_POINT('Ctrl Pts',(-24.2137352826825,212.170250466804,-0.999999999999988));
#4719=CARTESIAN_POINT('Ctrl Pts',(-24.2289830190482,212.569933025596,1.25563147759112E-14));
#4720=CARTESIAN_POINT('Ctrl Pts',(-24.2289830190482,212.569933025596,-0.999999999999988));
#4721=CARTESIAN_POINT('Ctrl Pts',(-24.2545741891118,212.973407811719,1.26011094756521E-14));
#4722=CARTESIAN_POINT('Ctrl Pts',(-24.2545741891118,212.973407811719,-0.999999999999987));
#4723=CARTESIAN_POINT('Ctrl Pts',(-24.2906919192017,213.377556140998,1.2645978953705E-14));
#4724=CARTESIAN_POINT('Ctrl Pts',(-24.2906919192017,213.377556140998,-0.999999999999987));
#4725=CARTESIAN_POINT('Ctrl Pts',(-24.3354688262171,213.78023664907,1.2690685470868E-14));
#4726=CARTESIAN_POINT('Ctrl Pts',(-24.3354688262171,213.78023664907,-0.999999999999987));
#4727=CARTESIAN_POINT('Ctrl Pts',(-24.3841176124652,214.18096119921,1.27351748330777E-14));
#4728=CARTESIAN_POINT('Ctrl Pts',(-24.3841176124652,214.18096119921,-0.999999999999987));
#4729=CARTESIAN_POINT('Ctrl Pts',(-24.4282224399209,214.581408712078,1.27796334379717E-14));
#4730=CARTESIAN_POINT('Ctrl Pts',(-24.4282224399209,214.581408712078,-0.999999999999987));
#4731=CARTESIAN_POINT('Ctrl Pts',(-24.4570302810861,214.983926132628,1.28243218487825E-14));
#4732=CARTESIAN_POINT('Ctrl Pts',(-24.4570302810861,214.983926132628,-0.999999999999987));
#4733=CARTESIAN_POINT('Ctrl Pts',(-24.4585856527454,215.39019849011,1.2869427141337E-14));
#4734=CARTESIAN_POINT('Ctrl Pts',(-24.4585856527454,215.39019849011,-0.999999999999987));
#4735=CARTESIAN_POINT('Ctrl Pts',(-24.4209295668277,215.799812734302,1.29149034578487E-14));
#4736=CARTESIAN_POINT('Ctrl Pts',(-24.4209295668277,215.799812734302,-0.999999999999987));
#4737=CARTESIAN_POINT('Ctrl Pts',(-24.3332500268038,216.208954797667,1.29603273517577E-14));
#4738=CARTESIAN_POINT('Ctrl Pts',(-24.3332500268038,216.208954797667,-0.999999999999987));
#4739=CARTESIAN_POINT('Ctrl Pts',(-24.1871140213523,216.608789353189,1.30047179047158E-14));
#4740=CARTESIAN_POINT('Ctrl Pts',(-24.1871140213523,216.608789353189,-0.999999999999987));
#4741=CARTESIAN_POINT('Ctrl Pts',(-23.9769097850503,216.987122193108,1.30467212877008E-14));
#4742=CARTESIAN_POINT('Ctrl Pts',(-23.9769097850503,216.987122193108,-0.999999999999987));
#4743=CARTESIAN_POINT('Ctrl Pts',(-23.7001850954885,217.330390588229,1.30848317352898E-14));
#4744=CARTESIAN_POINT('Ctrl Pts',(-23.7001850954885,217.330390588229,-0.999999999999987));
#4745=CARTESIAN_POINT('Ctrl Pts',(-23.3580758784665,217.62561942407,1.31176087203982E-14));
#4746=CARTESIAN_POINT('Ctrl Pts',(-23.3580758784665,217.62561942407,-0.999999999999987));
#4747=CARTESIAN_POINT('Ctrl Pts',(-22.9556191224419,217.862194642931,1.31438738459017E-14));
#4748=CARTESIAN_POINT('Ctrl Pts',(-22.9556191224419,217.862194642931,-0.999999999999987));
#4749=CARTESIAN_POINT('Ctrl Pts',(-22.5023600122059,218.034214912216,1.31629719322679E-14));
#4750=CARTESIAN_POINT('Ctrl Pts',(-22.5023600122059,218.034214912216,-0.999999999999987));
#4751=CARTESIAN_POINT('Ctrl Pts',(-22.0118981429235,218.14055977242,1.31747785835028E-14));
#4752=CARTESIAN_POINT('Ctrl Pts',(-22.0118981429235,218.14055977242,-0.999999999999987));
#4753=CARTESIAN_POINT('Ctrl Pts',(-21.5005215124451,218.182956537174,1.31794855699428E-14));
#4754=CARTESIAN_POINT('Ctrl Pts',(-21.5005215124451,218.182956537174,-0.999999999999987));
#4755=CARTESIAN_POINT('Ctrl Pts',(-20.986121715893,218.164681112292,1.31774565901939E-14));
#4756=CARTESIAN_POINT('Ctrl Pts',(-20.986121715893,218.164681112292,-0.999999999999987));
#4757=CARTESIAN_POINT('Ctrl Pts',(-20.4869726417989,218.088886097633,1.31690416531513E-14));
#4758=CARTESIAN_POINT('Ctrl Pts',(-20.4869726417989,218.088886097633,-0.999999999999987));
#4759=CARTESIAN_POINT('Ctrl Pts',(-20.0206372205161,217.957375123756,1.31544410020323E-14));
#4760=CARTESIAN_POINT('Ctrl Pts',(-20.0206372205161,217.957375123756,-0.999999999999987));
#4761=CARTESIAN_POINT('Ctrl Pts',(-19.6026501879374,217.768476475556,1.31334690391772E-14));
#4762=CARTESIAN_POINT('Ctrl Pts',(-19.6026501879374,217.768476475556,-0.999999999999987));
#4763=CARTESIAN_POINT('Ctrl Pts',(-19.2460625595963,217.518540976173,1.31057206245685E-14));
#4764=CARTESIAN_POINT('Ctrl Pts',(-19.2460625595963,217.518540976173,-0.999999999999987));
#4765=CARTESIAN_POINT('Ctrl Pts',(-18.9615172153944,217.205612845772,1.30709786230261E-14));
#4766=CARTESIAN_POINT('Ctrl Pts',(-18.9615172153944,217.205612845772,-0.999999999999987));
#4767=CARTESIAN_POINT('Ctrl Pts',(-18.7571665472898,216.832652466206,1.30295717029593E-14));
#4768=CARTESIAN_POINT('Ctrl Pts',(-18.7571665472898,216.832652466206,-0.999999999999987));
#4769=CARTESIAN_POINT('Ctrl Pts',(-18.638619519869,216.410522550382,1.29827058677663E-14));
#4770=CARTESIAN_POINT('Ctrl Pts',(-18.638619519869,216.410522550382,-0.999999999999987));
#4771=CARTESIAN_POINT('Ctrl Pts',(-18.608922443215,215.962151039368,1.29329266302549E-14));
#4772=CARTESIAN_POINT('Ctrl Pts',(-18.608922443215,215.962151039368,-0.999999999999987));
#4773=CARTESIAN_POINT('Ctrl Pts',(-18.6683280450938,215.522841982591,1.28841535272789E-14));
#4774=CARTESIAN_POINT('Ctrl Pts',(-18.6683280450938,215.522841982591,-0.999999999999987));
#4775=CARTESIAN_POINT('Ctrl Pts',(-18.8135972167113,215.131300427556,1.28406836823291E-14));
#4776=CARTESIAN_POINT('Ctrl Pts',(-18.8135972167113,215.131300427556,-0.999999999999987));
#4777=CARTESIAN_POINT('Ctrl Pts',(-19.0373046925991,214.822172395752,1.28063635764826E-14));
#4778=CARTESIAN_POINT('Ctrl Pts',(-19.0373046925991,214.822172395752,-0.999999999999987));
#4779=CARTESIAN_POINT('Ctrl Pts',(-19.3272849076,214.618632560095,1.27837661152851E-14));
#4780=CARTESIAN_POINT('Ctrl Pts',(-19.3272849076,214.618632560095,-0.999999999999987));
#4781=CARTESIAN_POINT('Ctrl Pts',(-19.6656218905212,214.523355089464,1.27731881911229E-14));
#4782=CARTESIAN_POINT('Ctrl Pts',(-19.6656218905212,214.523355089464,-0.999999999999987));
#4783=CARTESIAN_POINT('Ctrl Pts',(-20.0290073323415,214.51508312422,1.27722698184956E-14));
#4784=CARTESIAN_POINT('Ctrl Pts',(-20.0290073323415,214.51508312422,-0.999999999999987));
#4785=CARTESIAN_POINT('Ctrl Pts',(-20.392606399094,214.560194978678,1.27772782404459E-14));
#4786=CARTESIAN_POINT('Ctrl Pts',(-20.392606399094,214.560194978678,-0.999999999999987));
#4787=CARTESIAN_POINT('Ctrl Pts',(-20.7334695050654,214.621920901275,1.27841311944942E-14));
#4788=CARTESIAN_POINT('Ctrl Pts',(-20.7334695050654,214.621920901275,-0.999999999999987));
#4789=CARTESIAN_POINT('Ctrl Pts',(-21.0336912608016,214.669418539974,1.2789404491704E-14));
#4790=CARTESIAN_POINT('Ctrl Pts',(-21.0336912608016,214.669418539974,-0.999999999999987));
#4791=CARTESIAN_POINT('Ctrl Pts',(-21.2847744295399,214.689529750728,1.27916372846273E-14));
#4792=CARTESIAN_POINT('Ctrl Pts',(-21.2847744295399,214.689529750728,-0.999999999999987));
#4793=CARTESIAN_POINT('Ctrl Pts',(-21.4459152490465,214.685614005205,1.27912025495435E-14));
#4794=CARTESIAN_POINT('Ctrl Pts',(-21.4459152490465,214.685614005205,-0.999999999999987));
#4795=CARTESIAN_POINT('Ctrl Pts',(-21.5456489547093,214.674905002259,1.27900136113794E-14));
#4796=CARTESIAN_POINT('Ctrl Pts',(-21.5456489547093,214.674905002259,-0.999999999999987));
#4797=CARTESIAN_POINT('Ctrl Pts',(-21.6030582939302,214.665050519208,1.27889195439815E-14));
#4798=CARTESIAN_POINT('Ctrl Pts',(-21.6030582939302,214.665050519208,-0.999999999999987));
#4799=CARTESIAN_POINT('Ctrl Pts',(-21.6294926445749,214.659443593379,1.27882970501662E-14));
#4800=CARTESIAN_POINT('Ctrl Pts',(-21.6294926445749,214.659443593379,-0.999999999999987));
#4801=CARTESIAN_POINT('',(-24.2636351687493,210.007886859924,1.2271870511583E-14));
#4802=CARTESIAN_POINT('Ctrl Pts',(-24.2636351687493,210.007886859924,1.2271870511583E-14));
#4803=CARTESIAN_POINT('Ctrl Pts',(-24.2591202953381,210.071639752349,1.22789485044887E-14));
#4804=CARTESIAN_POINT('Ctrl Pts',(-24.2505293033506,210.20061645096,1.22932677945325E-14));
#4805=CARTESIAN_POINT('Ctrl Pts',(-24.2389589934196,210.398494319529,1.23152366511074E-14));
#4806=CARTESIAN_POINT('Ctrl Pts',(-24.2261671351864,210.671163529881,1.23455090146513E-14));
#4807=CARTESIAN_POINT('Ctrl Pts',(-24.2147096765021,211.026543283241,1.23849640931179E-14));
#4808=CARTESIAN_POINT('Ctrl Pts',(-24.2081985339064,211.395850946693,1.24259654802314E-14));
#4809=CARTESIAN_POINT('Ctrl Pts',(-24.2074218507771,211.777822889124,1.24683728847561E-14));
#4810=CARTESIAN_POINT('Ctrl Pts',(-24.2137352826825,212.170250466804,1.251194109798E-14));
#4811=CARTESIAN_POINT('Ctrl Pts',(-24.2289830190482,212.569933025596,1.25563147759112E-14));
#4812=CARTESIAN_POINT('Ctrl Pts',(-24.2545741891118,212.973407811719,1.26011094756521E-14));
#4813=CARTESIAN_POINT('Ctrl Pts',(-24.2906919192017,213.377556140998,1.2645978953705E-14));
#4814=CARTESIAN_POINT('Ctrl Pts',(-24.3354688262171,213.78023664907,1.2690685470868E-14));
#4815=CARTESIAN_POINT('Ctrl Pts',(-24.3841176124652,214.18096119921,1.27351748330777E-14));
#4816=CARTESIAN_POINT('Ctrl Pts',(-24.4282224399209,214.581408712078,1.27796334379717E-14));
#4817=CARTESIAN_POINT('Ctrl Pts',(-24.4570302810861,214.983926132628,1.28243218487825E-14));
#4818=CARTESIAN_POINT('Ctrl Pts',(-24.4585856527454,215.39019849011,1.2869427141337E-14));
#4819=CARTESIAN_POINT('Ctrl Pts',(-24.4209295668277,215.799812734302,1.29149034578487E-14));
#4820=CARTESIAN_POINT('Ctrl Pts',(-24.3332500268038,216.208954797667,1.29603273517577E-14));
#4821=CARTESIAN_POINT('Ctrl Pts',(-24.1871140213523,216.608789353189,1.30047179047158E-14));
#4822=CARTESIAN_POINT('Ctrl Pts',(-23.9769097850503,216.987122193108,1.30467212877008E-14));
#4823=CARTESIAN_POINT('Ctrl Pts',(-23.7001850954885,217.330390588229,1.30848317352898E-14));
#4824=CARTESIAN_POINT('Ctrl Pts',(-23.3580758784665,217.62561942407,1.31176087203982E-14));
#4825=CARTESIAN_POINT('Ctrl Pts',(-22.9556191224419,217.862194642931,1.31438738459017E-14));
#4826=CARTESIAN_POINT('Ctrl Pts',(-22.5023600122059,218.034214912216,1.31629719322679E-14));
#4827=CARTESIAN_POINT('Ctrl Pts',(-22.0118981429235,218.14055977242,1.31747785835028E-14));
#4828=CARTESIAN_POINT('Ctrl Pts',(-21.5005215124451,218.182956537174,1.31794855699428E-14));
#4829=CARTESIAN_POINT('Ctrl Pts',(-20.986121715893,218.164681112292,1.31774565901939E-14));
#4830=CARTESIAN_POINT('Ctrl Pts',(-20.4869726417989,218.088886097633,1.31690416531513E-14));
#4831=CARTESIAN_POINT('Ctrl Pts',(-20.0206372205161,217.957375123756,1.31544410020323E-14));
#4832=CARTESIAN_POINT('Ctrl Pts',(-19.6026501879374,217.768476475556,1.31334690391772E-14));
#4833=CARTESIAN_POINT('Ctrl Pts',(-19.2460625595963,217.518540976173,1.31057206245685E-14));
#4834=CARTESIAN_POINT('Ctrl Pts',(-18.9615172153944,217.205612845772,1.30709786230261E-14));
#4835=CARTESIAN_POINT('Ctrl Pts',(-18.7571665472898,216.832652466206,1.30295717029593E-14));
#4836=CARTESIAN_POINT('Ctrl Pts',(-18.638619519869,216.410522550382,1.29827058677663E-14));
#4837=CARTESIAN_POINT('Ctrl Pts',(-18.608922443215,215.962151039368,1.29329266302549E-14));
#4838=CARTESIAN_POINT('Ctrl Pts',(-18.6683280450938,215.522841982591,1.28841535272789E-14));
#4839=CARTESIAN_POINT('Ctrl Pts',(-18.8135972167113,215.131300427556,1.28406836823291E-14));
#4840=CARTESIAN_POINT('Ctrl Pts',(-19.0373046925991,214.822172395752,1.28063635764826E-14));
#4841=CARTESIAN_POINT('Ctrl Pts',(-19.3272849076,214.618632560095,1.27837661152851E-14));
#4842=CARTESIAN_POINT('Ctrl Pts',(-19.6656218905212,214.523355089464,1.27731881911229E-14));
#4843=CARTESIAN_POINT('Ctrl Pts',(-20.0290073323415,214.51508312422,1.27722698184956E-14));
#4844=CARTESIAN_POINT('Ctrl Pts',(-20.392606399094,214.560194978678,1.27772782404459E-14));
#4845=CARTESIAN_POINT('Ctrl Pts',(-20.7334695050654,214.621920901275,1.27841311944942E-14));
#4846=CARTESIAN_POINT('Ctrl Pts',(-21.0336912608016,214.669418539974,1.2789404491704E-14));
#4847=CARTESIAN_POINT('Ctrl Pts',(-21.2847744295399,214.689529750728,1.27916372846273E-14));
#4848=CARTESIAN_POINT('Ctrl Pts',(-21.4459152490465,214.685614005205,1.27912025495435E-14));
#4849=CARTESIAN_POINT('Ctrl Pts',(-21.5456489547093,214.674905002259,1.27900136113794E-14));
#4850=CARTESIAN_POINT('Ctrl Pts',(-21.6030582939302,214.665050519208,1.27889195439815E-14));
#4851=CARTESIAN_POINT('Ctrl Pts',(-21.6294926445749,214.659443593379,1.27882970501662E-14));
#4852=CARTESIAN_POINT('',(-24.2636351687493,210.007886859924,-0.999999999999988));
#4853=CARTESIAN_POINT('',(-24.2636351687493,210.007886859924,1.2271870511583E-14));
#4854=CARTESIAN_POINT('Ctrl Pts',(-24.2636351687493,210.007886859924,-0.999999999999988));
#4855=CARTESIAN_POINT('Ctrl Pts',(-24.2591202953381,210.071639752349,-0.999999999999988));
#4856=CARTESIAN_POINT('Ctrl Pts',(-24.2505293033506,210.20061645096,-0.999999999999988));
#4857=CARTESIAN_POINT('Ctrl Pts',(-24.2389589934196,210.398494319529,-0.999999999999988));
#4858=CARTESIAN_POINT('Ctrl Pts',(-24.2261671351864,210.671163529881,-0.999999999999988));
#4859=CARTESIAN_POINT('Ctrl Pts',(-24.2147096765021,211.026543283241,-0.999999999999988));
#4860=CARTESIAN_POINT('Ctrl Pts',(-24.2081985339064,211.395850946693,-0.999999999999988));
#4861=CARTESIAN_POINT('Ctrl Pts',(-24.2074218507771,211.777822889124,-0.999999999999988));
#4862=CARTESIAN_POINT('Ctrl Pts',(-24.2137352826825,212.170250466804,-0.999999999999988));
#4863=CARTESIAN_POINT('Ctrl Pts',(-24.2289830190482,212.569933025596,-0.999999999999988));
#4864=CARTESIAN_POINT('Ctrl Pts',(-24.2545741891118,212.973407811719,-0.999999999999987));
#4865=CARTESIAN_POINT('Ctrl Pts',(-24.2906919192017,213.377556140998,-0.999999999999987));
#4866=CARTESIAN_POINT('Ctrl Pts',(-24.3354688262171,213.78023664907,-0.999999999999987));
#4867=CARTESIAN_POINT('Ctrl Pts',(-24.3841176124652,214.18096119921,-0.999999999999987));
#4868=CARTESIAN_POINT('Ctrl Pts',(-24.4282224399209,214.581408712078,-0.999999999999987));
#4869=CARTESIAN_POINT('Ctrl Pts',(-24.4570302810861,214.983926132628,-0.999999999999987));
#4870=CARTESIAN_POINT('Ctrl Pts',(-24.4585856527454,215.39019849011,-0.999999999999987));
#4871=CARTESIAN_POINT('Ctrl Pts',(-24.4209295668277,215.799812734302,-0.999999999999987));
#4872=CARTESIAN_POINT('Ctrl Pts',(-24.3332500268038,216.208954797667,-0.999999999999987));
#4873=CARTESIAN_POINT('Ctrl Pts',(-24.1871140213523,216.608789353189,-0.999999999999987));
#4874=CARTESIAN_POINT('Ctrl Pts',(-23.9769097850503,216.987122193108,-0.999999999999987));
#4875=CARTESIAN_POINT('Ctrl Pts',(-23.7001850954885,217.330390588229,-0.999999999999987));
#4876=CARTESIAN_POINT('Ctrl Pts',(-23.3580758784665,217.62561942407,-0.999999999999987));
#4877=CARTESIAN_POINT('Ctrl Pts',(-22.9556191224419,217.862194642931,-0.999999999999987));
#4878=CARTESIAN_POINT('Ctrl Pts',(-22.5023600122059,218.034214912216,-0.999999999999987));
#4879=CARTESIAN_POINT('Ctrl Pts',(-22.0118981429235,218.14055977242,-0.999999999999987));
#4880=CARTESIAN_POINT('Ctrl Pts',(-21.5005215124451,218.182956537174,-0.999999999999987));
#4881=CARTESIAN_POINT('Ctrl Pts',(-20.986121715893,218.164681112292,-0.999999999999987));
#4882=CARTESIAN_POINT('Ctrl Pts',(-20.4869726417989,218.088886097633,-0.999999999999987));
#4883=CARTESIAN_POINT('Ctrl Pts',(-20.0206372205161,217.957375123756,-0.999999999999987));
#4884=CARTESIAN_POINT('Ctrl Pts',(-19.6026501879374,217.768476475556,-0.999999999999987));
#4885=CARTESIAN_POINT('Ctrl Pts',(-19.2460625595963,217.518540976173,-0.999999999999987));
#4886=CARTESIAN_POINT('Ctrl Pts',(-18.9615172153944,217.205612845772,-0.999999999999987));
#4887=CARTESIAN_POINT('Ctrl Pts',(-18.7571665472898,216.832652466206,-0.999999999999987));
#4888=CARTESIAN_POINT('Ctrl Pts',(-18.638619519869,216.410522550382,-0.999999999999987));
#4889=CARTESIAN_POINT('Ctrl Pts',(-18.608922443215,215.962151039368,-0.999999999999987));
#4890=CARTESIAN_POINT('Ctrl Pts',(-18.6683280450938,215.522841982591,-0.999999999999987));
#4891=CARTESIAN_POINT('Ctrl Pts',(-18.8135972167113,215.131300427556,-0.999999999999987));
#4892=CARTESIAN_POINT('Ctrl Pts',(-19.0373046925991,214.822172395752,-0.999999999999987));
#4893=CARTESIAN_POINT('Ctrl Pts',(-19.3272849076,214.618632560095,-0.999999999999987));
#4894=CARTESIAN_POINT('Ctrl Pts',(-19.6656218905212,214.523355089464,-0.999999999999987));
#4895=CARTESIAN_POINT('Ctrl Pts',(-20.0290073323415,214.51508312422,-0.999999999999987));
#4896=CARTESIAN_POINT('Ctrl Pts',(-20.392606399094,214.560194978678,-0.999999999999987));
#4897=CARTESIAN_POINT('Ctrl Pts',(-20.7334695050654,214.621920901275,-0.999999999999987));
#4898=CARTESIAN_POINT('Ctrl Pts',(-21.0336912608016,214.669418539974,-0.999999999999987));
#4899=CARTESIAN_POINT('Ctrl Pts',(-21.2847744295399,214.689529750728,-0.999999999999987));
#4900=CARTESIAN_POINT('Ctrl Pts',(-21.4459152490465,214.685614005205,-0.999999999999987));
#4901=CARTESIAN_POINT('Ctrl Pts',(-21.5456489547093,214.674905002259,-0.999999999999987));
#4902=CARTESIAN_POINT('Ctrl Pts',(-21.6030582939302,214.665050519208,-0.999999999999987));
#4903=CARTESIAN_POINT('Ctrl Pts',(-21.6294926445749,214.659443593379,-0.999999999999987));
#4904=CARTESIAN_POINT('Ctrl Pts',(-21.6808370162653,211.762038512047,1.24666204668702E-14));
#4905=CARTESIAN_POINT('Ctrl Pts',(-21.6808370162653,211.762038512047,-0.999999999999988));
#4906=CARTESIAN_POINT('Ctrl Pts',(-21.6853130813258,211.755004695524,1.24658395563646E-14));
#4907=CARTESIAN_POINT('Ctrl Pts',(-21.6853130813258,211.755004695524,-0.999999999999988));
#4908=CARTESIAN_POINT('Ctrl Pts',(-21.6943391426069,211.736940220301,1.24638339967326E-14));
#4909=CARTESIAN_POINT('Ctrl Pts',(-21.6943391426069,211.736940220301,-0.999999999999988));
#4910=CARTESIAN_POINT('Ctrl Pts',(-21.7081038004196,211.697856540951,1.24594948366624E-14));
#4911=CARTESIAN_POINT('Ctrl Pts',(-21.7081038004196,211.697856540951,-0.999999999999988));
#4912=CARTESIAN_POINT('Ctrl Pts',(-21.7240060739566,211.620316837037,1.24508862002017E-14));
#4913=CARTESIAN_POINT('Ctrl Pts',(-21.7240060739566,211.620316837037,-0.999999999999988));
#4914=CARTESIAN_POINT('Ctrl Pts',(-21.7256287587185,211.475486777524,1.24348068335288E-14));
#4915=CARTESIAN_POINT('Ctrl Pts',(-21.7256287587185,211.475486777524,-0.999999999999988));
#4916=CARTESIAN_POINT('Ctrl Pts',(-21.6945191111705,211.279818858835,1.24130833306778E-14));
#4917=CARTESIAN_POINT('Ctrl Pts',(-21.6945191111705,211.279818858835,-0.999999999999988));
#4918=CARTESIAN_POINT('Ctrl Pts',(-21.6244019662413,211.039247357793,1.23863745287253E-14));
#4919=CARTESIAN_POINT('Ctrl Pts',(-21.6244019662413,211.039247357793,-0.999999999999988));
#4920=CARTESIAN_POINT('Ctrl Pts',(-21.5186960966143,210.768301844948,1.23562935340474E-14));
#4921=CARTESIAN_POINT('Ctrl Pts',(-21.5186960966143,210.768301844948,-0.999999999999988));
#4922=CARTESIAN_POINT('Ctrl Pts',(-21.3864306986538,210.484707187574,1.23248082022196E-14));
#4923=CARTESIAN_POINT('Ctrl Pts',(-21.3864306986538,210.484707187574,-0.999999999999988));
#4924=CARTESIAN_POINT('Ctrl Pts',(-21.2396602623544,210.205233464413,1.22937803859965E-14));
#4925=CARTESIAN_POINT('Ctrl Pts',(-21.2396602623544,210.205233464413,-0.999999999999988));
#4926=CARTESIAN_POINT('Ctrl Pts',(-21.0905673156591,209.941556602921,1.22645063737275E-14));
#4927=CARTESIAN_POINT('Ctrl Pts',(-21.0905673156591,209.941556602921,-0.999999999999988));
#4928=CARTESIAN_POINT('Ctrl Pts',(-20.9480088522099,209.694788899589,1.22371096551303E-14));
#4929=CARTESIAN_POINT('Ctrl Pts',(-20.9480088522099,209.694788899589,-0.999999999999988));
#4930=CARTESIAN_POINT('Ctrl Pts',(-20.8177591890944,209.457020456412,1.22107120551158E-14));
#4931=CARTESIAN_POINT('Ctrl Pts',(-20.8177591890944,209.457020456412,-0.999999999999988));
#4932=CARTESIAN_POINT('Ctrl Pts',(-20.7047595187275,209.216580250437,1.2184017829844E-14));
#4933=CARTESIAN_POINT('Ctrl Pts',(-20.7047595187275,209.216580250437,-0.999999999999988));
#4934=CARTESIAN_POINT('Ctrl Pts',(-20.6148457003091,208.962278745245,1.21557846912178E-14));
#4935=CARTESIAN_POINT('Ctrl Pts',(-20.6148457003091,208.962278745245,-0.999999999999988));
#4936=CARTESIAN_POINT('Ctrl Pts',(-20.5564343554737,208.68769006597,1.21252992238146E-14));
#4937=CARTESIAN_POINT('Ctrl Pts',(-20.5564343554737,208.68769006597,-0.999999999999988));
#4938=CARTESIAN_POINT('Ctrl Pts',(-20.5429010110485,208.396412582833,1.20929609269812E-14));
#4939=CARTESIAN_POINT('Ctrl Pts',(-20.5429010110485,208.396412582833,-0.999999999999988));
#4940=CARTESIAN_POINT('Ctrl Pts',(-20.5901006791477,208.100205129932,1.20600752935536E-14));
#4941=CARTESIAN_POINT('Ctrl Pts',(-20.5901006791477,208.100205129932,-0.999999999999988));
#4942=CARTESIAN_POINT('Ctrl Pts',(-20.7125562557849,207.815110010765,1.20284233770028E-14));
#4943=CARTESIAN_POINT('Ctrl Pts',(-20.7125562557849,207.815110010765,-0.999999999999988));
#4944=CARTESIAN_POINT('Ctrl Pts',(-20.919945186124,207.558192527068,1.19998998064199E-14));
#4945=CARTESIAN_POINT('Ctrl Pts',(-20.919945186124,207.558192527068,-0.999999999999988));
#4946=CARTESIAN_POINT('Ctrl Pts',(-21.2137549557496,207.344242764107,1.19761466111247E-14));
#4947=CARTESIAN_POINT('Ctrl Pts',(-21.2137549557496,207.344242764107,-0.999999999999988));
#4948=CARTESIAN_POINT('Ctrl Pts',(-21.5829750085231,207.181938083512,1.19581271717846E-14));
#4949=CARTESIAN_POINT('Ctrl Pts',(-21.5829750085231,207.181938083512,-0.999999999999988));
#4950=CARTESIAN_POINT('Ctrl Pts',(-22.0066092190193,207.074399409457,1.19461879805872E-14));
#4951=CARTESIAN_POINT('Ctrl Pts',(-22.0066092190193,207.074399409457,-0.999999999999988));
#4952=CARTESIAN_POINT('Ctrl Pts',(-22.4578764007865,207.020842508247,1.19402419701021E-14));
#4953=CARTESIAN_POINT('Ctrl Pts',(-22.4578764007865,207.020842508247,-0.999999999999988));
#4954=CARTESIAN_POINT('Ctrl Pts',(-22.9077201008968,207.017805223096,1.19399047637115E-14));
#4955=CARTESIAN_POINT('Ctrl Pts',(-22.9077201008968,207.017805223096,-0.999999999999988));
#4956=CARTESIAN_POINT('Ctrl Pts',(-23.3287424615593,207.060572458632,1.19446528806706E-14));
#4957=CARTESIAN_POINT('Ctrl Pts',(-23.3287424615593,207.060572458632,-0.999999999999988));
#4958=CARTESIAN_POINT('Ctrl Pts',(-23.6985914312752,207.144399496077,1.19539595513763E-14));
#4959=CARTESIAN_POINT('Ctrl Pts',(-23.6985914312752,207.144399496077,-0.999999999999988));
#4960=CARTESIAN_POINT('Ctrl Pts',(-24.0045341349015,207.266069537926,1.19674676395632E-14));
#4961=CARTESIAN_POINT('Ctrl Pts',(-24.0045341349015,207.266069537926,-0.999999999999988));
#4962=CARTESIAN_POINT('Ctrl Pts',(-24.2429736165694,207.42403877055,1.19850057474873E-14));
#4963=CARTESIAN_POINT('Ctrl Pts',(-24.2429736165694,207.42403877055,-0.999999999999988));
#4964=CARTESIAN_POINT('Ctrl Pts',(-24.4163194911792,207.617842606539,1.20065222955849E-14));
#4965=CARTESIAN_POINT('Ctrl Pts',(-24.4163194911792,207.617842606539,-0.999999999999988));
#4966=CARTESIAN_POINT('Ctrl Pts',(-24.5306575163496,207.847721006799,1.20320439248681E-14));
#4967=CARTESIAN_POINT('Ctrl Pts',(-24.5306575163496,207.847721006799,-0.999999999999988));
#4968=CARTESIAN_POINT('Ctrl Pts',(-24.5932597542824,208.114179202657,1.20616267272823E-14));
#4969=CARTESIAN_POINT('Ctrl Pts',(-24.5932597542824,208.114179202657,-0.999999999999988));
#4970=CARTESIAN_POINT('Ctrl Pts',(-24.609823623608,208.417507789025,1.20953029653436E-14));
#4971=CARTESIAN_POINT('Ctrl Pts',(-24.609823623608,208.417507789025,-0.999999999999988));
#4972=CARTESIAN_POINT('Ctrl Pts',(-24.5841656010704,208.757748527731,1.21330772755463E-14));
#4973=CARTESIAN_POINT('Ctrl Pts',(-24.5841656010704,208.757748527731,-0.999999999999988));
#4974=CARTESIAN_POINT('Ctrl Pts',(-24.5187376867615,209.134811754781,1.21749397031873E-14));
#4975=CARTESIAN_POINT('Ctrl Pts',(-24.5187376867615,209.134811754781,-0.999999999999988));
#4976=CARTESIAN_POINT('Ctrl Pts',(-24.4356385674307,209.465792391774,1.22116859355768E-14));
#4977=CARTESIAN_POINT('Ctrl Pts',(-24.4356385674307,209.465792391774,-0.999999999999988));
#4978=CARTESIAN_POINT('Ctrl Pts',(-24.3562603836371,209.730458485837,1.22410697747234E-14));
#4979=CARTESIAN_POINT('Ctrl Pts',(-24.3562603836371,209.730458485837,-0.999999999999988));
#4980=CARTESIAN_POINT('Ctrl Pts',(-24.2957718518038,209.914195277725,1.22614686564059E-14));
#4981=CARTESIAN_POINT('Ctrl Pts',(-24.2957718518038,209.914195277725,-0.999999999999988));
#4982=CARTESIAN_POINT('Ctrl Pts',(-24.2636351687493,210.007886859924,1.2271870511583E-14));
#4983=CARTESIAN_POINT('Ctrl Pts',(-24.2636351687493,210.007886859924,-0.999999999999988));
#4984=CARTESIAN_POINT('Ctrl Pts',(-21.6808370162653,211.762038512047,1.24666204668702E-14));
#4985=CARTESIAN_POINT('Ctrl Pts',(-21.6853130813258,211.755004695524,1.24658395563646E-14));
#4986=CARTESIAN_POINT('Ctrl Pts',(-21.6943391426069,211.736940220301,1.24638339967326E-14));
#4987=CARTESIAN_POINT('Ctrl Pts',(-21.7081038004196,211.697856540951,1.24594948366624E-14));
#4988=CARTESIAN_POINT('Ctrl Pts',(-21.7240060739566,211.620316837037,1.24508862002017E-14));
#4989=CARTESIAN_POINT('Ctrl Pts',(-21.7256287587185,211.475486777524,1.24348068335288E-14));
#4990=CARTESIAN_POINT('Ctrl Pts',(-21.6945191111705,211.279818858835,1.24130833306778E-14));
#4991=CARTESIAN_POINT('Ctrl Pts',(-21.6244019662413,211.039247357793,1.23863745287253E-14));
#4992=CARTESIAN_POINT('Ctrl Pts',(-21.5186960966143,210.768301844948,1.23562935340474E-14));
#4993=CARTESIAN_POINT('Ctrl Pts',(-21.3864306986538,210.484707187574,1.23248082022196E-14));
#4994=CARTESIAN_POINT('Ctrl Pts',(-21.2396602623544,210.205233464413,1.22937803859965E-14));
#4995=CARTESIAN_POINT('Ctrl Pts',(-21.0905673156591,209.941556602921,1.22645063737275E-14));
#4996=CARTESIAN_POINT('Ctrl Pts',(-20.9480088522099,209.694788899589,1.22371096551303E-14));
#4997=CARTESIAN_POINT('Ctrl Pts',(-20.8177591890944,209.457020456412,1.22107120551158E-14));
#4998=CARTESIAN_POINT('Ctrl Pts',(-20.7047595187275,209.216580250437,1.2184017829844E-14));
#4999=CARTESIAN_POINT('Ctrl Pts',(-20.6148457003091,208.962278745245,1.21557846912178E-14));
#5000=CARTESIAN_POINT('Ctrl Pts',(-20.5564343554737,208.68769006597,1.21252992238146E-14));
#5001=CARTESIAN_POINT('Ctrl Pts',(-20.5429010110485,208.396412582833,1.20929609269812E-14));
#5002=CARTESIAN_POINT('Ctrl Pts',(-20.5901006791477,208.100205129932,1.20600752935536E-14));
#5003=CARTESIAN_POINT('Ctrl Pts',(-20.7125562557849,207.815110010765,1.20284233770028E-14));
#5004=CARTESIAN_POINT('Ctrl Pts',(-20.919945186124,207.558192527068,1.19998998064199E-14));
#5005=CARTESIAN_POINT('Ctrl Pts',(-21.2137549557496,207.344242764107,1.19761466111247E-14));
#5006=CARTESIAN_POINT('Ctrl Pts',(-21.5829750085231,207.181938083512,1.19581271717846E-14));
#5007=CARTESIAN_POINT('Ctrl Pts',(-22.0066092190193,207.074399409457,1.19461879805872E-14));
#5008=CARTESIAN_POINT('Ctrl Pts',(-22.4578764007865,207.020842508247,1.19402419701021E-14));
#5009=CARTESIAN_POINT('Ctrl Pts',(-22.9077201008968,207.017805223096,1.19399047637115E-14));
#5010=CARTESIAN_POINT('Ctrl Pts',(-23.3287424615593,207.060572458632,1.19446528806706E-14));
#5011=CARTESIAN_POINT('Ctrl Pts',(-23.6985914312752,207.144399496077,1.19539595513763E-14));
#5012=CARTESIAN_POINT('Ctrl Pts',(-24.0045341349015,207.266069537926,1.19674676395632E-14));
#5013=CARTESIAN_POINT('Ctrl Pts',(-24.2429736165694,207.42403877055,1.19850057474873E-14));
#5014=CARTESIAN_POINT('Ctrl Pts',(-24.4163194911792,207.617842606539,1.20065222955849E-14));
#5015=CARTESIAN_POINT('Ctrl Pts',(-24.5306575163496,207.847721006799,1.20320439248681E-14));
#5016=CARTESIAN_POINT('Ctrl Pts',(-24.5932597542824,208.114179202657,1.20616267272823E-14));
#5017=CARTESIAN_POINT('Ctrl Pts',(-24.609823623608,208.417507789025,1.20953029653436E-14));
#5018=CARTESIAN_POINT('Ctrl Pts',(-24.5841656010704,208.757748527731,1.21330772755463E-14));
#5019=CARTESIAN_POINT('Ctrl Pts',(-24.5187376867615,209.134811754781,1.21749397031873E-14));
#5020=CARTESIAN_POINT('Ctrl Pts',(-24.4356385674307,209.465792391774,1.22116859355768E-14));
#5021=CARTESIAN_POINT('Ctrl Pts',(-24.3562603836371,209.730458485837,1.22410697747234E-14));
#5022=CARTESIAN_POINT('Ctrl Pts',(-24.2957718518038,209.914195277725,1.22614686564059E-14));
#5023=CARTESIAN_POINT('Ctrl Pts',(-24.2636351687493,210.007886859924,1.2271870511583E-14));
#5024=CARTESIAN_POINT('Ctrl Pts',(-21.6808370162653,211.762038512047,-0.999999999999988));
#5025=CARTESIAN_POINT('Ctrl Pts',(-21.6853130813258,211.755004695524,-0.999999999999988));
#5026=CARTESIAN_POINT('Ctrl Pts',(-21.6943391426069,211.736940220301,-0.999999999999988));
#5027=CARTESIAN_POINT('Ctrl Pts',(-21.7081038004196,211.697856540951,-0.999999999999988));
#5028=CARTESIAN_POINT('Ctrl Pts',(-21.7240060739566,211.620316837037,-0.999999999999988));
#5029=CARTESIAN_POINT('Ctrl Pts',(-21.7256287587185,211.475486777524,-0.999999999999988));
#5030=CARTESIAN_POINT('Ctrl Pts',(-21.6945191111705,211.279818858835,-0.999999999999988));
#5031=CARTESIAN_POINT('Ctrl Pts',(-21.6244019662413,211.039247357793,-0.999999999999988));
#5032=CARTESIAN_POINT('Ctrl Pts',(-21.5186960966143,210.768301844948,-0.999999999999988));
#5033=CARTESIAN_POINT('Ctrl Pts',(-21.3864306986538,210.484707187574,-0.999999999999988));
#5034=CARTESIAN_POINT('Ctrl Pts',(-21.2396602623544,210.205233464413,-0.999999999999988));
#5035=CARTESIAN_POINT('Ctrl Pts',(-21.0905673156591,209.941556602921,-0.999999999999988));
#5036=CARTESIAN_POINT('Ctrl Pts',(-20.9480088522099,209.694788899589,-0.999999999999988));
#5037=CARTESIAN_POINT('Ctrl Pts',(-20.8177591890944,209.457020456412,-0.999999999999988));
#5038=CARTESIAN_POINT('Ctrl Pts',(-20.7047595187275,209.216580250437,-0.999999999999988));
#5039=CARTESIAN_POINT('Ctrl Pts',(-20.6148457003091,208.962278745245,-0.999999999999988));
#5040=CARTESIAN_POINT('Ctrl Pts',(-20.5564343554737,208.68769006597,-0.999999999999988));
#5041=CARTESIAN_POINT('Ctrl Pts',(-20.5429010110485,208.396412582833,-0.999999999999988));
#5042=CARTESIAN_POINT('Ctrl Pts',(-20.5901006791477,208.100205129932,-0.999999999999988));
#5043=CARTESIAN_POINT('Ctrl Pts',(-20.7125562557849,207.815110010765,-0.999999999999988));
#5044=CARTESIAN_POINT('Ctrl Pts',(-20.919945186124,207.558192527068,-0.999999999999988));
#5045=CARTESIAN_POINT('Ctrl Pts',(-21.2137549557496,207.344242764107,-0.999999999999988));
#5046=CARTESIAN_POINT('Ctrl Pts',(-21.5829750085231,207.181938083512,-0.999999999999988));
#5047=CARTESIAN_POINT('Ctrl Pts',(-22.0066092190193,207.074399409457,-0.999999999999988));
#5048=CARTESIAN_POINT('Ctrl Pts',(-22.4578764007865,207.020842508247,-0.999999999999988));
#5049=CARTESIAN_POINT('Ctrl Pts',(-22.9077201008968,207.017805223096,-0.999999999999988));
#5050=CARTESIAN_POINT('Ctrl Pts',(-23.3287424615593,207.060572458632,-0.999999999999988));
#5051=CARTESIAN_POINT('Ctrl Pts',(-23.6985914312752,207.144399496077,-0.999999999999988));
#5052=CARTESIAN_POINT('Ctrl Pts',(-24.0045341349015,207.266069537926,-0.999999999999988));
#5053=CARTESIAN_POINT('Ctrl Pts',(-24.2429736165694,207.42403877055,-0.999999999999988));
#5054=CARTESIAN_POINT('Ctrl Pts',(-24.4163194911792,207.617842606539,-0.999999999999988));
#5055=CARTESIAN_POINT('Ctrl Pts',(-24.5306575163496,207.847721006799,-0.999999999999988));
#5056=CARTESIAN_POINT('Ctrl Pts',(-24.5932597542824,208.114179202657,-0.999999999999988));
#5057=CARTESIAN_POINT('Ctrl Pts',(-24.609823623608,208.417507789025,-0.999999999999988));
#5058=CARTESIAN_POINT('Ctrl Pts',(-24.5841656010704,208.757748527731,-0.999999999999988));
#5059=CARTESIAN_POINT('Ctrl Pts',(-24.5187376867615,209.134811754781,-0.999999999999988));
#5060=CARTESIAN_POINT('Ctrl Pts',(-24.4356385674307,209.465792391774,-0.999999999999988));
#5061=CARTESIAN_POINT('Ctrl Pts',(-24.3562603836371,209.730458485837,-0.999999999999988));
#5062=CARTESIAN_POINT('Ctrl Pts',(-24.2957718518038,209.914195277725,-0.999999999999988));
#5063=CARTESIAN_POINT('Ctrl Pts',(-24.2636351687493,210.007886859924,-0.999999999999988));
#5064=CARTESIAN_POINT('Origin',(-21.6093730334115,212.600380880135,-0.999999999999987));
#5065=CARTESIAN_POINT('Ctrl Pts',(4.65200292590806,212.753858674651,1.25767346249511E-14));
#5066=CARTESIAN_POINT('Ctrl Pts',(4.65200292590806,212.753858674651,-0.999999999999987));
#5067=CARTESIAN_POINT('Ctrl Pts',(4.65376977317563,212.724849066588,1.25735139114704E-14));
#5068=CARTESIAN_POINT('Ctrl Pts',(4.65376977317563,212.724849066588,-0.999999999999987));
#5069=CARTESIAN_POINT('Ctrl Pts',(4.65923349458296,212.668852955242,1.25672970942599E-14));
#5070=CARTESIAN_POINT('Ctrl Pts',(4.65923349458296,212.668852955242,-0.999999999999987));
#5071=CARTESIAN_POINT('Ctrl Pts',(4.67338012137958,212.59118380398,1.25586740862565E-14));
#5072=CARTESIAN_POINT('Ctrl Pts',(4.67338012137958,212.59118380398,-0.999999999999988));
#5073=CARTESIAN_POINT('Ctrl Pts',(4.70505289219718,212.499948924256,1.25485449798446E-14));
#5074=CARTESIAN_POINT('Ctrl Pts',(4.70505289219718,212.499948924256,-0.999999999999988));
#5075=CARTESIAN_POINT('Ctrl Pts',(4.76881091313515,212.401933607992,1.25376630937564E-14));
#5076=CARTESIAN_POINT('Ctrl Pts',(4.76881091313515,212.401933607992,-0.999999999999988));
#5077=CARTESIAN_POINT('Ctrl Pts',(4.85929855320783,212.314954485457,1.25280064713063E-14));
#5078=CARTESIAN_POINT('Ctrl Pts',(4.85929855320783,212.314954485457,-0.999999999999988));
#5079=CARTESIAN_POINT('Ctrl Pts',(4.97807465493157,212.236312667491,1.25192754756059E-14));
#5080=CARTESIAN_POINT('Ctrl Pts',(4.97807465493157,212.236312667491,-0.999999999999988));
#5081=CARTESIAN_POINT('Ctrl Pts',(5.12481631831437,212.169466719247,1.25118540845216E-14));
#5082=CARTESIAN_POINT('Ctrl Pts',(5.12481631831437,212.169466719247,-0.999999999999988));
#5083=CARTESIAN_POINT('Ctrl Pts',(5.29688900826172,212.123961530039,1.25068019936418E-14));
#5084=CARTESIAN_POINT('Ctrl Pts',(5.29688900826172,212.123961530039,-0.999999999999988));
#5085=CARTESIAN_POINT('Ctrl Pts',(5.48940230818649,212.111340955374,1.2505400828384E-14));
#5086=CARTESIAN_POINT('Ctrl Pts',(5.48940230818649,212.111340955374,-0.999999999999988));
#5087=CARTESIAN_POINT('Ctrl Pts',(5.69509501124749,212.142044377173,1.25088095929656E-14));
#5088=CARTESIAN_POINT('Ctrl Pts',(5.69509501124749,212.142044377173,-0.999999999999988));
#5089=CARTESIAN_POINT('Ctrl Pts',(5.90434361744037,212.222122578472,1.25177000592509E-14));
#5090=CARTESIAN_POINT('Ctrl Pts',(5.90434361744037,212.222122578472,-0.999999999999988));
#5091=CARTESIAN_POINT('Ctrl Pts',(6.10495134876952,212.349480910936,1.25318396745589E-14));
#5092=CARTESIAN_POINT('Ctrl Pts',(6.10495134876952,212.349480910936,-0.999999999999988));
#5093=CARTESIAN_POINT('Ctrl Pts',(6.28250512238951,212.511947676365,1.25498771089305E-14));
#5094=CARTESIAN_POINT('Ctrl Pts',(6.28250512238951,212.511947676365,-0.999999999999988));
#5095=CARTESIAN_POINT('Ctrl Pts',(6.4228059833019,212.692314277918,1.25699018243222E-14));
#5096=CARTESIAN_POINT('Ctrl Pts',(6.4228059833019,212.692314277918,-0.999999999999987));
#5097=CARTESIAN_POINT('Ctrl Pts',(6.5138960330057,212.872105932515,1.25898627077791E-14));
#5098=CARTESIAN_POINT('Ctrl Pts',(6.5138960330057,212.872105932515,-0.999999999999987));
#5099=CARTESIAN_POINT('Ctrl Pts',(6.5484036443666,213.036085736045,1.26080681231244E-14));
#5100=CARTESIAN_POINT('Ctrl Pts',(6.5484036443666,213.036085736045,-0.999999999999987));
#5101=CARTESIAN_POINT('Ctrl Pts',(6.52542600010885,213.175887212207,1.26235892048955E-14));
#5102=CARTESIAN_POINT('Ctrl Pts',(6.52542600010885,213.175887212207,-0.999999999999987));
#5103=CARTESIAN_POINT('Ctrl Pts',(6.45351987259616,213.295483951043,1.26368671102081E-14));
#5104=CARTESIAN_POINT('Ctrl Pts',(6.45351987259616,213.295483951043,-0.999999999999987));
#5105=CARTESIAN_POINT('Ctrl Pts',(6.34859895611073,213.408321119552,1.26493945524593E-14));
#5106=CARTESIAN_POINT('Ctrl Pts',(6.34859895611073,213.408321119552,-0.999999999999987));
#5107=CARTESIAN_POINT('Ctrl Pts',(6.22959308008233,213.530817503376,1.26629943830348E-14));
#5108=CARTESIAN_POINT('Ctrl Pts',(6.22959308008233,213.530817503376,-0.999999999999987));
#5109=CARTESIAN_POINT('Ctrl Pts',(6.1146620414303,213.676713915163,1.26791921385924E-14));
#5110=CARTESIAN_POINT('Ctrl Pts',(6.1146620414303,213.676713915163,-0.999999999999987));
#5111=CARTESIAN_POINT('Ctrl Pts',(6.01756891973345,213.851783729554,1.26986287924778E-14));
#5112=CARTESIAN_POINT('Ctrl Pts',(6.01756891973345,213.851783729554,-0.999999999999987));
#5113=CARTESIAN_POINT('Ctrl Pts',(5.942994788929,214.046548948679,1.27202520755446E-14));
#5114=CARTESIAN_POINT('Ctrl Pts',(5.942994788929,214.046548948679,-0.999999999999987));
#5115=CARTESIAN_POINT('Ctrl Pts',(5.88736416489098,214.239198935591,1.2741640520661E-14));
#5116=CARTESIAN_POINT('Ctrl Pts',(5.88736416489098,214.239198935591,-0.999999999999987));
#5117=CARTESIAN_POINT('Ctrl Pts',(5.84230349992852,214.403279535893,1.27598571266959E-14));
#5118=CARTESIAN_POINT('Ctrl Pts',(5.84230349992852,214.403279535893,-0.999999999999987));
#5119=CARTESIAN_POINT('Ctrl Pts',(5.79734597158569,214.514205125875,1.27721723410977E-14));
#5120=CARTESIAN_POINT('Ctrl Pts',(5.79734597158569,214.514205125875,-0.999999999999987));
#5121=CARTESIAN_POINT('Ctrl Pts',(5.74270588442819,214.555463701124,1.27767529631182E-14));
#5122=CARTESIAN_POINT('Ctrl Pts',(5.74270588442819,214.555463701124,-0.999999999999987));
#5123=CARTESIAN_POINT('Ctrl Pts',(5.67259390955086,214.52696426844,1.27735888904828E-14));
#5124=CARTESIAN_POINT('Ctrl Pts',(5.67259390955086,214.52696426844,-0.999999999999987));
#5125=CARTESIAN_POINT('Ctrl Pts',(5.58580714226227,214.443805320688,1.2764356392633E-14));
#5126=CARTESIAN_POINT('Ctrl Pts',(5.58580714226227,214.443805320688,-0.999999999999987));
#5127=CARTESIAN_POINT('Ctrl Pts',(5.48422521356882,214.32763587331,1.27514589931093E-14));
#5128=CARTESIAN_POINT('Ctrl Pts',(5.48422521356882,214.32763587331,-0.999999999999987));
#5129=CARTESIAN_POINT('Ctrl Pts',(5.37195577716489,214.200551416347,1.273734978409E-14));
#5130=CARTESIAN_POINT('Ctrl Pts',(5.37195577716489,214.200551416347,-0.999999999999987));
#5131=CARTESIAN_POINT('Ctrl Pts',(5.25417942830825,214.077216544525,1.27236568626465E-14));
#5132=CARTESIAN_POINT('Ctrl Pts',(5.25417942830825,214.077216544525,-0.999999999999987));
#5133=CARTESIAN_POINT('Ctrl Pts',(5.1362666030144,213.959979806321,1.27106409700378E-14));
#5134=CARTESIAN_POINT('Ctrl Pts',(5.1362666030144,213.959979806321,-0.999999999999987));
#5135=CARTESIAN_POINT('Ctrl Pts',(5.02347582884312,213.84394911138,1.26977589751291E-14));
#5136=CARTESIAN_POINT('Ctrl Pts',(5.02347582884312,213.84394911138,-0.999999999999987));
#5137=CARTESIAN_POINT('Ctrl Pts',(4.92056871015931,213.720628349282,1.26840676201796E-14));
#5138=CARTESIAN_POINT('Ctrl Pts',(4.92056871015931,213.720628349282,-0.999999999999987));
#5139=CARTESIAN_POINT('Ctrl Pts',(4.83147093603165,213.581975063277,1.26686740131234E-14));
#5140=CARTESIAN_POINT('Ctrl Pts',(4.83147093603165,213.581975063277,-0.999999999999987));
#5141=CARTESIAN_POINT('Ctrl Pts',(4.75887212861128,213.424555141378,1.26511968909407E-14));
#5142=CARTESIAN_POINT('Ctrl Pts',(4.75887212861128,213.424555141378,-0.999999999999987));
#5143=CARTESIAN_POINT('Ctrl Pts',(4.70395708790626,213.252852316479,1.2632134047981E-14));
#5144=CARTESIAN_POINT('Ctrl Pts',(4.70395708790626,213.252852316479,-0.999999999999987));
#5145=CARTESIAN_POINT('Ctrl Pts',(4.66703321198461,213.075879395189,1.26124861067859E-14));
#5146=CARTESIAN_POINT('Ctrl Pts',(4.66703321198461,213.075879395189,-0.999999999999987));
#5147=CARTESIAN_POINT('Ctrl Pts',(4.65185602598552,212.9387876979,1.25972658709044E-14));
#5148=CARTESIAN_POINT('Ctrl Pts',(4.65185602598552,212.9387876979,-0.999999999999987));
#5149=CARTESIAN_POINT('Ctrl Pts',(4.64863241097767,212.842910603622,1.25866213751443E-14));
#5150=CARTESIAN_POINT('Ctrl Pts',(4.64863241097767,212.842910603622,-0.999999999999987));
#5151=CARTESIAN_POINT('Ctrl Pts',(4.6502360786405,212.782868282714,1.25799553384319E-14));
#5152=CARTESIAN_POINT('Ctrl Pts',(4.6502360786405,212.782868282714,-0.999999999999987));
#5153=CARTESIAN_POINT('Ctrl Pts',(4.65200292590806,212.753858674651,1.25767346249511E-14));
#5154=CARTESIAN_POINT('Ctrl Pts',(4.65200292590806,212.753858674651,-0.999999999999987));
#5155=CARTESIAN_POINT('',(4.65200292590806,212.753858674651,1.25767346249511E-14));
#5156=CARTESIAN_POINT('Ctrl Pts',(4.65200292590806,212.753858674651,1.25767346249511E-14));
#5157=CARTESIAN_POINT('Ctrl Pts',(4.65376977317563,212.724849066588,1.25735139114704E-14));
#5158=CARTESIAN_POINT('Ctrl Pts',(4.65923349458296,212.668852955242,1.25672970942599E-14));
#5159=CARTESIAN_POINT('Ctrl Pts',(4.67338012137958,212.59118380398,1.25586740862565E-14));
#5160=CARTESIAN_POINT('Ctrl Pts',(4.70505289219718,212.499948924256,1.25485449798446E-14));
#5161=CARTESIAN_POINT('Ctrl Pts',(4.76881091313515,212.401933607992,1.25376630937564E-14));
#5162=CARTESIAN_POINT('Ctrl Pts',(4.85929855320783,212.314954485457,1.25280064713063E-14));
#5163=CARTESIAN_POINT('Ctrl Pts',(4.97807465493157,212.236312667491,1.25192754756059E-14));
#5164=CARTESIAN_POINT('Ctrl Pts',(5.12481631831437,212.169466719247,1.25118540845216E-14));
#5165=CARTESIAN_POINT('Ctrl Pts',(5.29688900826172,212.123961530039,1.25068019936418E-14));
#5166=CARTESIAN_POINT('Ctrl Pts',(5.48940230818649,212.111340955374,1.2505400828384E-14));
#5167=CARTESIAN_POINT('Ctrl Pts',(5.69509501124749,212.142044377173,1.25088095929656E-14));
#5168=CARTESIAN_POINT('Ctrl Pts',(5.90434361744037,212.222122578472,1.25177000592509E-14));
#5169=CARTESIAN_POINT('Ctrl Pts',(6.10495134876952,212.349480910936,1.25318396745589E-14));
#5170=CARTESIAN_POINT('Ctrl Pts',(6.28250512238951,212.511947676365,1.25498771089305E-14));
#5171=CARTESIAN_POINT('Ctrl Pts',(6.4228059833019,212.692314277918,1.25699018243222E-14));
#5172=CARTESIAN_POINT('Ctrl Pts',(6.5138960330057,212.872105932515,1.25898627077791E-14));
#5173=CARTESIAN_POINT('Ctrl Pts',(6.5484036443666,213.036085736045,1.26080681231244E-14));
#5174=CARTESIAN_POINT('Ctrl Pts',(6.52542600010885,213.175887212207,1.26235892048955E-14));
#5175=CARTESIAN_POINT('Ctrl Pts',(6.45351987259616,213.295483951043,1.26368671102081E-14));
#5176=CARTESIAN_POINT('Ctrl Pts',(6.34859895611073,213.408321119552,1.26493945524593E-14));
#5177=CARTESIAN_POINT('Ctrl Pts',(6.22959308008233,213.530817503376,1.26629943830348E-14));
#5178=CARTESIAN_POINT('Ctrl Pts',(6.1146620414303,213.676713915163,1.26791921385924E-14));
#5179=CARTESIAN_POINT('Ctrl Pts',(6.01756891973345,213.851783729554,1.26986287924778E-14));
#5180=CARTESIAN_POINT('Ctrl Pts',(5.942994788929,214.046548948679,1.27202520755446E-14));
#5181=CARTESIAN_POINT('Ctrl Pts',(5.88736416489098,214.239198935591,1.2741640520661E-14));
#5182=CARTESIAN_POINT('Ctrl Pts',(5.84230349992852,214.403279535893,1.27598571266959E-14));
#5183=CARTESIAN_POINT('Ctrl Pts',(5.79734597158569,214.514205125875,1.27721723410977E-14));
#5184=CARTESIAN_POINT('Ctrl Pts',(5.74270588442819,214.555463701124,1.27767529631182E-14));
#5185=CARTESIAN_POINT('Ctrl Pts',(5.67259390955086,214.52696426844,1.27735888904828E-14));
#5186=CARTESIAN_POINT('Ctrl Pts',(5.58580714226227,214.443805320688,1.2764356392633E-14));
#5187=CARTESIAN_POINT('Ctrl Pts',(5.48422521356882,214.32763587331,1.27514589931093E-14));
#5188=CARTESIAN_POINT('Ctrl Pts',(5.37195577716489,214.200551416347,1.273734978409E-14));
#5189=CARTESIAN_POINT('Ctrl Pts',(5.25417942830825,214.077216544525,1.27236568626465E-14));
#5190=CARTESIAN_POINT('Ctrl Pts',(5.1362666030144,213.959979806321,1.27106409700378E-14));
#5191=CARTESIAN_POINT('Ctrl Pts',(5.02347582884312,213.84394911138,1.26977589751291E-14));
#5192=CARTESIAN_POINT('Ctrl Pts',(4.92056871015931,213.720628349282,1.26840676201796E-14));
#5193=CARTESIAN_POINT('Ctrl Pts',(4.83147093603165,213.581975063277,1.26686740131234E-14));
#5194=CARTESIAN_POINT('Ctrl Pts',(4.75887212861128,213.424555141378,1.26511968909407E-14));
#5195=CARTESIAN_POINT('Ctrl Pts',(4.70395708790626,213.252852316479,1.2632134047981E-14));
#5196=CARTESIAN_POINT('Ctrl Pts',(4.66703321198461,213.075879395189,1.26124861067859E-14));
#5197=CARTESIAN_POINT('Ctrl Pts',(4.65185602598552,212.9387876979,1.25972658709044E-14));
#5198=CARTESIAN_POINT('Ctrl Pts',(4.64863241097767,212.842910603622,1.25866213751443E-14));
#5199=CARTESIAN_POINT('Ctrl Pts',(4.6502360786405,212.782868282714,1.25799553384319E-14));
#5200=CARTESIAN_POINT('Ctrl Pts',(4.65200292590806,212.753858674651,1.25767346249511E-14));
#5201=CARTESIAN_POINT('',(4.65200292590806,212.753858674651,-0.999999999999987));
#5202=CARTESIAN_POINT('',(4.65200292590806,212.753858674651,1.25767346249511E-14));
#5203=CARTESIAN_POINT('Ctrl Pts',(4.65200292590806,212.753858674651,-0.999999999999987));
#5204=CARTESIAN_POINT('Ctrl Pts',(4.65376977317563,212.724849066588,-0.999999999999987));
#5205=CARTESIAN_POINT('Ctrl Pts',(4.65923349458296,212.668852955242,-0.999999999999987));
#5206=CARTESIAN_POINT('Ctrl Pts',(4.67338012137958,212.59118380398,-0.999999999999988));
#5207=CARTESIAN_POINT('Ctrl Pts',(4.70505289219718,212.499948924256,-0.999999999999988));
#5208=CARTESIAN_POINT('Ctrl Pts',(4.76881091313515,212.401933607992,-0.999999999999988));
#5209=CARTESIAN_POINT('Ctrl Pts',(4.85929855320783,212.314954485457,-0.999999999999988));
#5210=CARTESIAN_POINT('Ctrl Pts',(4.97807465493157,212.236312667491,-0.999999999999988));
#5211=CARTESIAN_POINT('Ctrl Pts',(5.12481631831437,212.169466719247,-0.999999999999988));
#5212=CARTESIAN_POINT('Ctrl Pts',(5.29688900826172,212.123961530039,-0.999999999999988));
#5213=CARTESIAN_POINT('Ctrl Pts',(5.48940230818649,212.111340955374,-0.999999999999988));
#5214=CARTESIAN_POINT('Ctrl Pts',(5.69509501124749,212.142044377173,-0.999999999999988));
#5215=CARTESIAN_POINT('Ctrl Pts',(5.90434361744037,212.222122578472,-0.999999999999988));
#5216=CARTESIAN_POINT('Ctrl Pts',(6.10495134876952,212.349480910936,-0.999999999999988));
#5217=CARTESIAN_POINT('Ctrl Pts',(6.28250512238951,212.511947676365,-0.999999999999988));
#5218=CARTESIAN_POINT('Ctrl Pts',(6.4228059833019,212.692314277918,-0.999999999999987));
#5219=CARTESIAN_POINT('Ctrl Pts',(6.5138960330057,212.872105932515,-0.999999999999987));
#5220=CARTESIAN_POINT('Ctrl Pts',(6.5484036443666,213.036085736045,-0.999999999999987));
#5221=CARTESIAN_POINT('Ctrl Pts',(6.52542600010885,213.175887212207,-0.999999999999987));
#5222=CARTESIAN_POINT('Ctrl Pts',(6.45351987259616,213.295483951043,-0.999999999999987));
#5223=CARTESIAN_POINT('Ctrl Pts',(6.34859895611073,213.408321119552,-0.999999999999987));
#5224=CARTESIAN_POINT('Ctrl Pts',(6.22959308008233,213.530817503376,-0.999999999999987));
#5225=CARTESIAN_POINT('Ctrl Pts',(6.1146620414303,213.676713915163,-0.999999999999987));
#5226=CARTESIAN_POINT('Ctrl Pts',(6.01756891973345,213.851783729554,-0.999999999999987));
#5227=CARTESIAN_POINT('Ctrl Pts',(5.942994788929,214.046548948679,-0.999999999999987));
#5228=CARTESIAN_POINT('Ctrl Pts',(5.88736416489098,214.239198935591,-0.999999999999987));
#5229=CARTESIAN_POINT('Ctrl Pts',(5.84230349992852,214.403279535893,-0.999999999999987));
#5230=CARTESIAN_POINT('Ctrl Pts',(5.79734597158569,214.514205125875,-0.999999999999987));
#5231=CARTESIAN_POINT('Ctrl Pts',(5.74270588442819,214.555463701124,-0.999999999999987));
#5232=CARTESIAN_POINT('Ctrl Pts',(5.67259390955086,214.52696426844,-0.999999999999987));
#5233=CARTESIAN_POINT('Ctrl Pts',(5.58580714226227,214.443805320688,-0.999999999999987));
#5234=CARTESIAN_POINT('Ctrl Pts',(5.48422521356882,214.32763587331,-0.999999999999987));
#5235=CARTESIAN_POINT('Ctrl Pts',(5.37195577716489,214.200551416347,-0.999999999999987));
#5236=CARTESIAN_POINT('Ctrl Pts',(5.25417942830825,214.077216544525,-0.999999999999987));
#5237=CARTESIAN_POINT('Ctrl Pts',(5.1362666030144,213.959979806321,-0.999999999999987));
#5238=CARTESIAN_POINT('Ctrl Pts',(5.02347582884312,213.84394911138,-0.999999999999987));
#5239=CARTESIAN_POINT('Ctrl Pts',(4.92056871015931,213.720628349282,-0.999999999999987));
#5240=CARTESIAN_POINT('Ctrl Pts',(4.83147093603165,213.581975063277,-0.999999999999987));
#5241=CARTESIAN_POINT('Ctrl Pts',(4.75887212861128,213.424555141378,-0.999999999999987));
#5242=CARTESIAN_POINT('Ctrl Pts',(4.70395708790626,213.252852316479,-0.999999999999987));
#5243=CARTESIAN_POINT('Ctrl Pts',(4.66703321198461,213.075879395189,-0.999999999999987));
#5244=CARTESIAN_POINT('Ctrl Pts',(4.65185602598552,212.9387876979,-0.999999999999987));
#5245=CARTESIAN_POINT('Ctrl Pts',(4.64863241097767,212.842910603622,-0.999999999999987));
#5246=CARTESIAN_POINT('Ctrl Pts',(4.6502360786405,212.782868282714,-0.999999999999987));
#5247=CARTESIAN_POINT('Ctrl Pts',(4.65200292590806,212.753858674651,-0.999999999999987));
#5248=CARTESIAN_POINT('Ctrl Pts',(17.1356943004901,216.58783962227,1.30023920173533E-14));
#5249=CARTESIAN_POINT('Ctrl Pts',(17.1356943004901,216.58783962227,-0.999999999999987));
#5250=CARTESIAN_POINT('Ctrl Pts',(17.1355023305476,216.594692413297,1.30031528299913E-14));
#5251=CARTESIAN_POINT('Ctrl Pts',(17.1355023305476,216.594692413297,-0.999999999999987));
#5252=CARTESIAN_POINT('Ctrl Pts',(17.135186135238,216.60150981543,1.3003909713673E-14));
#5253=CARTESIAN_POINT('Ctrl Pts',(17.135186135238,216.60150981543,-0.999999999999987));
#5254=CARTESIAN_POINT('Ctrl Pts',(17.1347457142545,216.608291828812,1.3004662668414E-14));
#5255=CARTESIAN_POINT('Ctrl Pts',(17.1347457142545,216.608291828812,-0.999999999999987));
#5256=CARTESIAN_POINT('Ctrl Pts',(17.1341810667452,216.615038453294,1.30054116941978E-14));
#5257=CARTESIAN_POINT('Ctrl Pts',(17.1341810667452,216.615038453294,-0.999999999999987));
#5258=CARTESIAN_POINT('Ctrl Pts',(17.1334921947996,216.621749687212,1.30061567908398E-14));
#5259=CARTESIAN_POINT('Ctrl Pts',(17.1334921947996,216.621749687212,-0.999999999999987));
#5260=CARTESIAN_POINT('',(17.1356943004901,216.58783962227,1.30023920173533E-14));
#5261=CARTESIAN_POINT('',(17.1334921947997,216.621749687212,1.30061567908398E-14));
#5262=CARTESIAN_POINT('Ctrl Pts',(17.1356943004901,216.58783962227,1.30023920173533E-14));
#5263=CARTESIAN_POINT('Ctrl Pts',(17.1355023305476,216.594692413297,1.30031528299913E-14));
#5264=CARTESIAN_POINT('Ctrl Pts',(17.135186135238,216.60150981543,1.3003909713673E-14));
#5265=CARTESIAN_POINT('Ctrl Pts',(17.1347457142545,216.608291828812,1.3004662668414E-14));
#5266=CARTESIAN_POINT('Ctrl Pts',(17.1341810667452,216.615038453294,1.30054116941978E-14));
#5267=CARTESIAN_POINT('Ctrl Pts',(17.1334921947996,216.621749687212,1.30061567908398E-14));
#5268=CARTESIAN_POINT('',(17.1356943004901,216.58783962227,-0.999999999999987));
#5269=CARTESIAN_POINT('',(17.1356943004901,216.58783962227,1.30023920173533E-14));
#5270=CARTESIAN_POINT('',(17.1334921947997,216.621749687212,-0.999999999999987));
#5271=CARTESIAN_POINT('Ctrl Pts',(17.1356943004901,216.58783962227,-0.999999999999987));
#5272=CARTESIAN_POINT('Ctrl Pts',(17.1355023305476,216.594692413297,-0.999999999999987));
#5273=CARTESIAN_POINT('Ctrl Pts',(17.135186135238,216.60150981543,-0.999999999999987));
#5274=CARTESIAN_POINT('Ctrl Pts',(17.1347457142545,216.608291828812,-0.999999999999987));
#5275=CARTESIAN_POINT('Ctrl Pts',(17.1341810667452,216.615038453294,-0.999999999999987));
#5276=CARTESIAN_POINT('Ctrl Pts',(17.1334921947996,216.621749687212,-0.999999999999987));
#5277=CARTESIAN_POINT('',(17.1334921947997,216.621749687212,1.30061567908398E-14));
#5278=CARTESIAN_POINT('Ctrl Pts',(17.1334921947997,216.621749687212,1.30061567908398E-14));
#5279=CARTESIAN_POINT('Ctrl Pts',(17.1334921947997,216.621749687212,-0.999999999999987));
#5280=CARTESIAN_POINT('Ctrl Pts',(17.1338843174151,216.614995863505,1.30054069657814E-14));
#5281=CARTESIAN_POINT('Ctrl Pts',(17.1338843174151,216.614995863505,-0.999999999999987));
#5282=CARTESIAN_POINT('Ctrl Pts',(17.1343005895549,216.608227944991,1.30046555758851E-14));
#5283=CARTESIAN_POINT('Ctrl Pts',(17.1343005895549,216.608227944991,-0.999999999999987));
#5284=CARTESIAN_POINT('Ctrl Pts',(17.1347410108792,216.601445931926,1.30039026211792E-14));
#5285=CARTESIAN_POINT('Ctrl Pts',(17.1347410108792,216.601445931926,-0.999999999999987));
#5286=CARTESIAN_POINT('Ctrl Pts',(17.1352055811954,216.594649824373,1.3003148101671E-14));
#5287=CARTESIAN_POINT('Ctrl Pts',(17.1352055811954,216.594649824373,-0.999999999999987));
#5288=CARTESIAN_POINT('Ctrl Pts',(17.1356943004901,216.58783962227,1.30023920173533E-14));
#5289=CARTESIAN_POINT('Ctrl Pts',(17.1356943004901,216.58783962227,-0.999999999999987));
#5290=CARTESIAN_POINT('Ctrl Pts',(17.1334921947997,216.621749687212,1.30061567908398E-14));
#5291=CARTESIAN_POINT('Ctrl Pts',(17.1338843174151,216.614995863505,1.30054069657814E-14));
#5292=CARTESIAN_POINT('Ctrl Pts',(17.1343005895549,216.608227944991,1.30046555758851E-14));
#5293=CARTESIAN_POINT('Ctrl Pts',(17.1347410108792,216.601445931926,1.30039026211792E-14));
#5294=CARTESIAN_POINT('Ctrl Pts',(17.1352055811954,216.594649824373,1.3003148101671E-14));
#5295=CARTESIAN_POINT('Ctrl Pts',(17.1356943004901,216.58783962227,1.30023920173533E-14));
#5296=CARTESIAN_POINT('Ctrl Pts',(17.1334921947997,216.621749687212,-0.999999999999987));
#5297=CARTESIAN_POINT('Ctrl Pts',(17.1338843174151,216.614995863505,-0.999999999999987));
#5298=CARTESIAN_POINT('Ctrl Pts',(17.1343005895549,216.608227944991,-0.999999999999987));
#5299=CARTESIAN_POINT('Ctrl Pts',(17.1347410108792,216.601445931926,-0.999999999999987));
#5300=CARTESIAN_POINT('Ctrl Pts',(17.1352055811954,216.594649824373,-0.999999999999987));
#5301=CARTESIAN_POINT('Ctrl Pts',(17.1356943004901,216.58783962227,-0.999999999999987));
#5302=CARTESIAN_POINT('Ctrl Pts',(9.49665933591998,212.542578363938,1.25532777983908E-14));
#5303=CARTESIAN_POINT('Ctrl Pts',(9.49665933591998,212.542578363938,-0.999999999999988));
#5304=CARTESIAN_POINT('Ctrl Pts',(9.50820623048653,212.582413694732,1.25577004085349E-14));
#5305=CARTESIAN_POINT('Ctrl Pts',(9.50820623048653,212.582413694732,-0.999999999999988));
#5306=CARTESIAN_POINT('Ctrl Pts',(9.53123547988479,212.66293000525,1.25666395147144E-14));
#5307=CARTESIAN_POINT('Ctrl Pts',(9.53123547988479,212.66293000525,-0.999999999999987));
#5308=CARTESIAN_POINT('Ctrl Pts',(9.56558570923845,212.786241193296,1.25803298067307E-14));
#5309=CARTESIAN_POINT('Ctrl Pts',(9.56558570923845,212.786241193296,-0.999999999999987));
#5310=CARTESIAN_POINT('Ctrl Pts',(9.61099881775538,212.955733186795,1.25991471980978E-14));
#5311=CARTESIAN_POINT('Ctrl Pts',(9.61099881775538,212.955733186795,-0.999999999999987));
#5312=CARTESIAN_POINT('Ctrl Pts',(9.66729646916288,213.176335381555,1.26236389616885E-14));
#5313=CARTESIAN_POINT('Ctrl Pts',(9.66729646916288,213.176335381555,-0.999999999999987));
#5314=CARTESIAN_POINT('Ctrl Pts',(9.72366076510097,213.406520662449,1.26491946615663E-14));
#5315=CARTESIAN_POINT('Ctrl Pts',(9.72366076510097,213.406520662449,-0.999999999999987));
#5316=CARTESIAN_POINT('Ctrl Pts',(9.78115663761633,213.647904542199,1.26759936556734E-14));
#5317=CARTESIAN_POINT('Ctrl Pts',(9.78115663761633,213.647904542199,-0.999999999999987));
#5318=CARTESIAN_POINT('Ctrl Pts',(9.84157851381173,213.903321826564,1.27043506706723E-14));
#5319=CARTESIAN_POINT('Ctrl Pts',(9.84157851381173,213.903321826564,-0.999999999999987));
#5320=CARTESIAN_POINT('Ctrl Pts',(9.90751898891129,214.176180267904,1.27346440430763E-14));
#5321=CARTESIAN_POINT('Ctrl Pts',(9.90751898891129,214.176180267904,-0.999999999999987));
#5322=CARTESIAN_POINT('Ctrl Pts',(9.98234881010944,214.469231771849,1.27671792957844E-14));
#5323=CARTESIAN_POINT('Ctrl Pts',(9.98234881010944,214.469231771849,-0.999999999999987));
#5324=CARTESIAN_POINT('Ctrl Pts',(10.0702502071433,214.783469779806,1.28020667229489E-14));
#5325=CARTESIAN_POINT('Ctrl Pts',(10.0702502071433,214.783469779806,-0.999999999999987));
#5326=CARTESIAN_POINT('Ctrl Pts',(10.1761737361909,215.117088076798,1.28391057944246E-14));
#5327=CARTESIAN_POINT('Ctrl Pts',(10.1761737361909,215.117088076798,-0.999999999999987));
#5328=CARTESIAN_POINT('Ctrl Pts',(10.305963623972,215.464128327414,1.28776350020952E-14));
#5329=CARTESIAN_POINT('Ctrl Pts',(10.305963623972,215.464128327414,-0.999999999999987));
#5330=CARTESIAN_POINT('Ctrl Pts',(10.4659263478658,215.814266912903,1.29165081940372E-14));
#5331=CARTESIAN_POINT('Ctrl Pts',(10.4659263478658,215.814266912903,-0.999999999999987));
#5332=CARTESIAN_POINT('Ctrl Pts',(10.6615956547165,216.154257352682,1.29542547154767E-14));
#5333=CARTESIAN_POINT('Ctrl Pts',(10.6615956547165,216.154257352682,-0.999999999999987));
#5334=CARTESIAN_POINT('Ctrl Pts',(10.8967057485234,216.468965480445,1.29891943364246E-14));
#5335=CARTESIAN_POINT('Ctrl Pts',(10.8967057485234,216.468965480445,-0.999999999999987));
#5336=CARTESIAN_POINT('Ctrl Pts',(11.1720475792185,216.742567142054,1.3019570222854E-14));
#5337=CARTESIAN_POINT('Ctrl Pts',(11.1720475792185,216.742567142054,-0.999999999999987));
#5338=CARTESIAN_POINT('Ctrl Pts',(11.4844410530256,216.959673233938,1.30436738410536E-14));
#5339=CARTESIAN_POINT('Ctrl Pts',(11.4844410530256,216.959673233938,-0.999999999999987));
#5340=CARTESIAN_POINT('Ctrl Pts',(11.8254849000937,217.106490544209,1.30599738368812E-14));
#5341=CARTESIAN_POINT('Ctrl Pts',(11.8254849000937,217.106490544209,-0.999999999999987));
#5342=CARTESIAN_POINT('Ctrl Pts',(12.1808954028609,217.171960491433,1.30672424611641E-14));
#5343=CARTESIAN_POINT('Ctrl Pts',(12.1808954028609,217.171960491433,-0.999999999999987));
#5344=CARTESIAN_POINT('Ctrl Pts',(12.5330777063477,217.148962338144,1.30646891532336E-14));
#5345=CARTESIAN_POINT('Ctrl Pts',(12.5330777063477,217.148962338144,-0.999999999999987));
#5346=CARTESIAN_POINT('Ctrl Pts',(12.8632529790526,217.03543515339,1.30520851037901E-14));
#5347=CARTESIAN_POINT('Ctrl Pts',(12.8632529790526,217.03543515339,-0.999999999999987));
#5348=CARTESIAN_POINT('Ctrl Pts',(13.153841232485,216.835694592414,1.30299094468154E-14));
#5349=CARTESIAN_POINT('Ctrl Pts',(13.153841232485,216.835694592414,-0.999999999999987));
#5350=CARTESIAN_POINT('Ctrl Pts',(13.3905384675242,216.561318090311,1.29994475358103E-14));
#5351=CARTESIAN_POINT('Ctrl Pts',(13.3905384675242,216.561318090311,-0.999999999999987));
#5352=CARTESIAN_POINT('Ctrl Pts',(13.5650198676824,216.233114548809,1.29630096229564E-14));
#5353=CARTESIAN_POINT('Ctrl Pts',(13.5650198676824,216.233114548809,-0.999999999999987));
#5354=CARTESIAN_POINT('Ctrl Pts',(13.6753245281106,215.878910707491,1.29236850969522E-14));
#5355=CARTESIAN_POINT('Ctrl Pts',(13.6753245281106,215.878910707491,-0.999999999999987));
#5356=CARTESIAN_POINT('Ctrl Pts',(13.7243183864111,215.527814070736,1.28847055399528E-14));
#5357=CARTESIAN_POINT('Ctrl Pts',(13.7243183864111,215.527814070736,-0.999999999999987));
#5358=CARTESIAN_POINT('Ctrl Pts',(13.7187124174735,215.205523355574,1.28489240826932E-14));
#5359=CARTESIAN_POINT('Ctrl Pts',(13.7187124174735,215.205523355574,-0.999999999999987));
#5360=CARTESIAN_POINT('Ctrl Pts',(13.6678510252126,214.929109256938,1.28182359530296E-14));
#5361=CARTESIAN_POINT('Ctrl Pts',(13.6678510252126,214.929109256938,-0.999999999999987));
#5362=CARTESIAN_POINT('Ctrl Pts',(13.5826226481229,214.702238722163,1.27930482638979E-14));
#5363=CARTESIAN_POINT('Ctrl Pts',(13.5826226481229,214.702238722163,-0.999999999999987));
#5364=CARTESIAN_POINT('Ctrl Pts',(13.4742674349796,214.5095680487,1.27716575221131E-14));
#5365=CARTESIAN_POINT('Ctrl Pts',(13.4742674349796,214.5095680487,-0.999999999999987));
#5366=CARTESIAN_POINT('Ctrl Pts',(13.3544593161359,214.324644967186,1.27511269358249E-14));
#5367=CARTESIAN_POINT('Ctrl Pts',(13.3544593161359,214.324644967186,-0.999999999999987));
#5368=CARTESIAN_POINT('Ctrl Pts',(13.2355454309771,214.119157091138,1.27283131986979E-14));
#5369=CARTESIAN_POINT('Ctrl Pts',(13.2355454309771,214.119157091138,-0.999999999999987));
#5370=CARTESIAN_POINT('Ctrl Pts',(13.1305865930124,213.870902954867,1.27007514528933E-14));
#5371=CARTESIAN_POINT('Ctrl Pts',(13.1305865930124,213.870902954867,-0.999999999999987));
#5372=CARTESIAN_POINT('Ctrl Pts',(13.0538234049793,213.57417319599,1.26678078318536E-14));
#5373=CARTESIAN_POINT('Ctrl Pts',(13.0538234049793,213.57417319599,-0.999999999999987));
#5374=CARTESIAN_POINT('Ctrl Pts',(13.0197251996985,213.242329777693,1.26309658114973E-14));
#5375=CARTESIAN_POINT('Ctrl Pts',(13.0197251996985,213.242329777693,-0.999999999999987));
#5376=CARTESIAN_POINT('Ctrl Pts',(13.0401833666721,212.900082014725,1.25929686768399E-14));
#5377=CARTESIAN_POINT('Ctrl Pts',(13.0401833666721,212.900082014725,-0.999999999999987));
#5378=CARTESIAN_POINT('Ctrl Pts',(13.1221197843559,212.578296610939,1.25572433204127E-14));
#5379=CARTESIAN_POINT('Ctrl Pts',(13.1221197843559,212.578296610939,-0.999999999999988));
#5380=CARTESIAN_POINT('Ctrl Pts',(13.2650113437523,212.307864742922,1.25272193517663E-14));
#5381=CARTESIAN_POINT('Ctrl Pts',(13.2650113437523,212.307864742922,-0.999999999999988));
#5382=CARTESIAN_POINT('Ctrl Pts',(13.4582275932658,212.113804368016,1.25056743221274E-14));
#5383=CARTESIAN_POINT('Ctrl Pts',(13.4582275932658,212.113804368016,-0.999999999999988));
#5384=CARTESIAN_POINT('Ctrl Pts',(13.6790405410398,212.009743903428,1.24941212897536E-14));
#5385=CARTESIAN_POINT('Ctrl Pts',(13.6790405410398,212.009743903428,-0.999999999999988));
#5386=CARTESIAN_POINT('Ctrl Pts',(13.8994060505532,211.999769206986,1.24930138759883E-14));
#5387=CARTESIAN_POINT('Ctrl Pts',(13.8994060505532,211.999769206986,-0.999999999999988));
#5388=CARTESIAN_POINT('Ctrl Pts',(14.0922471146665,212.079740805677,1.25018925070066E-14));
#5389=CARTESIAN_POINT('Ctrl Pts',(14.0922471146665,212.079740805677,-0.999999999999988));
#5390=CARTESIAN_POINT('Ctrl Pts',(14.2377468205768,212.238815755389,1.25195533741876E-14));
#5391=CARTESIAN_POINT('Ctrl Pts',(14.2377468205768,212.238815755389,-0.999999999999988));
#5392=CARTESIAN_POINT('Ctrl Pts',(14.3301195605195,212.460831778815,1.2544202104292E-14));
#5393=CARTESIAN_POINT('Ctrl Pts',(14.3301195605195,212.460831778815,-0.999999999999988));
#5394=CARTESIAN_POINT('Ctrl Pts',(14.3741934829387,212.726769110636,1.25737270791815E-14));
#5395=CARTESIAN_POINT('Ctrl Pts',(14.3741934829387,212.726769110636,-0.999999999999987));
#5396=CARTESIAN_POINT('Ctrl Pts',(14.3812073259717,213.017341320431,1.26059870749445E-14));
#5397=CARTESIAN_POINT('Ctrl Pts',(14.3812073259717,213.017341320431,-0.999999999999987));
#5398=CARTESIAN_POINT('Ctrl Pts',(14.3650844770139,213.31539039773,1.26390771697532E-14));
#5399=CARTESIAN_POINT('Ctrl Pts',(14.3650844770139,213.31539039773,-0.999999999999987));
#5400=CARTESIAN_POINT('Ctrl Pts',(14.3380877624482,213.608713434149,1.26716425686216E-14));
#5401=CARTESIAN_POINT('Ctrl Pts',(14.3380877624482,213.608713434149,-0.999999999999987));
#5402=CARTESIAN_POINT('Ctrl Pts',(14.3080964895902,213.891597436173,1.27030490018561E-14));
#5403=CARTESIAN_POINT('Ctrl Pts',(14.3080964895902,213.891597436173,-0.999999999999987));
#5404=CARTESIAN_POINT('Ctrl Pts',(14.2799944008163,214.162978023768,1.27331782995346E-14));
#5405=CARTESIAN_POINT('Ctrl Pts',(14.2799944008163,214.162978023768,-0.999999999999987));
#5406=CARTESIAN_POINT('Ctrl Pts',(14.2562863902371,214.425231298777,1.27622942619545E-14));
#5407=CARTESIAN_POINT('Ctrl Pts',(14.2562863902371,214.425231298777,-0.999999999999987));
#5408=CARTESIAN_POINT('Ctrl Pts',(14.2380164616656,214.682734578845,1.27908828689992E-14));
#5409=CARTESIAN_POINT('Ctrl Pts',(14.2380164616656,214.682734578845,-0.999999999999987));
#5410=CARTESIAN_POINT('Ctrl Pts',(14.2255561968413,214.940494817985,1.28195000042318E-14));
#5411=CARTESIAN_POINT('Ctrl Pts',(14.2255561968413,214.940494817985,-0.999999999999987));
#5412=CARTESIAN_POINT('Ctrl Pts',(14.2194371265676,215.20286505551,1.28486289520995E-14));
#5413=CARTESIAN_POINT('Ctrl Pts',(14.2194371265676,215.20286505551,-0.999999999999987));
#5414=CARTESIAN_POINT('Ctrl Pts',(14.221044213831,215.472707702363,1.28785875040557E-14));
#5415=CARTESIAN_POINT('Ctrl Pts',(14.221044213831,215.472707702363,-0.999999999999987));
#5416=CARTESIAN_POINT('Ctrl Pts',(14.2334276412447,215.750390744676,1.29094165147681E-14));
#5417=CARTESIAN_POINT('Ctrl Pts',(14.2334276412447,215.750390744676,-0.999999999999987));
#5418=CARTESIAN_POINT('Ctrl Pts',(14.2618891656831,216.033008870742,1.29407934298415E-14));
#5419=CARTESIAN_POINT('Ctrl Pts',(14.2618891656831,216.033008870742,-0.999999999999987));
#5420=CARTESIAN_POINT('Ctrl Pts',(14.3150994902157,216.313116750003,1.2971891651535E-14));
#5421=CARTESIAN_POINT('Ctrl Pts',(14.3150994902157,216.313116750003,-0.999999999999987));
#5422=CARTESIAN_POINT('Ctrl Pts',(14.4044892618878,216.579017241428,1.3001412536319E-14));
#5423=CARTESIAN_POINT('Ctrl Pts',(14.4044892618878,216.579017241428,-0.999999999999987));
#5424=CARTESIAN_POINT('Ctrl Pts',(14.5410435808152,216.817412979115,1.30278797800142E-14));
#5425=CARTESIAN_POINT('Ctrl Pts',(14.5410435808152,216.817412979115,-0.999999999999987));
#5426=CARTESIAN_POINT('Ctrl Pts',(14.7325420997096,217.015607804521,1.3049883825867E-14));
#5427=CARTESIAN_POINT('Ctrl Pts',(14.7325420997096,217.015607804521,-0.999999999999987));
#5428=CARTESIAN_POINT('Ctrl Pts',(14.9809632874087,217.163664596441,1.30663214318011E-14));
#5429=CARTESIAN_POINT('Ctrl Pts',(14.9809632874087,217.163664596441,-0.999999999999987));
#5430=CARTESIAN_POINT('Ctrl Pts',(15.278962502452,217.257134834497,1.30766987128418E-14));
#5431=CARTESIAN_POINT('Ctrl Pts',(15.278962502452,217.257134834497,-0.999999999999987));
#5432=CARTESIAN_POINT('Ctrl Pts',(15.6101040633448,217.297366333105,1.30811653064487E-14));
#5433=CARTESIAN_POINT('Ctrl Pts',(15.6101040633448,217.297366333105,-0.999999999999987));
#5434=CARTESIAN_POINT('Ctrl Pts',(15.9528307797131,217.289380505058,1.3080278701432E-14));
#5435=CARTESIAN_POINT('Ctrl Pts',(15.9528307797131,217.289380505058,-0.999999999999987));
#5436=CARTESIAN_POINT('Ctrl Pts',(16.2834263528213,217.240410177204,1.30748419028813E-14));
#5437=CARTESIAN_POINT('Ctrl Pts',(16.2834263528213,217.240410177204,-0.999999999999987));
#5438=CARTESIAN_POINT('Ctrl Pts',(16.5793384854462,217.158192352282,1.3065713890655E-14));
#5439=CARTESIAN_POINT('Ctrl Pts',(16.5793384854462,217.158192352282,-0.999999999999987));
#5440=CARTESIAN_POINT('Ctrl Pts',(16.8224580919272,217.049317992616,1.30536264085657E-14));
#5441=CARTESIAN_POINT('Ctrl Pts',(16.8224580919272,217.049317992616,-0.999999999999987));
#5442=CARTESIAN_POINT('Ctrl Pts',(16.9953618191992,216.922640748936,1.30395624093027E-14));
#5443=CARTESIAN_POINT('Ctrl Pts',(16.9953618191992,216.922640748936,-0.999999999999987));
#5444=CARTESIAN_POINT('Ctrl Pts',(17.0823458697178,216.807204253548,1.30267463837966E-14));
#5445=CARTESIAN_POINT('Ctrl Pts',(17.0823458697178,216.807204253548,-0.999999999999987));
#5446=CARTESIAN_POINT('Ctrl Pts',(17.1186747473705,216.714088150818,1.30164084196752E-14));
#5447=CARTESIAN_POINT('Ctrl Pts',(17.1186747473705,216.714088150818,-0.999999999999987));
#5448=CARTESIAN_POINT('Ctrl Pts',(17.1305119030992,216.650784742094,1.30093803294849E-14));
#5449=CARTESIAN_POINT('Ctrl Pts',(17.1305119030992,216.650784742094,-0.999999999999987));
#5450=CARTESIAN_POINT('Ctrl Pts',(17.1334921947996,216.621749687213,1.30061567908398E-14));
#5451=CARTESIAN_POINT('Ctrl Pts',(17.1334921947996,216.621749687213,-0.999999999999987));
#5452=CARTESIAN_POINT('',(9.49665933591998,212.542578363938,1.25532777983908E-14));
#5453=CARTESIAN_POINT('Ctrl Pts',(9.49665933591998,212.542578363938,1.25532777983908E-14));
#5454=CARTESIAN_POINT('Ctrl Pts',(9.50820623048653,212.582413694732,1.25577004085349E-14));
#5455=CARTESIAN_POINT('Ctrl Pts',(9.53123547988479,212.66293000525,1.25666395147144E-14));
#5456=CARTESIAN_POINT('Ctrl Pts',(9.56558570923845,212.786241193296,1.25803298067307E-14));
#5457=CARTESIAN_POINT('Ctrl Pts',(9.61099881775538,212.955733186795,1.25991471980978E-14));
#5458=CARTESIAN_POINT('Ctrl Pts',(9.66729646916288,213.176335381555,1.26236389616885E-14));
#5459=CARTESIAN_POINT('Ctrl Pts',(9.72366076510097,213.406520662449,1.26491946615663E-14));
#5460=CARTESIAN_POINT('Ctrl Pts',(9.78115663761633,213.647904542199,1.26759936556734E-14));
#5461=CARTESIAN_POINT('Ctrl Pts',(9.84157851381173,213.903321826564,1.27043506706723E-14));
#5462=CARTESIAN_POINT('Ctrl Pts',(9.90751898891129,214.176180267904,1.27346440430763E-14));
#5463=CARTESIAN_POINT('Ctrl Pts',(9.98234881010944,214.469231771849,1.27671792957844E-14));
#5464=CARTESIAN_POINT('Ctrl Pts',(10.0702502071433,214.783469779806,1.28020667229489E-14));
#5465=CARTESIAN_POINT('Ctrl Pts',(10.1761737361909,215.117088076798,1.28391057944246E-14));
#5466=CARTESIAN_POINT('Ctrl Pts',(10.305963623972,215.464128327414,1.28776350020952E-14));
#5467=CARTESIAN_POINT('Ctrl Pts',(10.4659263478658,215.814266912903,1.29165081940372E-14));
#5468=CARTESIAN_POINT('Ctrl Pts',(10.6615956547165,216.154257352682,1.29542547154767E-14));
#5469=CARTESIAN_POINT('Ctrl Pts',(10.8967057485234,216.468965480445,1.29891943364246E-14));
#5470=CARTESIAN_POINT('Ctrl Pts',(11.1720475792185,216.742567142054,1.3019570222854E-14));
#5471=CARTESIAN_POINT('Ctrl Pts',(11.4844410530256,216.959673233938,1.30436738410536E-14));
#5472=CARTESIAN_POINT('Ctrl Pts',(11.8254849000937,217.106490544209,1.30599738368812E-14));
#5473=CARTESIAN_POINT('Ctrl Pts',(12.1808954028609,217.171960491433,1.30672424611641E-14));
#5474=CARTESIAN_POINT('Ctrl Pts',(12.5330777063477,217.148962338144,1.30646891532336E-14));
#5475=CARTESIAN_POINT('Ctrl Pts',(12.8632529790526,217.03543515339,1.30520851037901E-14));
#5476=CARTESIAN_POINT('Ctrl Pts',(13.153841232485,216.835694592414,1.30299094468154E-14));
#5477=CARTESIAN_POINT('Ctrl Pts',(13.3905384675242,216.561318090311,1.29994475358103E-14));
#5478=CARTESIAN_POINT('Ctrl Pts',(13.5650198676824,216.233114548809,1.29630096229564E-14));
#5479=CARTESIAN_POINT('Ctrl Pts',(13.6753245281106,215.878910707491,1.29236850969522E-14));
#5480=CARTESIAN_POINT('Ctrl Pts',(13.7243183864111,215.527814070736,1.28847055399528E-14));
#5481=CARTESIAN_POINT('Ctrl Pts',(13.7187124174735,215.205523355574,1.28489240826932E-14));
#5482=CARTESIAN_POINT('Ctrl Pts',(13.6678510252126,214.929109256938,1.28182359530296E-14));
#5483=CARTESIAN_POINT('Ctrl Pts',(13.5826226481229,214.702238722163,1.27930482638979E-14));
#5484=CARTESIAN_POINT('Ctrl Pts',(13.4742674349796,214.5095680487,1.27716575221131E-14));
#5485=CARTESIAN_POINT('Ctrl Pts',(13.3544593161359,214.324644967186,1.27511269358249E-14));
#5486=CARTESIAN_POINT('Ctrl Pts',(13.2355454309771,214.119157091138,1.27283131986979E-14));
#5487=CARTESIAN_POINT('Ctrl Pts',(13.1305865930124,213.870902954867,1.27007514528933E-14));
#5488=CARTESIAN_POINT('Ctrl Pts',(13.0538234049793,213.57417319599,1.26678078318536E-14));
#5489=CARTESIAN_POINT('Ctrl Pts',(13.0197251996985,213.242329777693,1.26309658114973E-14));
#5490=CARTESIAN_POINT('Ctrl Pts',(13.0401833666721,212.900082014725,1.25929686768399E-14));
#5491=CARTESIAN_POINT('Ctrl Pts',(13.1221197843559,212.578296610939,1.25572433204127E-14));
#5492=CARTESIAN_POINT('Ctrl Pts',(13.2650113437523,212.307864742922,1.25272193517663E-14));
#5493=CARTESIAN_POINT('Ctrl Pts',(13.4582275932658,212.113804368016,1.25056743221274E-14));
#5494=CARTESIAN_POINT('Ctrl Pts',(13.6790405410398,212.009743903428,1.24941212897536E-14));
#5495=CARTESIAN_POINT('Ctrl Pts',(13.8994060505532,211.999769206986,1.24930138759883E-14));
#5496=CARTESIAN_POINT('Ctrl Pts',(14.0922471146665,212.079740805677,1.25018925070066E-14));
#5497=CARTESIAN_POINT('Ctrl Pts',(14.2377468205768,212.238815755389,1.25195533741876E-14));
#5498=CARTESIAN_POINT('Ctrl Pts',(14.3301195605195,212.460831778815,1.2544202104292E-14));
#5499=CARTESIAN_POINT('Ctrl Pts',(14.3741934829387,212.726769110636,1.25737270791815E-14));
#5500=CARTESIAN_POINT('Ctrl Pts',(14.3812073259717,213.017341320431,1.26059870749445E-14));
#5501=CARTESIAN_POINT('Ctrl Pts',(14.3650844770139,213.31539039773,1.26390771697532E-14));
#5502=CARTESIAN_POINT('Ctrl Pts',(14.3380877624482,213.608713434149,1.26716425686216E-14));
#5503=CARTESIAN_POINT('Ctrl Pts',(14.3080964895902,213.891597436173,1.27030490018561E-14));
#5504=CARTESIAN_POINT('Ctrl Pts',(14.2799944008163,214.162978023768,1.27331782995346E-14));
#5505=CARTESIAN_POINT('Ctrl Pts',(14.2562863902371,214.425231298777,1.27622942619545E-14));
#5506=CARTESIAN_POINT('Ctrl Pts',(14.2380164616656,214.682734578845,1.27908828689992E-14));
#5507=CARTESIAN_POINT('Ctrl Pts',(14.2255561968413,214.940494817985,1.28195000042318E-14));
#5508=CARTESIAN_POINT('Ctrl Pts',(14.2194371265676,215.20286505551,1.28486289520995E-14));
#5509=CARTESIAN_POINT('Ctrl Pts',(14.221044213831,215.472707702363,1.28785875040557E-14));
#5510=CARTESIAN_POINT('Ctrl Pts',(14.2334276412447,215.750390744676,1.29094165147681E-14));
#5511=CARTESIAN_POINT('Ctrl Pts',(14.2618891656831,216.033008870742,1.29407934298415E-14));
#5512=CARTESIAN_POINT('Ctrl Pts',(14.3150994902157,216.313116750003,1.2971891651535E-14));
#5513=CARTESIAN_POINT('Ctrl Pts',(14.4044892618878,216.579017241428,1.3001412536319E-14));
#5514=CARTESIAN_POINT('Ctrl Pts',(14.5410435808152,216.817412979115,1.30278797800142E-14));
#5515=CARTESIAN_POINT('Ctrl Pts',(14.7325420997096,217.015607804521,1.3049883825867E-14));
#5516=CARTESIAN_POINT('Ctrl Pts',(14.9809632874087,217.163664596441,1.30663214318011E-14));
#5517=CARTESIAN_POINT('Ctrl Pts',(15.278962502452,217.257134834497,1.30766987128418E-14));
#5518=CARTESIAN_POINT('Ctrl Pts',(15.6101040633448,217.297366333105,1.30811653064487E-14));
#5519=CARTESIAN_POINT('Ctrl Pts',(15.9528307797131,217.289380505058,1.3080278701432E-14));
#5520=CARTESIAN_POINT('Ctrl Pts',(16.2834263528213,217.240410177204,1.30748419028813E-14));
#5521=CARTESIAN_POINT('Ctrl Pts',(16.5793384854462,217.158192352282,1.3065713890655E-14));
#5522=CARTESIAN_POINT('Ctrl Pts',(16.8224580919272,217.049317992616,1.30536264085657E-14));
#5523=CARTESIAN_POINT('Ctrl Pts',(16.9953618191992,216.922640748936,1.30395624093027E-14));
#5524=CARTESIAN_POINT('Ctrl Pts',(17.0823458697178,216.807204253548,1.30267463837966E-14));
#5525=CARTESIAN_POINT('Ctrl Pts',(17.1186747473705,216.714088150818,1.30164084196752E-14));
#5526=CARTESIAN_POINT('Ctrl Pts',(17.1305119030992,216.650784742094,1.30093803294848E-14));
#5527=CARTESIAN_POINT('Ctrl Pts',(17.1334921947996,216.621749687213,1.30061567908398E-14));
#5528=CARTESIAN_POINT('',(9.49665933591998,212.542578363938,-0.999999999999987));
#5529=CARTESIAN_POINT('',(9.49665933591998,212.542578363938,1.25532777983908E-14));
#5530=CARTESIAN_POINT('Ctrl Pts',(9.49665933591998,212.542578363938,-0.999999999999988));
#5531=CARTESIAN_POINT('Ctrl Pts',(9.50820623048653,212.582413694732,-0.999999999999988));
#5532=CARTESIAN_POINT('Ctrl Pts',(9.53123547988479,212.66293000525,-0.999999999999987));
#5533=CARTESIAN_POINT('Ctrl Pts',(9.56558570923845,212.786241193296,-0.999999999999987));
#5534=CARTESIAN_POINT('Ctrl Pts',(9.61099881775538,212.955733186795,-0.999999999999987));
#5535=CARTESIAN_POINT('Ctrl Pts',(9.66729646916288,213.176335381555,-0.999999999999987));
#5536=CARTESIAN_POINT('Ctrl Pts',(9.72366076510097,213.406520662449,-0.999999999999987));
#5537=CARTESIAN_POINT('Ctrl Pts',(9.78115663761633,213.647904542199,-0.999999999999987));
#5538=CARTESIAN_POINT('Ctrl Pts',(9.84157851381173,213.903321826564,-0.999999999999987));
#5539=CARTESIAN_POINT('Ctrl Pts',(9.90751898891129,214.176180267904,-0.999999999999987));
#5540=CARTESIAN_POINT('Ctrl Pts',(9.98234881010944,214.469231771849,-0.999999999999987));
#5541=CARTESIAN_POINT('Ctrl Pts',(10.0702502071433,214.783469779806,-0.999999999999987));
#5542=CARTESIAN_POINT('Ctrl Pts',(10.1761737361909,215.117088076798,-0.999999999999987));
#5543=CARTESIAN_POINT('Ctrl Pts',(10.305963623972,215.464128327414,-0.999999999999987));
#5544=CARTESIAN_POINT('Ctrl Pts',(10.4659263478658,215.814266912903,-0.999999999999987));
#5545=CARTESIAN_POINT('Ctrl Pts',(10.6615956547165,216.154257352682,-0.999999999999987));
#5546=CARTESIAN_POINT('Ctrl Pts',(10.8967057485234,216.468965480445,-0.999999999999987));
#5547=CARTESIAN_POINT('Ctrl Pts',(11.1720475792185,216.742567142054,-0.999999999999987));
#5548=CARTESIAN_POINT('Ctrl Pts',(11.4844410530256,216.959673233938,-0.999999999999987));
#5549=CARTESIAN_POINT('Ctrl Pts',(11.8254849000937,217.106490544209,-0.999999999999987));
#5550=CARTESIAN_POINT('Ctrl Pts',(12.1808954028609,217.171960491433,-0.999999999999987));
#5551=CARTESIAN_POINT('Ctrl Pts',(12.5330777063477,217.148962338144,-0.999999999999987));
#5552=CARTESIAN_POINT('Ctrl Pts',(12.8632529790526,217.03543515339,-0.999999999999987));
#5553=CARTESIAN_POINT('Ctrl Pts',(13.153841232485,216.835694592414,-0.999999999999987));
#5554=CARTESIAN_POINT('Ctrl Pts',(13.3905384675242,216.561318090311,-0.999999999999987));
#5555=CARTESIAN_POINT('Ctrl Pts',(13.5650198676824,216.233114548809,-0.999999999999987));
#5556=CARTESIAN_POINT('Ctrl Pts',(13.6753245281106,215.878910707491,-0.999999999999987));
#5557=CARTESIAN_POINT('Ctrl Pts',(13.7243183864111,215.527814070736,-0.999999999999987));
#5558=CARTESIAN_POINT('Ctrl Pts',(13.7187124174735,215.205523355574,-0.999999999999987));
#5559=CARTESIAN_POINT('Ctrl Pts',(13.6678510252126,214.929109256938,-0.999999999999987));
#5560=CARTESIAN_POINT('Ctrl Pts',(13.5826226481229,214.702238722163,-0.999999999999987));
#5561=CARTESIAN_POINT('Ctrl Pts',(13.4742674349796,214.5095680487,-0.999999999999987));
#5562=CARTESIAN_POINT('Ctrl Pts',(13.3544593161359,214.324644967186,-0.999999999999987));
#5563=CARTESIAN_POINT('Ctrl Pts',(13.2355454309771,214.119157091138,-0.999999999999987));
#5564=CARTESIAN_POINT('Ctrl Pts',(13.1305865930124,213.870902954867,-0.999999999999987));
#5565=CARTESIAN_POINT('Ctrl Pts',(13.0538234049793,213.57417319599,-0.999999999999987));
#5566=CARTESIAN_POINT('Ctrl Pts',(13.0197251996985,213.242329777693,-0.999999999999987));
#5567=CARTESIAN_POINT('Ctrl Pts',(13.0401833666721,212.900082014725,-0.999999999999987));
#5568=CARTESIAN_POINT('Ctrl Pts',(13.1221197843559,212.578296610939,-0.999999999999988));
#5569=CARTESIAN_POINT('Ctrl Pts',(13.2650113437523,212.307864742922,-0.999999999999988));
#5570=CARTESIAN_POINT('Ctrl Pts',(13.4582275932658,212.113804368016,-0.999999999999988));
#5571=CARTESIAN_POINT('Ctrl Pts',(13.6790405410398,212.009743903428,-0.999999999999988));
#5572=CARTESIAN_POINT('Ctrl Pts',(13.8994060505532,211.999769206986,-0.999999999999988));
#5573=CARTESIAN_POINT('Ctrl Pts',(14.0922471146665,212.079740805677,-0.999999999999988));
#5574=CARTESIAN_POINT('Ctrl Pts',(14.2377468205768,212.238815755389,-0.999999999999988));
#5575=CARTESIAN_POINT('Ctrl Pts',(14.3301195605195,212.460831778815,-0.999999999999988));
#5576=CARTESIAN_POINT('Ctrl Pts',(14.3741934829387,212.726769110636,-0.999999999999987));
#5577=CARTESIAN_POINT('Ctrl Pts',(14.3812073259717,213.017341320431,-0.999999999999987));
#5578=CARTESIAN_POINT('Ctrl Pts',(14.3650844770139,213.31539039773,-0.999999999999987));
#5579=CARTESIAN_POINT('Ctrl Pts',(14.3380877624482,213.608713434149,-0.999999999999987));
#5580=CARTESIAN_POINT('Ctrl Pts',(14.3080964895902,213.891597436173,-0.999999999999987));
#5581=CARTESIAN_POINT('Ctrl Pts',(14.2799944008163,214.162978023768,-0.999999999999987));
#5582=CARTESIAN_POINT('Ctrl Pts',(14.2562863902371,214.425231298777,-0.999999999999987));
#5583=CARTESIAN_POINT('Ctrl Pts',(14.2380164616656,214.682734578845,-0.999999999999987));
#5584=CARTESIAN_POINT('Ctrl Pts',(14.2255561968413,214.940494817985,-0.999999999999987));
#5585=CARTESIAN_POINT('Ctrl Pts',(14.2194371265676,215.20286505551,-0.999999999999987));
#5586=CARTESIAN_POINT('Ctrl Pts',(14.221044213831,215.472707702363,-0.999999999999987));
#5587=CARTESIAN_POINT('Ctrl Pts',(14.2334276412447,215.750390744676,-0.999999999999987));
#5588=CARTESIAN_POINT('Ctrl Pts',(14.2618891656831,216.033008870742,-0.999999999999987));
#5589=CARTESIAN_POINT('Ctrl Pts',(14.3150994902157,216.313116750003,-0.999999999999987));
#5590=CARTESIAN_POINT('Ctrl Pts',(14.4044892618878,216.579017241428,-0.999999999999987));
#5591=CARTESIAN_POINT('Ctrl Pts',(14.5410435808152,216.817412979115,-0.999999999999987));
#5592=CARTESIAN_POINT('Ctrl Pts',(14.7325420997096,217.015607804521,-0.999999999999987));
#5593=CARTESIAN_POINT('Ctrl Pts',(14.9809632874087,217.163664596441,-0.999999999999987));
#5594=CARTESIAN_POINT('Ctrl Pts',(15.278962502452,217.257134834497,-0.999999999999987));
#5595=CARTESIAN_POINT('Ctrl Pts',(15.6101040633448,217.297366333105,-0.999999999999987));
#5596=CARTESIAN_POINT('Ctrl Pts',(15.9528307797131,217.289380505058,-0.999999999999987));
#5597=CARTESIAN_POINT('Ctrl Pts',(16.2834263528213,217.240410177204,-0.999999999999987));
#5598=CARTESIAN_POINT('Ctrl Pts',(16.5793384854462,217.158192352282,-0.999999999999987));
#5599=CARTESIAN_POINT('Ctrl Pts',(16.8224580919272,217.049317992616,-0.999999999999987));
#5600=CARTESIAN_POINT('Ctrl Pts',(16.9953618191992,216.922640748936,-0.999999999999987));
#5601=CARTESIAN_POINT('Ctrl Pts',(17.0823458697178,216.807204253548,-0.999999999999987));
#5602=CARTESIAN_POINT('Ctrl Pts',(17.1186747473705,216.714088150818,-0.999999999999987));
#5603=CARTESIAN_POINT('Ctrl Pts',(17.1305119030992,216.650784742094,-0.999999999999987));
#5604=CARTESIAN_POINT('Ctrl Pts',(17.1334921947996,216.621749687213,-0.999999999999987));
#5605=CARTESIAN_POINT('',(17.1334921947997,216.621749687212,1.30061567908398E-14));
#5606=CARTESIAN_POINT('Ctrl Pts',(8.95602131305507,213.850932009414,1.26985342325468E-14));
#5607=CARTESIAN_POINT('Ctrl Pts',(8.95602131305507,213.850932009414,-0.999999999999987));
#5608=CARTESIAN_POINT('Ctrl Pts',(8.92830088916248,213.851656245556,1.26986146389108E-14));
#5609=CARTESIAN_POINT('Ctrl Pts',(8.92830088916248,213.851656245556,-0.999999999999987));
#5610=CARTESIAN_POINT('Ctrl Pts',(8.8790640769158,213.848926815587,1.26983116113112E-14));
#5611=CARTESIAN_POINT('Ctrl Pts',(8.8790640769158,213.848926815587,-0.999999999999987));
#5612=CARTESIAN_POINT('Ctrl Pts',(8.82381926458113,213.832300845983,1.26964657578851E-14));
#5613=CARTESIAN_POINT('Ctrl Pts',(8.82381926458113,213.832300845983,-0.999999999999987));
#5614=CARTESIAN_POINT('Ctrl Pts',(8.78746252957759,213.785007476604,1.26912151391255E-14));
#5615=CARTESIAN_POINT('Ctrl Pts',(8.78746252957759,213.785007476604,-0.999999999999987));
#5616=CARTESIAN_POINT('Ctrl Pts',(8.80180515848216,213.686238177945,1.26802495441758E-14));
#5617=CARTESIAN_POINT('Ctrl Pts',(8.80180515848216,213.686238177945,-0.999999999999987));
#5618=CARTESIAN_POINT('Ctrl Pts',(8.86836714054485,213.554650646119,1.2665640393417E-14));
#5619=CARTESIAN_POINT('Ctrl Pts',(8.86836714054485,213.554650646119,-0.999999999999987));
#5620=CARTESIAN_POINT('Ctrl Pts',(8.9708692377668,213.404940170932,1.2649019191759E-14));
#5621=CARTESIAN_POINT('Ctrl Pts',(8.9708692377668,213.404940170932,-0.999999999999987));
#5622=CARTESIAN_POINT('Ctrl Pts',(9.08887959218102,213.253999052911,1.26322613613E-14));
#5623=CARTESIAN_POINT('Ctrl Pts',(9.08887959218102,213.253999052911,-0.999999999999987));
#5624=CARTESIAN_POINT('Ctrl Pts',(9.20331570877723,213.114234960866,1.26167444299997E-14));
#5625=CARTESIAN_POINT('Ctrl Pts',(9.20331570877723,213.114234960866,-0.999999999999987));
#5626=CARTESIAN_POINT('Ctrl Pts',(9.30189704129459,212.986837710341,1.26026004939189E-14));
#5627=CARTESIAN_POINT('Ctrl Pts',(9.30189704129459,212.986837710341,-0.999999999999987));
#5628=CARTESIAN_POINT('Ctrl Pts',(9.37890914376256,212.863970102884,1.2588959449241E-14));
#5629=CARTESIAN_POINT('Ctrl Pts',(9.37890914376256,212.863970102884,-0.999999999999987));
#5630=CARTESIAN_POINT('Ctrl Pts',(9.43128646399615,212.748739157848,1.25761662444082E-14));
#5631=CARTESIAN_POINT('Ctrl Pts',(9.43128646399615,212.748739157848,-0.999999999999987));
#5632=CARTESIAN_POINT('Ctrl Pts',(9.46678698251318,212.646764254308,1.25648447558238E-14));
#5633=CARTESIAN_POINT('Ctrl Pts',(9.46678698251318,212.646764254308,-0.999999999999987));
#5634=CARTESIAN_POINT('Ctrl Pts',(9.48808636666422,212.574029869212,1.25567696169222E-14));
#5635=CARTESIAN_POINT('Ctrl Pts',(9.48808636666422,212.574029869212,-0.999999999999988));
#5636=CARTESIAN_POINT('Ctrl Pts',(9.49665933591985,212.542578363939,1.25532777983909E-14));
#5637=CARTESIAN_POINT('Ctrl Pts',(9.49665933591985,212.542578363939,-0.999999999999988));
#5638=CARTESIAN_POINT('',(8.95602131305507,213.850932009414,1.26985342325468E-14));
#5639=CARTESIAN_POINT('Ctrl Pts',(8.95602131305507,213.850932009414,1.26985342325468E-14));
#5640=CARTESIAN_POINT('Ctrl Pts',(8.92830088916248,213.851656245556,1.26986146389108E-14));
#5641=CARTESIAN_POINT('Ctrl Pts',(8.8790640769158,213.848926815587,1.26983116113112E-14));
#5642=CARTESIAN_POINT('Ctrl Pts',(8.82381926458113,213.832300845983,1.26964657578851E-14));
#5643=CARTESIAN_POINT('Ctrl Pts',(8.78746252957759,213.785007476604,1.26912151391255E-14));
#5644=CARTESIAN_POINT('Ctrl Pts',(8.80180515848216,213.686238177945,1.26802495441758E-14));
#5645=CARTESIAN_POINT('Ctrl Pts',(8.86836714054485,213.554650646119,1.2665640393417E-14));
#5646=CARTESIAN_POINT('Ctrl Pts',(8.9708692377668,213.404940170932,1.2649019191759E-14));
#5647=CARTESIAN_POINT('Ctrl Pts',(9.08887959218102,213.253999052911,1.26322613613E-14));
#5648=CARTESIAN_POINT('Ctrl Pts',(9.20331570877723,213.114234960866,1.26167444299997E-14));
#5649=CARTESIAN_POINT('Ctrl Pts',(9.30189704129459,212.986837710341,1.26026004939189E-14));
#5650=CARTESIAN_POINT('Ctrl Pts',(9.37890914376256,212.863970102884,1.2588959449241E-14));
#5651=CARTESIAN_POINT('Ctrl Pts',(9.43128646399615,212.748739157848,1.25761662444082E-14));
#5652=CARTESIAN_POINT('Ctrl Pts',(9.46678698251319,212.646764254308,1.25648447558238E-14));
#5653=CARTESIAN_POINT('Ctrl Pts',(9.48808636666423,212.574029869212,1.25567696169222E-14));
#5654=CARTESIAN_POINT('Ctrl Pts',(9.49665933591985,212.542578363939,1.25532777983909E-14));
#5655=CARTESIAN_POINT('',(8.95602131305507,213.850932009414,-0.999999999999987));
#5656=CARTESIAN_POINT('',(8.95602131305507,213.850932009414,1.26985342325468E-14));
#5657=CARTESIAN_POINT('Ctrl Pts',(8.95602131305507,213.850932009414,-0.999999999999987));
#5658=CARTESIAN_POINT('Ctrl Pts',(8.92830088916248,213.851656245556,-0.999999999999987));
#5659=CARTESIAN_POINT('Ctrl Pts',(8.8790640769158,213.848926815587,-0.999999999999987));
#5660=CARTESIAN_POINT('Ctrl Pts',(8.82381926458113,213.832300845983,-0.999999999999987));
#5661=CARTESIAN_POINT('Ctrl Pts',(8.78746252957759,213.785007476604,-0.999999999999987));
#5662=CARTESIAN_POINT('Ctrl Pts',(8.80180515848216,213.686238177945,-0.999999999999987));
#5663=CARTESIAN_POINT('Ctrl Pts',(8.86836714054485,213.554650646119,-0.999999999999987));
#5664=CARTESIAN_POINT('Ctrl Pts',(8.9708692377668,213.404940170932,-0.999999999999987));
#5665=CARTESIAN_POINT('Ctrl Pts',(9.08887959218102,213.253999052911,-0.999999999999987));
#5666=CARTESIAN_POINT('Ctrl Pts',(9.20331570877723,213.114234960866,-0.999999999999987));
#5667=CARTESIAN_POINT('Ctrl Pts',(9.30189704129459,212.986837710341,-0.999999999999987));
#5668=CARTESIAN_POINT('Ctrl Pts',(9.37890914376256,212.863970102884,-0.999999999999987));
#5669=CARTESIAN_POINT('Ctrl Pts',(9.43128646399615,212.748739157848,-0.999999999999987));
#5670=CARTESIAN_POINT('Ctrl Pts',(9.46678698251319,212.646764254308,-0.999999999999987));
#5671=CARTESIAN_POINT('Ctrl Pts',(9.48808636666423,212.574029869212,-0.999999999999988));
#5672=CARTESIAN_POINT('Ctrl Pts',(9.49665933591985,212.542578363939,-0.999999999999988));
#5673=CARTESIAN_POINT('Ctrl Pts',(2.02978466910249,211.076903557627,1.23905552067328E-14));
#5674=CARTESIAN_POINT('Ctrl Pts',(2.02978466910249,211.076903557627,-0.999999999999988));
#5675=CARTESIAN_POINT('Ctrl Pts',(2.02071043839423,211.115077271101,1.23947933402962E-14));
#5676=CARTESIAN_POINT('Ctrl Pts',(2.02071043839423,211.115077271101,-0.999999999999988));
#5677=CARTESIAN_POINT('Ctrl Pts',(2.00489381633355,211.195701300045,1.24037444056234E-14));
#5678=CARTESIAN_POINT('Ctrl Pts',(2.00489381633355,211.195701300045,-0.999999999999988));
#5679=CARTESIAN_POINT('Ctrl Pts',(1.98816430520933,211.329466837446,1.24185953635758E-14));
#5680=CARTESIAN_POINT('Ctrl Pts',(1.98816430520933,211.329466837446,-0.999999999999988));
#5681=CARTESIAN_POINT('Ctrl Pts',(1.97987530910327,211.533529071613,1.24412508226587E-14));
#5682=CARTESIAN_POINT('Ctrl Pts',(1.97987530910327,211.533529071613,-0.999999999999988));
#5683=CARTESIAN_POINT('Ctrl Pts',(1.99253230907579,211.830001702036,1.24741658967053E-14));
#5684=CARTESIAN_POINT('Ctrl Pts',(1.99253230907579,211.830001702036,-0.999999999999988));
#5685=CARTESIAN_POINT('Ctrl Pts',(2.02693302816482,212.163082498393,1.2511145293623E-14));
#5686=CARTESIAN_POINT('Ctrl Pts',(2.02693302816482,212.163082498393,-0.999999999999988));
#5687=CARTESIAN_POINT('Ctrl Pts',(2.08029673620265,212.522720719006,1.2551073156929E-14));
#5688=CARTESIAN_POINT('Ctrl Pts',(2.08029673620265,212.522720719006,-0.999999999999988));
#5689=CARTESIAN_POINT('Ctrl Pts',(2.14786168410624,212.892003608837,1.2592071793618E-14));
#5690=CARTESIAN_POINT('Ctrl Pts',(2.14786168410624,212.892003608837,-0.999999999999987));
#5691=CARTESIAN_POINT('Ctrl Pts',(2.22455586704375,213.252322972921,1.26320752790405E-14));
#5692=CARTESIAN_POINT('Ctrl Pts',(2.22455586704375,213.252322972921,-0.999999999999987));
#5693=CARTESIAN_POINT('Ctrl Pts',(2.30668960994707,213.588675731767,1.26694179367671E-14));
#5694=CARTESIAN_POINT('Ctrl Pts',(2.30668960994707,213.588675731767,-0.999999999999987));
#5695=CARTESIAN_POINT('Ctrl Pts',(2.39343387866651,213.894140131028,1.27033312976934E-14));
#5696=CARTESIAN_POINT('Ctrl Pts',(2.39343387866651,213.894140131028,-0.999999999999987));
#5697=CARTESIAN_POINT('Ctrl Pts',(2.48891720084026,214.176675754289,1.27346990531156E-14));
#5698=CARTESIAN_POINT('Ctrl Pts',(2.48891720084026,214.176675754289,-0.999999999999987));
#5699=CARTESIAN_POINT('Ctrl Pts',(2.60197307262673,214.457044513158,1.27658262382638E-14));
#5700=CARTESIAN_POINT('Ctrl Pts',(2.60197307262673,214.457044513158,-0.999999999999987));
#5701=CARTESIAN_POINT('Ctrl Pts',(2.7438269409246,214.758761024631,1.27993235000585E-14));
#5702=CARTESIAN_POINT('Ctrl Pts',(2.7438269409246,214.758761024631,-0.999999999999987));
#5703=CARTESIAN_POINT('Ctrl Pts',(2.92642251507907,215.100753569202,1.28372922997817E-14));
#5704=CARTESIAN_POINT('Ctrl Pts',(2.92642251507907,215.100753569202,-0.999999999999987));
#5705=CARTESIAN_POINT('Ctrl Pts',(3.16039546020669,215.487925678561,1.28802770388121E-14));
#5706=CARTESIAN_POINT('Ctrl Pts',(3.16039546020669,215.487925678561,-0.999999999999987));
#5707=CARTESIAN_POINT('Ctrl Pts',(3.45346836228172,215.905464713364,1.29266331838238E-14));
#5708=CARTESIAN_POINT('Ctrl Pts',(3.45346836228172,215.905464713364,-0.999999999999987));
#5709=CARTESIAN_POINT('Ctrl Pts',(3.81002687751773,216.326371625757,1.29733632383601E-14));
#5710=CARTESIAN_POINT('Ctrl Pts',(3.81002687751773,216.326371625757,-0.999999999999987));
#5711=CARTESIAN_POINT('Ctrl Pts',(4.23053199152949,216.716828315659,1.30167126390849E-14));
#5712=CARTESIAN_POINT('Ctrl Pts',(4.23053199152949,216.716828315659,-0.999999999999987));
#5713=CARTESIAN_POINT('Ctrl Pts',(4.71088365375301,217.042576050195,1.3052877902595E-14));
#5714=CARTESIAN_POINT('Ctrl Pts',(4.71088365375301,217.042576050195,-0.999999999999987));
#5715=CARTESIAN_POINT('Ctrl Pts',(5.24191902581372,217.274314686564,1.30786060595742E-14));
#5716=CARTESIAN_POINT('Ctrl Pts',(5.24191902581372,217.274314686564,-0.999999999999987));
#5717=CARTESIAN_POINT('Ctrl Pts',(5.80840052999716,217.394887036372,1.30919922794633E-14));
#5718=CARTESIAN_POINT('Ctrl Pts',(5.80840052999716,217.394887036372,-0.999999999999987));
#5719=CARTESIAN_POINT('Ctrl Pts',(6.38983565816186,217.400282007612,1.30925912415921E-14));
#5720=CARTESIAN_POINT('Ctrl Pts',(6.38983565816186,217.400282007612,-0.999999999999987));
#5721=CARTESIAN_POINT('Ctrl Pts',(6.96290424165014,217.295395004518,1.30809464450101E-14));
#5722=CARTESIAN_POINT('Ctrl Pts',(6.96290424165014,217.295395004518,-0.999999999999987));
#5723=CARTESIAN_POINT('Ctrl Pts',(7.5033680737346,217.091392653657,1.30582976343098E-14));
#5724=CARTESIAN_POINT('Ctrl Pts',(7.5033680737346,217.091392653657,-0.999999999999987));
#5725=CARTESIAN_POINT('Ctrl Pts',(7.98826304879353,216.80241030039,1.30262141480791E-14));
#5726=CARTESIAN_POINT('Ctrl Pts',(7.98826304879353,216.80241030039,-0.999999999999987));
#5727=CARTESIAN_POINT('Ctrl Pts',(8.39779254512072,216.44279078019,1.29862883609359E-14));
#5728=CARTESIAN_POINT('Ctrl Pts',(8.39779254512072,216.44279078019,-0.999999999999987));
#5729=CARTESIAN_POINT('Ctrl Pts',(8.71785851568938,216.023603578332,1.29397492326229E-14));
#5730=CARTESIAN_POINT('Ctrl Pts',(8.71785851568938,216.023603578332,-0.999999999999987));
#5731=CARTESIAN_POINT('Ctrl Pts',(8.93978647096132,215.552253127021,1.28874188202516E-14));
#5732=CARTESIAN_POINT('Ctrl Pts',(8.93978647096132,215.552253127021,-0.999999999999987));
#5733=CARTESIAN_POINT('Ctrl Pts',(9.0588184714706,215.033433688636,1.28298182916398E-14));
#5734=CARTESIAN_POINT('Ctrl Pts',(9.0588184714706,215.033433688636,-0.999999999999987));
#5735=CARTESIAN_POINT('Ctrl Pts',(9.07020253331137,214.582404345646,1.27797439755029E-14));
#5736=CARTESIAN_POINT('Ctrl Pts',(9.07020253331137,214.582404345646,-0.999999999999987));
#5737=CARTESIAN_POINT('Ctrl Pts',(9.03146370825536,214.224348430688,1.27399917834139E-14));
#5738=CARTESIAN_POINT('Ctrl Pts',(9.03146370825536,214.224348430688,-0.999999999999987));
#5739=CARTESIAN_POINT('Ctrl Pts',(8.98466437303074,213.976867039093,1.27125158295024E-14));
#5740=CARTESIAN_POINT('Ctrl Pts',(8.98466437303074,213.976867039093,-0.999999999999987));
#5741=CARTESIAN_POINT('Ctrl Pts',(8.95602131305507,213.850932009414,1.26985342325468E-14));
#5742=CARTESIAN_POINT('Ctrl Pts',(8.95602131305507,213.850932009414,-0.999999999999987));
#5743=CARTESIAN_POINT('',(2.02978466910249,211.076903557627,1.23905552067328E-14));
#5744=CARTESIAN_POINT('Ctrl Pts',(2.02978466910249,211.076903557627,1.23905552067328E-14));
#5745=CARTESIAN_POINT('Ctrl Pts',(2.02071043839423,211.115077271101,1.23947933402962E-14));
#5746=CARTESIAN_POINT('Ctrl Pts',(2.00489381633355,211.195701300045,1.24037444056234E-14));
#5747=CARTESIAN_POINT('Ctrl Pts',(1.98816430520933,211.329466837446,1.24185953635758E-14));
#5748=CARTESIAN_POINT('Ctrl Pts',(1.97987530910327,211.533529071613,1.24412508226587E-14));
#5749=CARTESIAN_POINT('Ctrl Pts',(1.99253230907579,211.830001702036,1.24741658967053E-14));
#5750=CARTESIAN_POINT('Ctrl Pts',(2.02693302816482,212.163082498393,1.2511145293623E-14));
#5751=CARTESIAN_POINT('Ctrl Pts',(2.08029673620265,212.522720719006,1.2551073156929E-14));
#5752=CARTESIAN_POINT('Ctrl Pts',(2.14786168410624,212.892003608837,1.2592071793618E-14));
#5753=CARTESIAN_POINT('Ctrl Pts',(2.22455586704375,213.252322972921,1.26320752790405E-14));
#5754=CARTESIAN_POINT('Ctrl Pts',(2.30668960994707,213.588675731767,1.26694179367671E-14));
#5755=CARTESIAN_POINT('Ctrl Pts',(2.39343387866651,213.894140131028,1.27033312976934E-14));
#5756=CARTESIAN_POINT('Ctrl Pts',(2.48891720084026,214.176675754289,1.27346990531156E-14));
#5757=CARTESIAN_POINT('Ctrl Pts',(2.60197307262673,214.457044513158,1.27658262382638E-14));
#5758=CARTESIAN_POINT('Ctrl Pts',(2.7438269409246,214.758761024631,1.27993235000585E-14));
#5759=CARTESIAN_POINT('Ctrl Pts',(2.92642251507907,215.100753569202,1.28372922997817E-14));
#5760=CARTESIAN_POINT('Ctrl Pts',(3.16039546020669,215.487925678561,1.28802770388121E-14));
#5761=CARTESIAN_POINT('Ctrl Pts',(3.45346836228172,215.905464713364,1.29266331838238E-14));
#5762=CARTESIAN_POINT('Ctrl Pts',(3.81002687751773,216.326371625757,1.29733632383601E-14));
#5763=CARTESIAN_POINT('Ctrl Pts',(4.23053199152949,216.716828315659,1.30167126390849E-14));
#5764=CARTESIAN_POINT('Ctrl Pts',(4.71088365375301,217.042576050195,1.3052877902595E-14));
#5765=CARTESIAN_POINT('Ctrl Pts',(5.24191902581372,217.274314686564,1.30786060595742E-14));
#5766=CARTESIAN_POINT('Ctrl Pts',(5.80840052999716,217.394887036372,1.30919922794633E-14));
#5767=CARTESIAN_POINT('Ctrl Pts',(6.38983565816186,217.400282007612,1.30925912415921E-14));
#5768=CARTESIAN_POINT('Ctrl Pts',(6.96290424165014,217.295395004518,1.30809464450101E-14));
#5769=CARTESIAN_POINT('Ctrl Pts',(7.5033680737346,217.091392653657,1.30582976343098E-14));
#5770=CARTESIAN_POINT('Ctrl Pts',(7.98826304879353,216.80241030039,1.30262141480791E-14));
#5771=CARTESIAN_POINT('Ctrl Pts',(8.39779254512072,216.44279078019,1.29862883609359E-14));
#5772=CARTESIAN_POINT('Ctrl Pts',(8.71785851568938,216.023603578332,1.29397492326229E-14));
#5773=CARTESIAN_POINT('Ctrl Pts',(8.93978647096132,215.552253127021,1.28874188202516E-14));
#5774=CARTESIAN_POINT('Ctrl Pts',(9.0588184714706,215.033433688636,1.28298182916398E-14));
#5775=CARTESIAN_POINT('Ctrl Pts',(9.07020253331137,214.582404345646,1.27797439755029E-14));
#5776=CARTESIAN_POINT('Ctrl Pts',(9.03146370825536,214.224348430688,1.27399917834139E-14));
#5777=CARTESIAN_POINT('Ctrl Pts',(8.98466437303074,213.976867039093,1.27125158295024E-14));
#5778=CARTESIAN_POINT('Ctrl Pts',(8.95602131305507,213.850932009414,1.26985342325468E-14));
#5779=CARTESIAN_POINT('',(2.02978466910249,211.076903557627,-0.999999999999988));
#5780=CARTESIAN_POINT('',(2.02978466910249,211.076903557627,1.23905552067328E-14));
#5781=CARTESIAN_POINT('Ctrl Pts',(2.02978466910249,211.076903557627,-0.999999999999988));
#5782=CARTESIAN_POINT('Ctrl Pts',(2.02071043839423,211.115077271101,-0.999999999999988));
#5783=CARTESIAN_POINT('Ctrl Pts',(2.00489381633355,211.195701300045,-0.999999999999988));
#5784=CARTESIAN_POINT('Ctrl Pts',(1.98816430520933,211.329466837446,-0.999999999999988));
#5785=CARTESIAN_POINT('Ctrl Pts',(1.97987530910327,211.533529071613,-0.999999999999988));
#5786=CARTESIAN_POINT('Ctrl Pts',(1.99253230907579,211.830001702036,-0.999999999999988));
#5787=CARTESIAN_POINT('Ctrl Pts',(2.02693302816482,212.163082498393,-0.999999999999988));
#5788=CARTESIAN_POINT('Ctrl Pts',(2.08029673620265,212.522720719006,-0.999999999999988));
#5789=CARTESIAN_POINT('Ctrl Pts',(2.14786168410624,212.892003608837,-0.999999999999987));
#5790=CARTESIAN_POINT('Ctrl Pts',(2.22455586704375,213.252322972921,-0.999999999999987));
#5791=CARTESIAN_POINT('Ctrl Pts',(2.30668960994707,213.588675731767,-0.999999999999987));
#5792=CARTESIAN_POINT('Ctrl Pts',(2.39343387866651,213.894140131028,-0.999999999999987));
#5793=CARTESIAN_POINT('Ctrl Pts',(2.48891720084026,214.176675754289,-0.999999999999987));
#5794=CARTESIAN_POINT('Ctrl Pts',(2.60197307262673,214.457044513158,-0.999999999999987));
#5795=CARTESIAN_POINT('Ctrl Pts',(2.7438269409246,214.758761024631,-0.999999999999987));
#5796=CARTESIAN_POINT('Ctrl Pts',(2.92642251507907,215.100753569202,-0.999999999999987));
#5797=CARTESIAN_POINT('Ctrl Pts',(3.16039546020669,215.487925678561,-0.999999999999987));
#5798=CARTESIAN_POINT('Ctrl Pts',(3.45346836228172,215.905464713364,-0.999999999999987));
#5799=CARTESIAN_POINT('Ctrl Pts',(3.81002687751773,216.326371625757,-0.999999999999987));
#5800=CARTESIAN_POINT('Ctrl Pts',(4.23053199152949,216.716828315659,-0.999999999999987));
#5801=CARTESIAN_POINT('Ctrl Pts',(4.71088365375301,217.042576050195,-0.999999999999987));
#5802=CARTESIAN_POINT('Ctrl Pts',(5.24191902581372,217.274314686564,-0.999999999999987));
#5803=CARTESIAN_POINT('Ctrl Pts',(5.80840052999716,217.394887036372,-0.999999999999987));
#5804=CARTESIAN_POINT('Ctrl Pts',(6.38983565816186,217.400282007612,-0.999999999999987));
#5805=CARTESIAN_POINT('Ctrl Pts',(6.96290424165014,217.295395004518,-0.999999999999987));
#5806=CARTESIAN_POINT('Ctrl Pts',(7.5033680737346,217.091392653657,-0.999999999999987));
#5807=CARTESIAN_POINT('Ctrl Pts',(7.98826304879353,216.80241030039,-0.999999999999987));
#5808=CARTESIAN_POINT('Ctrl Pts',(8.39779254512072,216.44279078019,-0.999999999999987));
#5809=CARTESIAN_POINT('Ctrl Pts',(8.71785851568938,216.023603578332,-0.999999999999987));
#5810=CARTESIAN_POINT('Ctrl Pts',(8.93978647096132,215.552253127021,-0.999999999999987));
#5811=CARTESIAN_POINT('Ctrl Pts',(9.0588184714706,215.033433688636,-0.999999999999987));
#5812=CARTESIAN_POINT('Ctrl Pts',(9.07020253331137,214.582404345646,-0.999999999999987));
#5813=CARTESIAN_POINT('Ctrl Pts',(9.03146370825536,214.224348430688,-0.999999999999987));
#5814=CARTESIAN_POINT('Ctrl Pts',(8.98466437303074,213.976867039093,-0.999999999999987));
#5815=CARTESIAN_POINT('Ctrl Pts',(8.95602131305507,213.850932009414,-0.999999999999987));
#5816=CARTESIAN_POINT('Ctrl Pts',(-1.73370616039218,214.557690850634,1.27770002263847E-14));
#5817=CARTESIAN_POINT('Ctrl Pts',(-1.73370616039218,214.557690850634,-0.999999999999987));
#5818=CARTESIAN_POINT('Ctrl Pts',(-1.74902026318087,214.499212881217,1.27705078675768E-14));
#5819=CARTESIAN_POINT('Ctrl Pts',(-1.74902026318087,214.499212881217,-0.999999999999987));
#5820=CARTESIAN_POINT('Ctrl Pts',(-1.77840436732581,214.381912126303,1.27574848676856E-14));
#5821=CARTESIAN_POINT('Ctrl Pts',(-1.77840436732581,214.381912126303,-0.999999999999987));
#5822=CARTESIAN_POINT('Ctrl Pts',(-1.81874822741691,214.204926527519,1.27378355190059E-14));
#5823=CARTESIAN_POINT('Ctrl Pts',(-1.81874822741691,214.204926527519,-0.999999999999987));
#5824=CARTESIAN_POINT('Ctrl Pts',(-1.86506186284837,213.966873206535,1.27114062912014E-14));
#5825=CARTESIAN_POINT('Ctrl Pts',(-1.86506186284837,213.966873206535,-0.999999999999987));
#5826=CARTESIAN_POINT('Ctrl Pts',(-1.91036405804823,213.665899239932,1.26779914684478E-14));
#5827=CARTESIAN_POINT('Ctrl Pts',(-1.91036405804823,213.665899239932,-0.999999999999987));
#5828=CARTESIAN_POINT('Ctrl Pts',(-1.94283332845142,213.361699946121,1.26442185624415E-14));
#5829=CARTESIAN_POINT('Ctrl Pts',(-1.94283332845142,213.361699946121,-0.999999999999987));
#5830=CARTESIAN_POINT('Ctrl Pts',(-1.96208961056939,213.054664248079,1.26101307523066E-14));
#5831=CARTESIAN_POINT('Ctrl Pts',(-1.96208961056939,213.054664248079,-0.999999999999987));
#5832=CARTESIAN_POINT('Ctrl Pts',(-1.96758997491441,212.745480702083,1.25758044831467E-14));
#5833=CARTESIAN_POINT('Ctrl Pts',(-1.96758997491441,212.745480702083,-0.999999999999987));
#5834=CARTESIAN_POINT('Ctrl Pts',(-1.95862075101051,212.435185848643,1.25413548340755E-14));
#5835=CARTESIAN_POINT('Ctrl Pts',(-1.95862075101051,212.435185848643,-0.999999999999988));
#5836=CARTESIAN_POINT('Ctrl Pts',(-1.93423214680679,212.125375890237,1.25069590191674E-14));
#5837=CARTESIAN_POINT('Ctrl Pts',(-1.93423214680679,212.125375890237,-0.999999999999988));
#5838=CARTESIAN_POINT('Ctrl Pts',(-1.89308946641634,211.81864819702,1.24729054044375E-14));
#5839=CARTESIAN_POINT('Ctrl Pts',(-1.89308946641634,211.81864819702,-0.999999999999988));
#5840=CARTESIAN_POINT('Ctrl Pts',(-1.83335411326492,211.518974897844,1.24396349847764E-14));
#5841=CARTESIAN_POINT('Ctrl Pts',(-1.83335411326492,211.518974897844,-0.999999999999988));
#5842=CARTESIAN_POINT('Ctrl Pts',(-1.75253424130199,211.232149367736,1.24077909540188E-14));
#5843=CARTESIAN_POINT('Ctrl Pts',(-1.75253424130199,211.232149367736,-0.999999999999988));
#5844=CARTESIAN_POINT('Ctrl Pts',(-1.64739018759484,210.966128859382,1.23782567446791E-14));
#5845=CARTESIAN_POINT('Ctrl Pts',(-1.64739018759484,210.966128859382,-0.999999999999988));
#5846=CARTESIAN_POINT('Ctrl Pts',(-1.51370291360671,210.731658501038,1.23522253056365E-14));
#5847=CARTESIAN_POINT('Ctrl Pts',(-1.51370291360671,210.731658501038,-0.999999999999988));
#5848=CARTESIAN_POINT('Ctrl Pts',(-1.34731410127325,210.540366436073,1.23309876201414E-14));
#5849=CARTESIAN_POINT('Ctrl Pts',(-1.34731410127325,210.540366436073,-0.999999999999988));
#5850=CARTESIAN_POINT('Ctrl Pts',(-1.14533114372187,210.402530618381,1.23156847702993E-14));
#5851=CARTESIAN_POINT('Ctrl Pts',(-1.14533114372187,210.402530618381,-0.999999999999988));
#5852=CARTESIAN_POINT('Ctrl Pts',(-0.907329064551329,210.324881067136,1.23070639383349E-14));
#5853=CARTESIAN_POINT('Ctrl Pts',(-0.907329064551329,210.324881067136,-0.999999999999988));
#5854=CARTESIAN_POINT('Ctrl Pts',(-0.636483148073007,210.308504689811,1.23052457952183E-14));
#5855=CARTESIAN_POINT('Ctrl Pts',(-0.636483148073007,210.308504689811,-0.999999999999988));
#5856=CARTESIAN_POINT('Ctrl Pts',(-0.34101423419402,210.346255299781,1.23094369548565E-14));
#5857=CARTESIAN_POINT('Ctrl Pts',(-0.34101423419402,210.346255299781,-0.999999999999988));
#5858=CARTESIAN_POINT('Ctrl Pts',(-0.0325901590827404,210.425036890914,
1.23181834684958E-14));
#5859=CARTESIAN_POINT('Ctrl Pts',(-0.0325901590827404,210.425036890914,
-0.999999999999988));
#5860=CARTESIAN_POINT('Ctrl Pts',(0.275611332307332,210.528635430352,1.23296852168759E-14));
#5861=CARTESIAN_POINT('Ctrl Pts',(0.275611332307332,210.528635430352,-0.999999999999988));
#5862=CARTESIAN_POINT('Ctrl Pts',(0.570770776633361,210.640411236638,1.23420948242495E-14));
#5863=CARTESIAN_POINT('Ctrl Pts',(0.570770776633361,210.640411236638,-0.999999999999988));
#5864=CARTESIAN_POINT('Ctrl Pts',(0.842165506416098,210.745824790957,1.23537980797606E-14));
#5865=CARTESIAN_POINT('Ctrl Pts',(0.842165506416098,210.745824790957,-0.999999999999988));
#5866=CARTESIAN_POINT('Ctrl Pts',(1.08335654161028,210.835548369889,1.23637593980789E-14));
#5867=CARTESIAN_POINT('Ctrl Pts',(1.08335654161028,210.835548369889,-0.999999999999988));
#5868=CARTESIAN_POINT('Ctrl Pts',(1.29292438719156,210.906630287626,1.23716510762495E-14));
#5869=CARTESIAN_POINT('Ctrl Pts',(1.29292438719156,210.906630287626,-0.999999999999988));
#5870=CARTESIAN_POINT('Ctrl Pts',(1.47257842882336,210.960129872279,1.23775907233184E-14));
#5871=CARTESIAN_POINT('Ctrl Pts',(1.47257842882336,210.960129872279,-0.999999999999988));
#5872=CARTESIAN_POINT('Ctrl Pts',(1.62583524888799,210.99951679685,1.23819635503713E-14));
#5873=CARTESIAN_POINT('Ctrl Pts',(1.62583524888799,210.99951679685,-0.999999999999988));
#5874=CARTESIAN_POINT('Ctrl Pts',(1.75658691739713,211.02890504007,1.23852263007989E-14));
#5875=CARTESIAN_POINT('Ctrl Pts',(1.75658691739713,211.02890504007,-0.999999999999988));
#5876=CARTESIAN_POINT('Ctrl Pts',(1.86748722529604,211.051076215587,1.23876877957531E-14));
#5877=CARTESIAN_POINT('Ctrl Pts',(1.86748722529604,211.051076215587,-0.999999999999988));
#5878=CARTESIAN_POINT('Ctrl Pts',(1.94139409682617,211.064104230671,1.23891341959842E-14));
#5879=CARTESIAN_POINT('Ctrl Pts',(1.94139409682617,211.064104230671,-0.999999999999988));
#5880=CARTESIAN_POINT('Ctrl Pts',(1.98873181329623,211.071447578441,1.23899494713614E-14));
#5881=CARTESIAN_POINT('Ctrl Pts',(1.98873181329623,211.071447578441,-0.999999999999988));
#5882=CARTESIAN_POINT('Ctrl Pts',(2.01669890076289,211.07526459671,1.23903732455182E-14));
#5883=CARTESIAN_POINT('Ctrl Pts',(2.01669890076289,211.07526459671,-0.999999999999988));
#5884=CARTESIAN_POINT('Ctrl Pts',(2.02978466910249,211.076903557627,1.23905552067328E-14));
#5885=CARTESIAN_POINT('Ctrl Pts',(2.02978466910249,211.076903557627,-0.999999999999988));
#5886=CARTESIAN_POINT('',(-1.73370616039218,214.557690850634,1.27770002263847E-14));
#5887=CARTESIAN_POINT('Ctrl Pts',(-1.73370616039218,214.557690850634,1.27770002263847E-14));
#5888=CARTESIAN_POINT('Ctrl Pts',(-1.74902026318087,214.499212881217,1.27705078675768E-14));
#5889=CARTESIAN_POINT('Ctrl Pts',(-1.77840436732581,214.381912126303,1.27574848676856E-14));
#5890=CARTESIAN_POINT('Ctrl Pts',(-1.81874822741691,214.204926527519,1.27378355190059E-14));
#5891=CARTESIAN_POINT('Ctrl Pts',(-1.86506186284837,213.966873206535,1.27114062912014E-14));
#5892=CARTESIAN_POINT('Ctrl Pts',(-1.91036405804823,213.665899239932,1.26779914684478E-14));
#5893=CARTESIAN_POINT('Ctrl Pts',(-1.94283332845142,213.361699946121,1.26442185624415E-14));
#5894=CARTESIAN_POINT('Ctrl Pts',(-1.96208961056939,213.054664248079,1.26101307523066E-14));
#5895=CARTESIAN_POINT('Ctrl Pts',(-1.96758997491441,212.745480702083,1.25758044831467E-14));
#5896=CARTESIAN_POINT('Ctrl Pts',(-1.95862075101051,212.435185848643,1.25413548340755E-14));
#5897=CARTESIAN_POINT('Ctrl Pts',(-1.93423214680679,212.125375890237,1.25069590191674E-14));
#5898=CARTESIAN_POINT('Ctrl Pts',(-1.89308946641634,211.81864819702,1.24729054044375E-14));
#5899=CARTESIAN_POINT('Ctrl Pts',(-1.83335411326492,211.518974897844,1.24396349847764E-14));
#5900=CARTESIAN_POINT('Ctrl Pts',(-1.75253424130199,211.232149367736,1.24077909540188E-14));
#5901=CARTESIAN_POINT('Ctrl Pts',(-1.64739018759484,210.966128859382,1.23782567446791E-14));
#5902=CARTESIAN_POINT('Ctrl Pts',(-1.51370291360671,210.731658501038,1.23522253056365E-14));
#5903=CARTESIAN_POINT('Ctrl Pts',(-1.34731410127325,210.540366436073,1.23309876201414E-14));
#5904=CARTESIAN_POINT('Ctrl Pts',(-1.14533114372187,210.402530618381,1.23156847702993E-14));
#5905=CARTESIAN_POINT('Ctrl Pts',(-0.907329064551329,210.324881067136,1.23070639383349E-14));
#5906=CARTESIAN_POINT('Ctrl Pts',(-0.636483148073007,210.308504689811,1.23052457952183E-14));
#5907=CARTESIAN_POINT('Ctrl Pts',(-0.34101423419402,210.346255299781,1.23094369548565E-14));
#5908=CARTESIAN_POINT('Ctrl Pts',(-0.0325901590827404,210.425036890914,
1.23181834684958E-14));
#5909=CARTESIAN_POINT('Ctrl Pts',(0.275611332307332,210.528635430352,1.23296852168759E-14));
#5910=CARTESIAN_POINT('Ctrl Pts',(0.570770776633361,210.640411236638,1.23420948242495E-14));
#5911=CARTESIAN_POINT('Ctrl Pts',(0.842165506416098,210.745824790957,1.23537980797606E-14));
#5912=CARTESIAN_POINT('Ctrl Pts',(1.08335654161028,210.835548369889,1.23637593980789E-14));
#5913=CARTESIAN_POINT('Ctrl Pts',(1.29292438719156,210.906630287626,1.23716510762495E-14));
#5914=CARTESIAN_POINT('Ctrl Pts',(1.47257842882336,210.960129872279,1.23775907233184E-14));
#5915=CARTESIAN_POINT('Ctrl Pts',(1.62583524888799,210.99951679685,1.23819635503713E-14));
#5916=CARTESIAN_POINT('Ctrl Pts',(1.75658691739713,211.02890504007,1.23852263007989E-14));
#5917=CARTESIAN_POINT('Ctrl Pts',(1.86748722529604,211.051076215587,1.23876877957531E-14));
#5918=CARTESIAN_POINT('Ctrl Pts',(1.94139409682617,211.064104230671,1.23891341959842E-14));
#5919=CARTESIAN_POINT('Ctrl Pts',(1.98873181329623,211.071447578441,1.23899494713614E-14));
#5920=CARTESIAN_POINT('Ctrl Pts',(2.01669890076289,211.07526459671,1.23903732455182E-14));
#5921=CARTESIAN_POINT('Ctrl Pts',(2.02978466910249,211.076903557627,1.23905552067328E-14));
#5922=CARTESIAN_POINT('',(-1.73370616039218,214.557690850634,-0.999999999999987));
#5923=CARTESIAN_POINT('',(-1.73370616039218,214.557690850634,1.27770002263847E-14));
#5924=CARTESIAN_POINT('Ctrl Pts',(-1.73370616039218,214.557690850634,-0.999999999999987));
#5925=CARTESIAN_POINT('Ctrl Pts',(-1.74902026318087,214.499212881217,-0.999999999999987));
#5926=CARTESIAN_POINT('Ctrl Pts',(-1.77840436732581,214.381912126303,-0.999999999999987));
#5927=CARTESIAN_POINT('Ctrl Pts',(-1.81874822741691,214.204926527519,-0.999999999999987));
#5928=CARTESIAN_POINT('Ctrl Pts',(-1.86506186284837,213.966873206535,-0.999999999999987));
#5929=CARTESIAN_POINT('Ctrl Pts',(-1.91036405804823,213.665899239932,-0.999999999999987));
#5930=CARTESIAN_POINT('Ctrl Pts',(-1.94283332845142,213.361699946121,-0.999999999999987));
#5931=CARTESIAN_POINT('Ctrl Pts',(-1.96208961056939,213.054664248079,-0.999999999999987));
#5932=CARTESIAN_POINT('Ctrl Pts',(-1.96758997491441,212.745480702083,-0.999999999999987));
#5933=CARTESIAN_POINT('Ctrl Pts',(-1.95862075101051,212.435185848643,-0.999999999999988));
#5934=CARTESIAN_POINT('Ctrl Pts',(-1.93423214680679,212.125375890237,-0.999999999999988));
#5935=CARTESIAN_POINT('Ctrl Pts',(-1.89308946641634,211.81864819702,-0.999999999999988));
#5936=CARTESIAN_POINT('Ctrl Pts',(-1.83335411326492,211.518974897844,-0.999999999999988));
#5937=CARTESIAN_POINT('Ctrl Pts',(-1.75253424130199,211.232149367736,-0.999999999999988));
#5938=CARTESIAN_POINT('Ctrl Pts',(-1.64739018759484,210.966128859382,-0.999999999999988));
#5939=CARTESIAN_POINT('Ctrl Pts',(-1.51370291360671,210.731658501038,-0.999999999999988));
#5940=CARTESIAN_POINT('Ctrl Pts',(-1.34731410127325,210.540366436073,-0.999999999999988));
#5941=CARTESIAN_POINT('Ctrl Pts',(-1.14533114372187,210.402530618381,-0.999999999999988));
#5942=CARTESIAN_POINT('Ctrl Pts',(-0.907329064551329,210.324881067136,-0.999999999999988));
#5943=CARTESIAN_POINT('Ctrl Pts',(-0.636483148073007,210.308504689811,-0.999999999999988));
#5944=CARTESIAN_POINT('Ctrl Pts',(-0.34101423419402,210.346255299781,-0.999999999999988));
#5945=CARTESIAN_POINT('Ctrl Pts',(-0.0325901590827404,210.425036890914,
-0.999999999999988));
#5946=CARTESIAN_POINT('Ctrl Pts',(0.275611332307332,210.528635430352,-0.999999999999988));
#5947=CARTESIAN_POINT('Ctrl Pts',(0.570770776633361,210.640411236638,-0.999999999999988));
#5948=CARTESIAN_POINT('Ctrl Pts',(0.842165506416098,210.745824790957,-0.999999999999988));
#5949=CARTESIAN_POINT('Ctrl Pts',(1.08335654161028,210.835548369889,-0.999999999999988));
#5950=CARTESIAN_POINT('Ctrl Pts',(1.29292438719156,210.906630287626,-0.999999999999988));
#5951=CARTESIAN_POINT('Ctrl Pts',(1.47257842882336,210.960129872279,-0.999999999999988));
#5952=CARTESIAN_POINT('Ctrl Pts',(1.62583524888799,210.99951679685,-0.999999999999988));
#5953=CARTESIAN_POINT('Ctrl Pts',(1.75658691739713,211.02890504007,-0.999999999999988));
#5954=CARTESIAN_POINT('Ctrl Pts',(1.86748722529604,211.051076215587,-0.999999999999988));
#5955=CARTESIAN_POINT('Ctrl Pts',(1.94139409682617,211.064104230671,-0.999999999999988));
#5956=CARTESIAN_POINT('Ctrl Pts',(1.98873181329623,211.071447578441,-0.999999999999988));
#5957=CARTESIAN_POINT('Ctrl Pts',(2.01669890076289,211.07526459671,-0.999999999999988));
#5958=CARTESIAN_POINT('Ctrl Pts',(2.02978466910249,211.076903557627,-0.999999999999988));
#5959=CARTESIAN_POINT('Ctrl Pts',(-4.63141740939273,216.58962251914,1.30025899586688E-14));
#5960=CARTESIAN_POINT('Ctrl Pts',(-4.63141740939273,216.58962251914,-0.999999999999987));
#5961=CARTESIAN_POINT('Ctrl Pts',(-4.64434237237781,216.629041399739,1.30069663335534E-14));
#5962=CARTESIAN_POINT('Ctrl Pts',(-4.64434237237781,216.629041399739,-0.999999999999987));
#5963=CARTESIAN_POINT('Ctrl Pts',(-4.66361090359103,216.706043388219,1.30155152716087E-14));
#5964=CARTESIAN_POINT('Ctrl Pts',(-4.66361090359103,216.706043388219,-0.999999999999987));
#5965=CARTESIAN_POINT('Ctrl Pts',(-4.67276899564582,216.816038941124,1.30277272311528E-14));
#5966=CARTESIAN_POINT('Ctrl Pts',(-4.67276899564582,216.816038941124,-0.999999999999987));
#5967=CARTESIAN_POINT('Ctrl Pts',(-4.6454233688779,216.951665840097,1.30427848417526E-14));
#5968=CARTESIAN_POINT('Ctrl Pts',(-4.6454233688779,216.951665840097,-0.999999999999987));
#5969=CARTESIAN_POINT('Ctrl Pts',(-4.54596812487433,217.102857865468,1.30595705285233E-14));
#5970=CARTESIAN_POINT('Ctrl Pts',(-4.54596812487433,217.102857865468,-0.999999999999987));
#5971=CARTESIAN_POINT('Ctrl Pts',(-4.38401763344012,217.236074017922,1.30743604924939E-14));
#5972=CARTESIAN_POINT('Ctrl Pts',(-4.38401763344012,217.236074017922,-0.999999999999987));
#5973=CARTESIAN_POINT('Ctrl Pts',(-4.16554981551203,217.352170838759,1.30872498288519E-14));
#5974=CARTESIAN_POINT('Ctrl Pts',(-4.16554981551203,217.352170838759,-0.999999999999987));
#5975=CARTESIAN_POINT('Ctrl Pts',(-3.9014203832218,217.452798199358,1.30984217101162E-14));
#5976=CARTESIAN_POINT('Ctrl Pts',(-3.9014203832218,217.452798199358,-0.999999999999987));
#5977=CARTESIAN_POINT('Ctrl Pts',(-3.60705162459093,217.540272062599,1.31081332598185E-14));
#5978=CARTESIAN_POINT('Ctrl Pts',(-3.60705162459093,217.540272062599,-0.999999999999987));
#5979=CARTESIAN_POINT('Ctrl Pts',(-3.29975601041797,217.616933090012,1.31166443435911E-14));
#5980=CARTESIAN_POINT('Ctrl Pts',(-3.29975601041797,217.616933090012,-0.999999999999987));
#5981=CARTESIAN_POINT('Ctrl Pts',(-2.99674499196682,217.684656980152,1.31241632058062E-14));
#5982=CARTESIAN_POINT('Ctrl Pts',(-2.99674499196682,217.684656980152,-0.999999999999987));
#5983=CARTESIAN_POINT('Ctrl Pts',(-2.71275993752215,217.744271121382,1.31307817050248E-14));
#5984=CARTESIAN_POINT('Ctrl Pts',(-2.71275993752215,217.744271121382,-0.999999999999987));
#5985=CARTESIAN_POINT('Ctrl Pts',(-2.45809894721313,217.795080991533,1.31364227337968E-14));
#5986=CARTESIAN_POINT('Ctrl Pts',(-2.45809894721313,217.795080991533,-0.999999999999987));
#5987=CARTESIAN_POINT('Ctrl Pts',(-2.23580243071579,217.834149064792,1.31407601612428E-14));
#5988=CARTESIAN_POINT('Ctrl Pts',(-2.23580243071579,217.834149064792,-0.999999999999987));
#5989=CARTESIAN_POINT('Ctrl Pts',(-2.04325559978252,217.856899728587,1.31432859923199E-14));
#5990=CARTESIAN_POINT('Ctrl Pts',(-2.04325559978252,217.856899728587,-0.999999999999987));
#5991=CARTESIAN_POINT('Ctrl Pts',(-1.87520069790971,217.858150957914,1.31434249066806E-14));
#5992=CARTESIAN_POINT('Ctrl Pts',(-1.87520069790971,217.858150957914,-0.999999999999987));
#5993=CARTESIAN_POINT('Ctrl Pts',(-1.72623423644494,217.832997277891,1.31406322872091E-14));
#5994=CARTESIAN_POINT('Ctrl Pts',(-1.72623423644494,217.832997277891,-0.999999999999987));
#5995=CARTESIAN_POINT('Ctrl Pts',(-1.59354625117593,217.777768864727,1.31345007016183E-14));
#5996=CARTESIAN_POINT('Ctrl Pts',(-1.59354625117593,217.777768864727,-0.999999999999987));
#5997=CARTESIAN_POINT('Ctrl Pts',(-1.47945826242601,217.690944499857,1.31248612607206E-14));
#5998=CARTESIAN_POINT('Ctrl Pts',(-1.47945826242601,217.690944499857,-0.999999999999987));
#5999=CARTESIAN_POINT('Ctrl Pts',(-1.38901707107212,217.572704889571,1.31117340269443E-14));
#6000=CARTESIAN_POINT('Ctrl Pts',(-1.38901707107212,217.572704889571,-0.999999999999987));
#6001=CARTESIAN_POINT('Ctrl Pts',(-1.32760391389368,217.42452077169,1.30952822849888E-14));
#6002=CARTESIAN_POINT('Ctrl Pts',(-1.32760391389368,217.42452077169,-0.999999999999987));
#6003=CARTESIAN_POINT('Ctrl Pts',(-1.29871133217261,217.248752418689,1.30757680777386E-14));
#6004=CARTESIAN_POINT('Ctrl Pts',(-1.29871133217261,217.248752418689,-0.999999999999987));
#6005=CARTESIAN_POINT('Ctrl Pts',(-1.30120127996487,217.048240762034,1.30535068119462E-14));
#6006=CARTESIAN_POINT('Ctrl Pts',(-1.30120127996487,217.048240762034,-0.999999999999987));
#6007=CARTESIAN_POINT('Ctrl Pts',(-1.33011246381037,216.82605609665,1.30288393588233E-14));
#6008=CARTESIAN_POINT('Ctrl Pts',(-1.33011246381037,216.82605609665,-0.999999999999987));
#6009=CARTESIAN_POINT('Ctrl Pts',(-1.37826820229154,216.585291784136,1.30021091504973E-14));
#6010=CARTESIAN_POINT('Ctrl Pts',(-1.37826820229154,216.585291784136,-0.999999999999987));
#6011=CARTESIAN_POINT('Ctrl Pts',(-1.43762051434914,216.328841514074,1.29736374510479E-14));
#6012=CARTESIAN_POINT('Ctrl Pts',(-1.43762051434914,216.328841514074,-0.999999999999987));
#6013=CARTESIAN_POINT('Ctrl Pts',(-1.50061152494158,216.059200707645,1.29437013078803E-14));
#6014=CARTESIAN_POINT('Ctrl Pts',(-1.50061152494158,216.059200707645,-0.999999999999987));
#6015=CARTESIAN_POINT('Ctrl Pts',(-1.5617300084584,215.778222257669,1.29125064334216E-14));
#6016=CARTESIAN_POINT('Ctrl Pts',(-1.5617300084584,215.778222257669,-0.999999999999987));
#6017=CARTESIAN_POINT('Ctrl Pts',(-1.61741654456749,215.487170396108,1.28801931856151E-14));
#6018=CARTESIAN_POINT('Ctrl Pts',(-1.61741654456749,215.487170396108,-0.999999999999987));
#6019=CARTESIAN_POINT('Ctrl Pts',(-1.6655629331169,215.18684484534,1.28468503514805E-14));
#6020=CARTESIAN_POINT('Ctrl Pts',(-1.6655629331169,215.18684484534,-0.999999999999987));
#6021=CARTESIAN_POINT('Ctrl Pts',(-1.69724341397277,214.939512604112,1.28193909565862E-14));
#6022=CARTESIAN_POINT('Ctrl Pts',(-1.69724341397277,214.939512604112,-0.999999999999987));
#6023=CARTESIAN_POINT('Ctrl Pts',(-1.71702078192448,214.750115045624,1.27983636035621E-14));
#6024=CARTESIAN_POINT('Ctrl Pts',(-1.71702078192448,214.750115045624,-0.999999999999987));
#6025=CARTESIAN_POINT('Ctrl Pts',(-1.72843884843249,214.622120499203,1.27841533543158E-14));
#6026=CARTESIAN_POINT('Ctrl Pts',(-1.72843884843249,214.622120499203,-0.999999999999987));
#6027=CARTESIAN_POINT('Ctrl Pts',(-1.73370616039218,214.557690850634,1.27770002263847E-14));
#6028=CARTESIAN_POINT('Ctrl Pts',(-1.73370616039218,214.557690850634,-0.999999999999987));
#6029=CARTESIAN_POINT('',(-4.63141740939273,216.58962251914,1.30025899586688E-14));
#6030=CARTESIAN_POINT('Ctrl Pts',(-4.63141740939273,216.58962251914,1.30025899586688E-14));
#6031=CARTESIAN_POINT('Ctrl Pts',(-4.64434237237781,216.629041399739,1.30069663335534E-14));
#6032=CARTESIAN_POINT('Ctrl Pts',(-4.66361090359103,216.706043388219,1.30155152716087E-14));
#6033=CARTESIAN_POINT('Ctrl Pts',(-4.67276899564582,216.816038941124,1.30277272311528E-14));
#6034=CARTESIAN_POINT('Ctrl Pts',(-4.6454233688779,216.951665840097,1.30427848417526E-14));
#6035=CARTESIAN_POINT('Ctrl Pts',(-4.54596812487433,217.102857865468,1.30595705285233E-14));
#6036=CARTESIAN_POINT('Ctrl Pts',(-4.38401763344012,217.236074017922,1.30743604924939E-14));
#6037=CARTESIAN_POINT('Ctrl Pts',(-4.16554981551203,217.352170838759,1.30872498288519E-14));
#6038=CARTESIAN_POINT('Ctrl Pts',(-3.9014203832218,217.452798199358,1.30984217101162E-14));
#6039=CARTESIAN_POINT('Ctrl Pts',(-3.60705162459093,217.540272062599,1.31081332598185E-14));
#6040=CARTESIAN_POINT('Ctrl Pts',(-3.29975601041797,217.616933090012,1.31166443435911E-14));
#6041=CARTESIAN_POINT('Ctrl Pts',(-2.99674499196682,217.684656980152,1.31241632058062E-14));
#6042=CARTESIAN_POINT('Ctrl Pts',(-2.71275993752215,217.744271121382,1.31307817050248E-14));
#6043=CARTESIAN_POINT('Ctrl Pts',(-2.45809894721313,217.795080991533,1.31364227337968E-14));
#6044=CARTESIAN_POINT('Ctrl Pts',(-2.23580243071579,217.834149064792,1.31407601612428E-14));
#6045=CARTESIAN_POINT('Ctrl Pts',(-2.04325559978252,217.856899728587,1.31432859923199E-14));
#6046=CARTESIAN_POINT('Ctrl Pts',(-1.87520069790971,217.858150957914,1.31434249066806E-14));
#6047=CARTESIAN_POINT('Ctrl Pts',(-1.72623423644494,217.832997277891,1.31406322872091E-14));
#6048=CARTESIAN_POINT('Ctrl Pts',(-1.59354625117593,217.777768864727,1.31345007016183E-14));
#6049=CARTESIAN_POINT('Ctrl Pts',(-1.47945826242601,217.690944499857,1.31248612607206E-14));
#6050=CARTESIAN_POINT('Ctrl Pts',(-1.38901707107212,217.572704889571,1.31117340269443E-14));
#6051=CARTESIAN_POINT('Ctrl Pts',(-1.32760391389368,217.42452077169,1.30952822849888E-14));
#6052=CARTESIAN_POINT('Ctrl Pts',(-1.29871133217261,217.248752418689,1.30757680777386E-14));
#6053=CARTESIAN_POINT('Ctrl Pts',(-1.30120127996487,217.048240762034,1.30535068119462E-14));
#6054=CARTESIAN_POINT('Ctrl Pts',(-1.33011246381037,216.82605609665,1.30288393588233E-14));
#6055=CARTESIAN_POINT('Ctrl Pts',(-1.37826820229154,216.585291784136,1.30021091504973E-14));
#6056=CARTESIAN_POINT('Ctrl Pts',(-1.43762051434914,216.328841514074,1.29736374510479E-14));
#6057=CARTESIAN_POINT('Ctrl Pts',(-1.50061152494158,216.059200707645,1.29437013078803E-14));
#6058=CARTESIAN_POINT('Ctrl Pts',(-1.5617300084584,215.778222257669,1.29125064334216E-14));
#6059=CARTESIAN_POINT('Ctrl Pts',(-1.61741654456749,215.487170396108,1.28801931856151E-14));
#6060=CARTESIAN_POINT('Ctrl Pts',(-1.6655629331169,215.18684484534,1.28468503514805E-14));
#6061=CARTESIAN_POINT('Ctrl Pts',(-1.69724341397277,214.939512604112,1.28193909565862E-14));
#6062=CARTESIAN_POINT('Ctrl Pts',(-1.71702078192448,214.750115045624,1.27983636035621E-14));
#6063=CARTESIAN_POINT('Ctrl Pts',(-1.72843884843249,214.622120499203,1.27841533543158E-14));
#6064=CARTESIAN_POINT('Ctrl Pts',(-1.73370616039218,214.557690850634,1.27770002263847E-14));
#6065=CARTESIAN_POINT('',(-4.63141740939273,216.58962251914,-0.999999999999987));
#6066=CARTESIAN_POINT('',(-4.63141740939273,216.58962251914,1.30025899586688E-14));
#6067=CARTESIAN_POINT('Ctrl Pts',(-4.63141740939273,216.58962251914,-0.999999999999987));
#6068=CARTESIAN_POINT('Ctrl Pts',(-4.64434237237781,216.629041399739,-0.999999999999987));
#6069=CARTESIAN_POINT('Ctrl Pts',(-4.66361090359103,216.706043388219,-0.999999999999987));
#6070=CARTESIAN_POINT('Ctrl Pts',(-4.67276899564582,216.816038941124,-0.999999999999987));
#6071=CARTESIAN_POINT('Ctrl Pts',(-4.6454233688779,216.951665840097,-0.999999999999987));
#6072=CARTESIAN_POINT('Ctrl Pts',(-4.54596812487433,217.102857865468,-0.999999999999987));
#6073=CARTESIAN_POINT('Ctrl Pts',(-4.38401763344012,217.236074017922,-0.999999999999987));
#6074=CARTESIAN_POINT('Ctrl Pts',(-4.16554981551203,217.352170838759,-0.999999999999987));
#6075=CARTESIAN_POINT('Ctrl Pts',(-3.9014203832218,217.452798199358,-0.999999999999987));
#6076=CARTESIAN_POINT('Ctrl Pts',(-3.60705162459093,217.540272062599,-0.999999999999987));
#6077=CARTESIAN_POINT('Ctrl Pts',(-3.29975601041797,217.616933090012,-0.999999999999987));
#6078=CARTESIAN_POINT('Ctrl Pts',(-2.99674499196682,217.684656980152,-0.999999999999987));
#6079=CARTESIAN_POINT('Ctrl Pts',(-2.71275993752215,217.744271121382,-0.999999999999987));
#6080=CARTESIAN_POINT('Ctrl Pts',(-2.45809894721313,217.795080991533,-0.999999999999987));
#6081=CARTESIAN_POINT('Ctrl Pts',(-2.23580243071579,217.834149064792,-0.999999999999987));
#6082=CARTESIAN_POINT('Ctrl Pts',(-2.04325559978252,217.856899728587,-0.999999999999987));
#6083=CARTESIAN_POINT('Ctrl Pts',(-1.87520069790971,217.858150957914,-0.999999999999987));
#6084=CARTESIAN_POINT('Ctrl Pts',(-1.72623423644494,217.832997277891,-0.999999999999987));
#6085=CARTESIAN_POINT('Ctrl Pts',(-1.59354625117593,217.777768864727,-0.999999999999987));
#6086=CARTESIAN_POINT('Ctrl Pts',(-1.47945826242601,217.690944499857,-0.999999999999987));
#6087=CARTESIAN_POINT('Ctrl Pts',(-1.38901707107212,217.572704889571,-0.999999999999987));
#6088=CARTESIAN_POINT('Ctrl Pts',(-1.32760391389368,217.42452077169,-0.999999999999987));
#6089=CARTESIAN_POINT('Ctrl Pts',(-1.29871133217261,217.248752418689,-0.999999999999987));
#6090=CARTESIAN_POINT('Ctrl Pts',(-1.30120127996487,217.048240762034,-0.999999999999987));
#6091=CARTESIAN_POINT('Ctrl Pts',(-1.33011246381037,216.82605609665,-0.999999999999987));
#6092=CARTESIAN_POINT('Ctrl Pts',(-1.37826820229154,216.585291784136,-0.999999999999987));
#6093=CARTESIAN_POINT('Ctrl Pts',(-1.43762051434914,216.328841514074,-0.999999999999987));
#6094=CARTESIAN_POINT('Ctrl Pts',(-1.50061152494158,216.059200707645,-0.999999999999987));
#6095=CARTESIAN_POINT('Ctrl Pts',(-1.5617300084584,215.778222257669,-0.999999999999987));
#6096=CARTESIAN_POINT('Ctrl Pts',(-1.61741654456749,215.487170396108,-0.999999999999987));
#6097=CARTESIAN_POINT('Ctrl Pts',(-1.6655629331169,215.18684484534,-0.999999999999987));
#6098=CARTESIAN_POINT('Ctrl Pts',(-1.69724341397277,214.939512604112,-0.999999999999987));
#6099=CARTESIAN_POINT('Ctrl Pts',(-1.71702078192448,214.750115045624,-0.999999999999987));
#6100=CARTESIAN_POINT('Ctrl Pts',(-1.72843884843249,214.622120499203,-0.999999999999987));
#6101=CARTESIAN_POINT('Ctrl Pts',(-1.73370616039218,214.557690850634,-0.999999999999987));
#6102=CARTESIAN_POINT('Ctrl Pts',(3.30769802172139,207.91793508611,1.20398392536185E-14));
#6103=CARTESIAN_POINT('Ctrl Pts',(3.30769802172139,207.91793508611,-0.999999999999988));
#6104=CARTESIAN_POINT('Ctrl Pts',(3.26501669556116,207.99811666899,1.20487411975649E-14));
#6105=CARTESIAN_POINT('Ctrl Pts',(3.26501669556116,207.99811666899,-0.999999999999988));
#6106=CARTESIAN_POINT('Ctrl Pts',(3.18243923418968,208.149765297899,1.20655775775118E-14));
#6107=CARTESIAN_POINT('Ctrl Pts',(3.18243923418968,208.149765297899,-0.999999999999988));
#6108=CARTESIAN_POINT('Ctrl Pts',(3.0669288199893,208.35109444553,1.20879296030346E-14));
#6109=CARTESIAN_POINT('Ctrl Pts',(3.0669288199893,208.35109444553,-0.999999999999988));
#6110=CARTESIAN_POINT('Ctrl Pts',(2.92963227239709,208.567223672598,1.2111924767453E-14));
#6111=CARTESIAN_POINT('Ctrl Pts',(2.92963227239709,208.567223672598,-0.999999999999988));
#6112=CARTESIAN_POINT('Ctrl Pts',(2.78543611499988,208.750885061647,1.21323152777387E-14));
#6113=CARTESIAN_POINT('Ctrl Pts',(2.78543611499988,208.750885061647,-0.999999999999988));
#6114=CARTESIAN_POINT('Ctrl Pts',(2.66724174380816,208.850362428561,1.21433594840565E-14));
#6115=CARTESIAN_POINT('Ctrl Pts',(2.66724174380816,208.850362428561,-0.999999999999988));
#6116=CARTESIAN_POINT('Ctrl Pts',(2.57220295862577,208.870417356659,1.21455860283496E-14));
#6117=CARTESIAN_POINT('Ctrl Pts',(2.57220295862577,208.870417356659,-0.999999999999988));
#6118=CARTESIAN_POINT('Ctrl Pts',(2.49539005220183,208.819271924691,1.2139907744732E-14));
#6119=CARTESIAN_POINT('Ctrl Pts',(2.49539005220183,208.819271924691,-0.999999999999988));
#6120=CARTESIAN_POINT('Ctrl Pts',(2.42979854567248,208.709013604016,1.21276666121051E-14));
#6121=CARTESIAN_POINT('Ctrl Pts',(2.42979854567248,208.709013604016,-0.999999999999988));
#6122=CARTESIAN_POINT('Ctrl Pts',(2.36786349989564,208.554535405546,1.21105160868307E-14));
#6123=CARTESIAN_POINT('Ctrl Pts',(2.36786349989564,208.554535405546,-0.999999999999988));
#6124=CARTESIAN_POINT('Ctrl Pts',(2.3027496161498,208.372797950497,1.20903391761275E-14));
#6125=CARTESIAN_POINT('Ctrl Pts',(2.3027496161498,208.372797950497,-0.999999999999988));
#6126=CARTESIAN_POINT('Ctrl Pts',(2.2295342316939,208.181900295527,1.2069145278938E-14));
#6127=CARTESIAN_POINT('Ctrl Pts',(2.2295342316939,208.181900295527,-0.999999999999988));
#6128=CARTESIAN_POINT('Ctrl Pts',(2.14302603432491,207.999145892894,1.20488554643726E-14));
#6129=CARTESIAN_POINT('Ctrl Pts',(2.14302603432491,207.999145892894,-0.999999999999988));
#6130=CARTESIAN_POINT('Ctrl Pts',(2.03587412279277,207.839142510236,1.20310915204281E-14));
#6131=CARTESIAN_POINT('Ctrl Pts',(2.03587412279277,207.839142510236,-0.999999999999988));
#6132=CARTESIAN_POINT('Ctrl Pts',(1.8964329726948,207.711903502122,1.20169651527842E-14));
#6133=CARTESIAN_POINT('Ctrl Pts',(1.8964329726948,207.711903502122,-0.999999999999988));
#6134=CARTESIAN_POINT('Ctrl Pts',(1.70703559023089,207.620907795795,1.20068625999535E-14));
#6135=CARTESIAN_POINT('Ctrl Pts',(1.70703559023089,207.620907795795,-0.999999999999988));
#6136=CARTESIAN_POINT('Ctrl Pts',(1.44933649158369,207.564378766725,1.20005866169902E-14));
#6137=CARTESIAN_POINT('Ctrl Pts',(1.44933649158369,207.564378766725,-0.999999999999988));
#6138=CARTESIAN_POINT('Ctrl Pts',(1.11096064522221,207.536044373474,1.19974408674127E-14));
#6139=CARTESIAN_POINT('Ctrl Pts',(1.11096064522221,207.536044373474,-0.999999999999988));
#6140=CARTESIAN_POINT('Ctrl Pts',(0.688918197303686,207.526996627847,1.1996436365861E-14));
#6141=CARTESIAN_POINT('Ctrl Pts',(0.688918197303686,207.526996627847,-0.999999999999988));
#6142=CARTESIAN_POINT('Ctrl Pts',(0.200744273518293,207.524973666632,1.19962117720492E-14));
#6143=CARTESIAN_POINT('Ctrl Pts',(0.200744273518293,207.524973666632,-0.999999999999988));
#6144=CARTESIAN_POINT('Ctrl Pts',(-0.32475280384424,207.520426181786,1.19957068998112E-14));
#6145=CARTESIAN_POINT('Ctrl Pts',(-0.32475280384424,207.520426181786,-0.999999999999988));
#6146=CARTESIAN_POINT('Ctrl Pts',(-0.865691364320079,207.511173941681,1.19946796948118E-14));
#6147=CARTESIAN_POINT('Ctrl Pts',(-0.865691364320079,207.511173941681,-0.999999999999988));
#6148=CARTESIAN_POINT('Ctrl Pts',(-1.40123235960617,207.49908438124,1.19933374839758E-14));
#6149=CARTESIAN_POINT('Ctrl Pts',(-1.40123235960617,207.49908438124,-0.999999999999988));
#6150=CARTESIAN_POINT('Ctrl Pts',(-1.91443643100612,207.489649867343,1.19922900425203E-14));
#6151=CARTESIAN_POINT('Ctrl Pts',(-1.91443643100612,207.489649867343,-0.999999999999988));
#6152=CARTESIAN_POINT('Ctrl Pts',(-2.39142264127362,207.490355131987,1.1992368342625E-14));
#6153=CARTESIAN_POINT('Ctrl Pts',(-2.39142264127362,207.490355131987,-0.999999999999988));
#6154=CARTESIAN_POINT('Ctrl Pts',(-2.82214888915186,207.509551820447,1.19944996031775E-14));
#6155=CARTESIAN_POINT('Ctrl Pts',(-2.82214888915186,207.509551820447,-0.999999999999988));
#6156=CARTESIAN_POINT('Ctrl Pts',(-3.20044193859669,207.555158018453,1.19995629082866E-14));
#6157=CARTESIAN_POINT('Ctrl Pts',(-3.20044193859669,207.555158018453,-0.999999999999988));
#6158=CARTESIAN_POINT('Ctrl Pts',(-3.52450199509872,207.633334038765,1.2008242190059E-14));
#6159=CARTESIAN_POINT('Ctrl Pts',(-3.52450199509872,207.633334038765,-0.999999999999988));
#6160=CARTESIAN_POINT('Ctrl Pts',(-3.7967657599441,207.747475553197,1.20209144437979E-14));
#6161=CARTESIAN_POINT('Ctrl Pts',(-3.7967657599441,207.747475553197,-0.999999999999988));
#6162=CARTESIAN_POINT('Ctrl Pts',(-4.02216629082874,207.89842950187,1.20376736987453E-14));
#6163=CARTESIAN_POINT('Ctrl Pts',(-4.02216629082874,207.89842950187,-0.999999999999988));
#6164=CARTESIAN_POINT('Ctrl Pts',(-4.20661252909827,208.08447549447,1.20583289532077E-14));
#6165=CARTESIAN_POINT('Ctrl Pts',(-4.20661252909827,208.08447549447,-0.999999999999988));
#6166=CARTESIAN_POINT('Ctrl Pts',(-4.35546826688035,208.301437495738,1.20824165741354E-14));
#6167=CARTESIAN_POINT('Ctrl Pts',(-4.35546826688035,208.301437495738,-0.999999999999988));
#6168=CARTESIAN_POINT('Ctrl Pts',(-4.4718398192257,208.542633525625,1.21091947127182E-14));
#6169=CARTESIAN_POINT('Ctrl Pts',(-4.4718398192257,208.542633525625,-0.999999999999988));
#6170=CARTESIAN_POINT('Ctrl Pts',(-4.55551572573347,208.799188905613,1.21376780817136E-14));
#6171=CARTESIAN_POINT('Ctrl Pts',(-4.55551572573347,208.799188905613,-0.999999999999988));
#6172=CARTESIAN_POINT('Ctrl Pts',(-4.6050094009034,209.061885968013,1.21668433144314E-14));
#6173=CARTESIAN_POINT('Ctrl Pts',(-4.6050094009034,209.061885968013,-0.999999999999988));
#6174=CARTESIAN_POINT('Ctrl Pts',(-4.61927793199307,209.322912621716,1.21958230945296E-14));
#6175=CARTESIAN_POINT('Ctrl Pts',(-4.61927793199307,209.322912621716,-0.999999999999988));
#6176=CARTESIAN_POINT('Ctrl Pts',(-4.59937337984815,209.577439923793,1.22240813016458E-14));
#6177=CARTESIAN_POINT('Ctrl Pts',(-4.59937337984815,209.577439923793,-0.999999999999988));
#6178=CARTESIAN_POINT('Ctrl Pts',(-4.55058868787774,209.825782294322,1.22516528434209E-14));
#6179=CARTESIAN_POINT('Ctrl Pts',(-4.55058868787774,209.825782294322,-0.999999999999988));
#6180=CARTESIAN_POINT('Ctrl Pts',(-4.48281763928461,210.073591114844,1.22791651492458E-14));
#6181=CARTESIAN_POINT('Ctrl Pts',(-4.48281763928461,210.073591114844,-0.999999999999988));
#6182=CARTESIAN_POINT('Ctrl Pts',(-4.40782557894283,210.328703146375,1.23074882743723E-14));
#6183=CARTESIAN_POINT('Ctrl Pts',(-4.40782557894283,210.328703146375,-0.999999999999988));
#6184=CARTESIAN_POINT('Ctrl Pts',(-4.33711292050737,210.598606472108,1.23374535630374E-14));
#6185=CARTESIAN_POINT('Ctrl Pts',(-4.33711292050737,210.598606472108,-0.999999999999988));
#6186=CARTESIAN_POINT('Ctrl Pts',(-4.27977709010192,210.887963388702,1.23695786341511E-14));
#6187=CARTESIAN_POINT('Ctrl Pts',(-4.27977709010192,210.887963388702,-0.999999999999988));
#6188=CARTESIAN_POINT('Ctrl Pts',(-4.23979812412457,211.195364605514,1.24037070250214E-14));
#6189=CARTESIAN_POINT('Ctrl Pts',(-4.23979812412457,211.195364605514,-0.999999999999988));
#6190=CARTESIAN_POINT('Ctrl Pts',(-4.21575899860312,211.513236117325,1.24389978521498E-14));
#6191=CARTESIAN_POINT('Ctrl Pts',(-4.21575899860312,211.513236117325,-0.999999999999988));
#6192=CARTESIAN_POINT('Ctrl Pts',(-4.20333615918413,211.831312774111,1.24743114549458E-14));
#6193=CARTESIAN_POINT('Ctrl Pts',(-4.20333615918413,211.831312774111,-0.999999999999988));
#6194=CARTESIAN_POINT('Ctrl Pts',(-4.19707233579962,212.139195507752,1.25084933049231E-14));
#6195=CARTESIAN_POINT('Ctrl Pts',(-4.19707233579962,212.139195507752,-0.999999999999988));
#6196=CARTESIAN_POINT('Ctrl Pts',(-4.19239353787224,212.429211168218,1.25406915112982E-14));
#6197=CARTESIAN_POINT('Ctrl Pts',(-4.19239353787224,212.429211168218,-0.999999999999988));
#6198=CARTESIAN_POINT('Ctrl Pts',(-4.18762814980188,212.699309464682,1.25706784460628E-14));
#6199=CARTESIAN_POINT('Ctrl Pts',(-4.18762814980188,212.699309464682,-0.999999999999987));
#6200=CARTESIAN_POINT('Ctrl Pts',(-4.18572601332223,212.955487765431,1.25991199508529E-14));
#6201=CARTESIAN_POINT('Ctrl Pts',(-4.18572601332223,212.955487765431,-0.999999999999987));
#6202=CARTESIAN_POINT('Ctrl Pts',(-4.19209463165182,213.2082700177,1.26271844185216E-14));
#6203=CARTESIAN_POINT('Ctrl Pts',(-4.19209463165182,213.2082700177,-0.999999999999987));
#6204=CARTESIAN_POINT('Ctrl Pts',(-4.21268585297248,213.469567095977,1.26561942217786E-14));
#6205=CARTESIAN_POINT('Ctrl Pts',(-4.21268585297248,213.469567095977,-0.999999999999987));
#6206=CARTESIAN_POINT('Ctrl Pts',(-4.25207668466845,213.749533209705,1.26872767043361E-14));
#6207=CARTESIAN_POINT('Ctrl Pts',(-4.25207668466845,213.749533209705,-0.999999999999987));
#6208=CARTESIAN_POINT('Ctrl Pts',(-4.31134484892374,214.053100410697,1.27209794339424E-14));
#6209=CARTESIAN_POINT('Ctrl Pts',(-4.31134484892374,214.053100410697,-0.999999999999987));
#6210=CARTESIAN_POINT('Ctrl Pts',(-4.38665416480906,214.377623222394,1.27570087036986E-14));
#6211=CARTESIAN_POINT('Ctrl Pts',(-4.38665416480906,214.377623222394,-0.999999999999987));
#6212=CARTESIAN_POINT('Ctrl Pts',(-4.47097132348459,214.715410128844,1.27945105837943E-14));
#6213=CARTESIAN_POINT('Ctrl Pts',(-4.47097132348459,214.715410128844,-0.999999999999987));
#6214=CARTESIAN_POINT('Ctrl Pts',(-4.55529767550143,215.055502020549,1.28322683686602E-14));
#6215=CARTESIAN_POINT('Ctrl Pts',(-4.55529767550143,215.055502020549,-0.999999999999987));
#6216=CARTESIAN_POINT('Ctrl Pts',(-4.63013592995186,215.385807742122,1.28689396703859E-14));
#6217=CARTESIAN_POINT('Ctrl Pts',(-4.63013592995186,215.385807742122,-0.999999999999987));
#6218=CARTESIAN_POINT('Ctrl Pts',(-4.68674007049141,215.694922484487,1.29032583008083E-14));
#6219=CARTESIAN_POINT('Ctrl Pts',(-4.68674007049141,215.694922484487,-0.999999999999987));
#6220=CARTESIAN_POINT('Ctrl Pts',(-4.71874317567482,215.974482107085,1.29342956537847E-14));
#6221=CARTESIAN_POINT('Ctrl Pts',(-4.71874317567482,215.974482107085,-0.999999999999987));
#6222=CARTESIAN_POINT('Ctrl Pts',(-4.72248384395033,216.21968472441,1.296151861293E-14));
#6223=CARTESIAN_POINT('Ctrl Pts',(-4.72248384395033,216.21968472441,-0.999999999999987));
#6224=CARTESIAN_POINT('Ctrl Pts',(-4.70139280589004,216.386423061462,1.29800302870183E-14));
#6225=CARTESIAN_POINT('Ctrl Pts',(-4.70139280589004,216.386423061462,-0.999999999999987));
#6226=CARTESIAN_POINT('Ctrl Pts',(-4.67177134014862,216.49458854118,1.29920390676235E-14));
#6227=CARTESIAN_POINT('Ctrl Pts',(-4.67177134014862,216.49458854118,-0.999999999999987));
#6228=CARTESIAN_POINT('Ctrl Pts',(-4.6458908298064,216.559195104442,1.29992118370311E-14));
#6229=CARTESIAN_POINT('Ctrl Pts',(-4.6458908298064,216.559195104442,-0.999999999999987));
#6230=CARTESIAN_POINT('Ctrl Pts',(-4.63141740939273,216.58962251914,1.30025899586688E-14));
#6231=CARTESIAN_POINT('Ctrl Pts',(-4.63141740939273,216.58962251914,-0.999999999999987));
#6232=CARTESIAN_POINT('',(3.30769802172139,207.91793508611,1.20398392536185E-14));
#6233=CARTESIAN_POINT('Ctrl Pts',(3.30769802172139,207.91793508611,1.20398392536185E-14));
#6234=CARTESIAN_POINT('Ctrl Pts',(3.26501669556116,207.99811666899,1.20487411975649E-14));
#6235=CARTESIAN_POINT('Ctrl Pts',(3.18243923418968,208.149765297899,1.20655775775118E-14));
#6236=CARTESIAN_POINT('Ctrl Pts',(3.0669288199893,208.35109444553,1.20879296030346E-14));
#6237=CARTESIAN_POINT('Ctrl Pts',(2.92963227239709,208.567223672598,1.2111924767453E-14));
#6238=CARTESIAN_POINT('Ctrl Pts',(2.78543611499988,208.750885061647,1.21323152777387E-14));
#6239=CARTESIAN_POINT('Ctrl Pts',(2.66724174380816,208.850362428561,1.21433594840565E-14));
#6240=CARTESIAN_POINT('Ctrl Pts',(2.57220295862577,208.870417356659,1.21455860283496E-14));
#6241=CARTESIAN_POINT('Ctrl Pts',(2.49539005220183,208.819271924691,1.2139907744732E-14));
#6242=CARTESIAN_POINT('Ctrl Pts',(2.42979854567248,208.709013604016,1.21276666121051E-14));
#6243=CARTESIAN_POINT('Ctrl Pts',(2.36786349989564,208.554535405546,1.21105160868307E-14));
#6244=CARTESIAN_POINT('Ctrl Pts',(2.3027496161498,208.372797950497,1.20903391761275E-14));
#6245=CARTESIAN_POINT('Ctrl Pts',(2.2295342316939,208.181900295527,1.2069145278938E-14));
#6246=CARTESIAN_POINT('Ctrl Pts',(2.14302603432491,207.999145892894,1.20488554643726E-14));
#6247=CARTESIAN_POINT('Ctrl Pts',(2.03587412279277,207.839142510236,1.20310915204281E-14));
#6248=CARTESIAN_POINT('Ctrl Pts',(1.8964329726948,207.711903502122,1.20169651527842E-14));
#6249=CARTESIAN_POINT('Ctrl Pts',(1.70703559023089,207.620907795795,1.20068625999535E-14));
#6250=CARTESIAN_POINT('Ctrl Pts',(1.44933649158369,207.564378766725,1.20005866169902E-14));
#6251=CARTESIAN_POINT('Ctrl Pts',(1.11096064522221,207.536044373474,1.19974408674127E-14));
#6252=CARTESIAN_POINT('Ctrl Pts',(0.688918197303686,207.526996627847,1.1996436365861E-14));
#6253=CARTESIAN_POINT('Ctrl Pts',(0.200744273518293,207.524973666632,1.19962117720492E-14));
#6254=CARTESIAN_POINT('Ctrl Pts',(-0.32475280384424,207.520426181786,1.19957068998112E-14));
#6255=CARTESIAN_POINT('Ctrl Pts',(-0.865691364320079,207.511173941681,1.19946796948118E-14));
#6256=CARTESIAN_POINT('Ctrl Pts',(-1.40123235960617,207.49908438124,1.19933374839758E-14));
#6257=CARTESIAN_POINT('Ctrl Pts',(-1.91443643100612,207.489649867343,1.19922900425203E-14));
#6258=CARTESIAN_POINT('Ctrl Pts',(-2.39142264127362,207.490355131987,1.1992368342625E-14));
#6259=CARTESIAN_POINT('Ctrl Pts',(-2.82214888915186,207.509551820447,1.19944996031775E-14));
#6260=CARTESIAN_POINT('Ctrl Pts',(-3.20044193859669,207.555158018453,1.19995629082866E-14));
#6261=CARTESIAN_POINT('Ctrl Pts',(-3.52450199509872,207.633334038765,1.2008242190059E-14));
#6262=CARTESIAN_POINT('Ctrl Pts',(-3.7967657599441,207.747475553197,1.20209144437979E-14));
#6263=CARTESIAN_POINT('Ctrl Pts',(-4.02216629082874,207.89842950187,1.20376736987453E-14));
#6264=CARTESIAN_POINT('Ctrl Pts',(-4.20661252909827,208.08447549447,1.20583289532077E-14));
#6265=CARTESIAN_POINT('Ctrl Pts',(-4.35546826688035,208.301437495738,1.20824165741354E-14));
#6266=CARTESIAN_POINT('Ctrl Pts',(-4.4718398192257,208.542633525625,1.21091947127182E-14));
#6267=CARTESIAN_POINT('Ctrl Pts',(-4.55551572573347,208.799188905613,1.21376780817136E-14));
#6268=CARTESIAN_POINT('Ctrl Pts',(-4.6050094009034,209.061885968013,1.21668433144314E-14));
#6269=CARTESIAN_POINT('Ctrl Pts',(-4.61927793199307,209.322912621716,1.21958230945296E-14));
#6270=CARTESIAN_POINT('Ctrl Pts',(-4.59937337984815,209.577439923793,1.22240813016458E-14));
#6271=CARTESIAN_POINT('Ctrl Pts',(-4.55058868787774,209.825782294322,1.22516528434209E-14));
#6272=CARTESIAN_POINT('Ctrl Pts',(-4.48281763928461,210.073591114844,1.22791651492458E-14));
#6273=CARTESIAN_POINT('Ctrl Pts',(-4.40782557894283,210.328703146375,1.23074882743723E-14));
#6274=CARTESIAN_POINT('Ctrl Pts',(-4.33711292050737,210.598606472108,1.23374535630374E-14));
#6275=CARTESIAN_POINT('Ctrl Pts',(-4.27977709010192,210.887963388702,1.23695786341511E-14));
#6276=CARTESIAN_POINT('Ctrl Pts',(-4.23979812412457,211.195364605514,1.24037070250214E-14));
#6277=CARTESIAN_POINT('Ctrl Pts',(-4.21575899860312,211.513236117325,1.24389978521498E-14));
#6278=CARTESIAN_POINT('Ctrl Pts',(-4.20333615918413,211.831312774111,1.24743114549458E-14));
#6279=CARTESIAN_POINT('Ctrl Pts',(-4.19707233579962,212.139195507752,1.25084933049231E-14));
#6280=CARTESIAN_POINT('Ctrl Pts',(-4.19239353787224,212.429211168218,1.25406915112982E-14));
#6281=CARTESIAN_POINT('Ctrl Pts',(-4.18762814980188,212.699309464682,1.25706784460628E-14));
#6282=CARTESIAN_POINT('Ctrl Pts',(-4.18572601332223,212.955487765431,1.25991199508529E-14));
#6283=CARTESIAN_POINT('Ctrl Pts',(-4.19209463165182,213.2082700177,1.26271844185216E-14));
#6284=CARTESIAN_POINT('Ctrl Pts',(-4.21268585297248,213.469567095977,1.26561942217786E-14));
#6285=CARTESIAN_POINT('Ctrl Pts',(-4.25207668466845,213.749533209705,1.26872767043361E-14));
#6286=CARTESIAN_POINT('Ctrl Pts',(-4.31134484892374,214.053100410697,1.27209794339424E-14));
#6287=CARTESIAN_POINT('Ctrl Pts',(-4.38665416480906,214.377623222394,1.27570087036986E-14));
#6288=CARTESIAN_POINT('Ctrl Pts',(-4.47097132348459,214.715410128844,1.27945105837943E-14));
#6289=CARTESIAN_POINT('Ctrl Pts',(-4.55529767550143,215.055502020549,1.28322683686602E-14));
#6290=CARTESIAN_POINT('Ctrl Pts',(-4.63013592995186,215.385807742122,1.28689396703859E-14));
#6291=CARTESIAN_POINT('Ctrl Pts',(-4.68674007049141,215.694922484487,1.29032583008083E-14));
#6292=CARTESIAN_POINT('Ctrl Pts',(-4.71874317567482,215.974482107085,1.29342956537847E-14));
#6293=CARTESIAN_POINT('Ctrl Pts',(-4.72248384395033,216.21968472441,1.296151861293E-14));
#6294=CARTESIAN_POINT('Ctrl Pts',(-4.70139280589004,216.386423061462,1.29800302870183E-14));
#6295=CARTESIAN_POINT('Ctrl Pts',(-4.67177134014862,216.49458854118,1.29920390676235E-14));
#6296=CARTESIAN_POINT('Ctrl Pts',(-4.6458908298064,216.559195104442,1.29992118370311E-14));
#6297=CARTESIAN_POINT('Ctrl Pts',(-4.63141740939273,216.58962251914,1.30025899586688E-14));
#6298=CARTESIAN_POINT('',(3.30769802172139,207.91793508611,-0.999999999999988));
#6299=CARTESIAN_POINT('',(3.30769802172139,207.91793508611,1.20398392536185E-14));
#6300=CARTESIAN_POINT('Ctrl Pts',(3.30769802172139,207.91793508611,-0.999999999999988));
#6301=CARTESIAN_POINT('Ctrl Pts',(3.26501669556116,207.99811666899,-0.999999999999988));
#6302=CARTESIAN_POINT('Ctrl Pts',(3.18243923418968,208.149765297899,-0.999999999999988));
#6303=CARTESIAN_POINT('Ctrl Pts',(3.0669288199893,208.35109444553,-0.999999999999988));
#6304=CARTESIAN_POINT('Ctrl Pts',(2.92963227239709,208.567223672598,-0.999999999999988));
#6305=CARTESIAN_POINT('Ctrl Pts',(2.78543611499988,208.750885061647,-0.999999999999988));
#6306=CARTESIAN_POINT('Ctrl Pts',(2.66724174380816,208.850362428561,-0.999999999999988));
#6307=CARTESIAN_POINT('Ctrl Pts',(2.57220295862577,208.870417356659,-0.999999999999988));
#6308=CARTESIAN_POINT('Ctrl Pts',(2.49539005220183,208.819271924691,-0.999999999999988));
#6309=CARTESIAN_POINT('Ctrl Pts',(2.42979854567248,208.709013604016,-0.999999999999988));
#6310=CARTESIAN_POINT('Ctrl Pts',(2.36786349989564,208.554535405546,-0.999999999999988));
#6311=CARTESIAN_POINT('Ctrl Pts',(2.3027496161498,208.372797950497,-0.999999999999988));
#6312=CARTESIAN_POINT('Ctrl Pts',(2.2295342316939,208.181900295527,-0.999999999999988));
#6313=CARTESIAN_POINT('Ctrl Pts',(2.14302603432491,207.999145892894,-0.999999999999988));
#6314=CARTESIAN_POINT('Ctrl Pts',(2.03587412279277,207.839142510236,-0.999999999999988));
#6315=CARTESIAN_POINT('Ctrl Pts',(1.8964329726948,207.711903502122,-0.999999999999988));
#6316=CARTESIAN_POINT('Ctrl Pts',(1.70703559023089,207.620907795795,-0.999999999999988));
#6317=CARTESIAN_POINT('Ctrl Pts',(1.44933649158369,207.564378766725,-0.999999999999988));
#6318=CARTESIAN_POINT('Ctrl Pts',(1.11096064522221,207.536044373474,-0.999999999999988));
#6319=CARTESIAN_POINT('Ctrl Pts',(0.688918197303686,207.526996627847,-0.999999999999988));
#6320=CARTESIAN_POINT('Ctrl Pts',(0.200744273518293,207.524973666632,-0.999999999999988));
#6321=CARTESIAN_POINT('Ctrl Pts',(-0.32475280384424,207.520426181786,-0.999999999999988));
#6322=CARTESIAN_POINT('Ctrl Pts',(-0.865691364320079,207.511173941681,-0.999999999999988));
#6323=CARTESIAN_POINT('Ctrl Pts',(-1.40123235960617,207.49908438124,-0.999999999999988));
#6324=CARTESIAN_POINT('Ctrl Pts',(-1.91443643100612,207.489649867343,-0.999999999999988));
#6325=CARTESIAN_POINT('Ctrl Pts',(-2.39142264127362,207.490355131987,-0.999999999999988));
#6326=CARTESIAN_POINT('Ctrl Pts',(-2.82214888915186,207.509551820447,-0.999999999999988));
#6327=CARTESIAN_POINT('Ctrl Pts',(-3.20044193859669,207.555158018453,-0.999999999999988));
#6328=CARTESIAN_POINT('Ctrl Pts',(-3.52450199509872,207.633334038765,-0.999999999999988));
#6329=CARTESIAN_POINT('Ctrl Pts',(-3.7967657599441,207.747475553197,-0.999999999999988));
#6330=CARTESIAN_POINT('Ctrl Pts',(-4.02216629082874,207.89842950187,-0.999999999999988));
#6331=CARTESIAN_POINT('Ctrl Pts',(-4.20661252909827,208.08447549447,-0.999999999999988));
#6332=CARTESIAN_POINT('Ctrl Pts',(-4.35546826688035,208.301437495738,-0.999999999999988));
#6333=CARTESIAN_POINT('Ctrl Pts',(-4.4718398192257,208.542633525625,-0.999999999999988));
#6334=CARTESIAN_POINT('Ctrl Pts',(-4.55551572573347,208.799188905613,-0.999999999999988));
#6335=CARTESIAN_POINT('Ctrl Pts',(-4.6050094009034,209.061885968013,-0.999999999999988));
#6336=CARTESIAN_POINT('Ctrl Pts',(-4.61927793199307,209.322912621716,-0.999999999999988));
#6337=CARTESIAN_POINT('Ctrl Pts',(-4.59937337984815,209.577439923793,-0.999999999999988));
#6338=CARTESIAN_POINT('Ctrl Pts',(-4.55058868787774,209.825782294322,-0.999999999999988));
#6339=CARTESIAN_POINT('Ctrl Pts',(-4.48281763928461,210.073591114844,-0.999999999999988));
#6340=CARTESIAN_POINT('Ctrl Pts',(-4.40782557894283,210.328703146375,-0.999999999999988));
#6341=CARTESIAN_POINT('Ctrl Pts',(-4.33711292050737,210.598606472108,-0.999999999999988));
#6342=CARTESIAN_POINT('Ctrl Pts',(-4.27977709010192,210.887963388702,-0.999999999999988));
#6343=CARTESIAN_POINT('Ctrl Pts',(-4.23979812412457,211.195364605514,-0.999999999999988));
#6344=CARTESIAN_POINT('Ctrl Pts',(-4.21575899860312,211.513236117325,-0.999999999999988));
#6345=CARTESIAN_POINT('Ctrl Pts',(-4.20333615918413,211.831312774111,-0.999999999999988));
#6346=CARTESIAN_POINT('Ctrl Pts',(-4.19707233579962,212.139195507752,-0.999999999999988));
#6347=CARTESIAN_POINT('Ctrl Pts',(-4.19239353787224,212.429211168218,-0.999999999999988));
#6348=CARTESIAN_POINT('Ctrl Pts',(-4.18762814980188,212.699309464682,-0.999999999999987));
#6349=CARTESIAN_POINT('Ctrl Pts',(-4.18572601332223,212.955487765431,-0.999999999999987));
#6350=CARTESIAN_POINT('Ctrl Pts',(-4.19209463165182,213.2082700177,-0.999999999999987));
#6351=CARTESIAN_POINT('Ctrl Pts',(-4.21268585297248,213.469567095977,-0.999999999999987));
#6352=CARTESIAN_POINT('Ctrl Pts',(-4.25207668466845,213.749533209705,-0.999999999999987));
#6353=CARTESIAN_POINT('Ctrl Pts',(-4.31134484892374,214.053100410697,-0.999999999999987));
#6354=CARTESIAN_POINT('Ctrl Pts',(-4.38665416480906,214.377623222394,-0.999999999999987));
#6355=CARTESIAN_POINT('Ctrl Pts',(-4.47097132348459,214.715410128844,-0.999999999999987));
#6356=CARTESIAN_POINT('Ctrl Pts',(-4.55529767550143,215.055502020549,-0.999999999999987));
#6357=CARTESIAN_POINT('Ctrl Pts',(-4.63013592995186,215.385807742122,-0.999999999999987));
#6358=CARTESIAN_POINT('Ctrl Pts',(-4.68674007049141,215.694922484487,-0.999999999999987));
#6359=CARTESIAN_POINT('Ctrl Pts',(-4.71874317567482,215.974482107085,-0.999999999999987));
#6360=CARTESIAN_POINT('Ctrl Pts',(-4.72248384395033,216.21968472441,-0.999999999999987));
#6361=CARTESIAN_POINT('Ctrl Pts',(-4.70139280589004,216.386423061462,-0.999999999999987));
#6362=CARTESIAN_POINT('Ctrl Pts',(-4.67177134014862,216.49458854118,-0.999999999999987));
#6363=CARTESIAN_POINT('Ctrl Pts',(-4.6458908298064,216.559195104442,-0.999999999999987));
#6364=CARTESIAN_POINT('Ctrl Pts',(-4.63141740939273,216.58962251914,-0.999999999999987));
#6365=CARTESIAN_POINT('Ctrl Pts',(9.56453536823325,210.958053800098,1.23773602330048E-14));
#6366=CARTESIAN_POINT('Ctrl Pts',(9.56453536823325,210.958053800098,-0.999999999999988));
#6367=CARTESIAN_POINT('Ctrl Pts',(9.55065522544901,210.863315859313,1.23668422086883E-14));
#6368=CARTESIAN_POINT('Ctrl Pts',(9.55065522544901,210.863315859313,-0.999999999999988));
#6369=CARTESIAN_POINT('Ctrl Pts',(9.51667272744059,210.668035804693,1.23451617673994E-14));
#6370=CARTESIAN_POINT('Ctrl Pts',(9.51667272744059,210.668035804693,-0.999999999999988));
#6371=CARTESIAN_POINT('Ctrl Pts',(9.44634829857618,210.365252323538,1.2311546048174E-14));
#6372=CARTESIAN_POINT('Ctrl Pts',(9.44634829857618,210.365252323538,-0.999999999999988));
#6373=CARTESIAN_POINT('Ctrl Pts',(9.30959879570486,209.950779946746,1.22655303705954E-14));
#6374=CARTESIAN_POINT('Ctrl Pts',(9.30959879570486,209.950779946746,-0.999999999999988));
#6375=CARTESIAN_POINT('Ctrl Pts',(9.06325388987481,209.433631647027,1.22081153756461E-14));
#6376=CARTESIAN_POINT('Ctrl Pts',(9.06325388987481,209.433631647027,-0.999999999999988));
#6377=CARTESIAN_POINT('Ctrl Pts',(8.74264189049114,208.932758758158,1.21525073142827E-14));
#6378=CARTESIAN_POINT('Ctrl Pts',(8.74264189049114,208.932758758158,-0.999999999999988));
#6379=CARTESIAN_POINT('Ctrl Pts',(8.35680975200108,208.466647482746,1.21007585672828E-14));
#6380=CARTESIAN_POINT('Ctrl Pts',(8.35680975200108,208.466647482746,-0.999999999999988));
#6381=CARTESIAN_POINT('Ctrl Pts',(7.91697893094864,208.049641056326,1.205446155368E-14));
#6382=CARTESIAN_POINT('Ctrl Pts',(7.91697893094864,208.049641056326,-0.999999999999988));
#6383=CARTESIAN_POINT('Ctrl Pts',(7.43621543161742,207.694342919829,1.20150155365055E-14));
#6384=CARTESIAN_POINT('Ctrl Pts',(7.43621543161742,207.694342919829,-0.999999999999988));
#6385=CARTESIAN_POINT('Ctrl Pts',(6.92791288359333,207.411372909697,1.19835995544527E-14));
#6386=CARTESIAN_POINT('Ctrl Pts',(6.92791288359333,207.411372909697,-0.999999999999988));
#6387=CARTESIAN_POINT('Ctrl Pts',(6.40438694837262,207.209173890925,1.1961150953833E-14));
#6388=CARTESIAN_POINT('Ctrl Pts',(6.40438694837262,207.209173890925,-0.999999999999988));
#6389=CARTESIAN_POINT('Ctrl Pts',(5.87514020130681,207.09365082268,1.19483253168089E-14));
#6390=CARTESIAN_POINT('Ctrl Pts',(5.87514020130681,207.09365082268,-0.999999999999988));
#6391=CARTESIAN_POINT('Ctrl Pts',(5.34677712226835,207.068458930897,1.19455284549798E-14));
#6392=CARTESIAN_POINT('Ctrl Pts',(5.34677712226835,207.068458930897,-0.999999999999988));
#6393=CARTESIAN_POINT('Ctrl Pts',(4.82367237052697,207.135573414341,1.19529796594603E-14));
#6394=CARTESIAN_POINT('Ctrl Pts',(4.82367237052697,207.135573414341,-0.999999999999988));
#6395=CARTESIAN_POINT('Ctrl Pts',(4.30838237982413,207.295738648761,1.19707615725601E-14));
#6396=CARTESIAN_POINT('Ctrl Pts',(4.30838237982413,207.295738648761,-0.999999999999988));
#6397=CARTESIAN_POINT('Ctrl Pts',(3.90339502252768,207.498297385085,1.19932501098507E-14));
#6398=CARTESIAN_POINT('Ctrl Pts',(3.90339502252768,207.498297385085,-0.999999999999988));
#6399=CARTESIAN_POINT('Ctrl Pts',(3.60389883342673,207.691925389176,1.20147471366861E-14));
#6400=CARTESIAN_POINT('Ctrl Pts',(3.60389883342673,207.691925389176,-0.999999999999988));
#6401=CARTESIAN_POINT('Ctrl Pts',(3.40611778412931,207.839514550329,1.20311328251758E-14));
#6402=CARTESIAN_POINT('Ctrl Pts',(3.40611778412931,207.839514550329,-0.999999999999988));
#6403=CARTESIAN_POINT('Ctrl Pts',(3.30769802172139,207.91793508611,1.20398392536185E-14));
#6404=CARTESIAN_POINT('Ctrl Pts',(3.30769802172139,207.91793508611,-0.999999999999988));
#6405=CARTESIAN_POINT('',(9.56453536824699,210.958053800096,1.23773602330046E-14));
#6406=CARTESIAN_POINT('Ctrl Pts',(9.56453536823325,210.958053800098,1.23773602330048E-14));
#6407=CARTESIAN_POINT('Ctrl Pts',(9.55065522544901,210.863315859313,1.23668422086883E-14));
#6408=CARTESIAN_POINT('Ctrl Pts',(9.51667272744059,210.668035804693,1.23451617673994E-14));
#6409=CARTESIAN_POINT('Ctrl Pts',(9.44634829857618,210.365252323538,1.2311546048174E-14));
#6410=CARTESIAN_POINT('Ctrl Pts',(9.30959879570486,209.950779946746,1.22655303705954E-14));
#6411=CARTESIAN_POINT('Ctrl Pts',(9.06325388987481,209.433631647027,1.22081153756461E-14));
#6412=CARTESIAN_POINT('Ctrl Pts',(8.74264189049114,208.932758758158,1.21525073142827E-14));
#6413=CARTESIAN_POINT('Ctrl Pts',(8.35680975200108,208.466647482746,1.21007585672828E-14));
#6414=CARTESIAN_POINT('Ctrl Pts',(7.91697893094864,208.049641056326,1.205446155368E-14));
#6415=CARTESIAN_POINT('Ctrl Pts',(7.43621543161742,207.694342919829,1.20150155365055E-14));
#6416=CARTESIAN_POINT('Ctrl Pts',(6.92791288359333,207.411372909697,1.19835995544527E-14));
#6417=CARTESIAN_POINT('Ctrl Pts',(6.40438694837262,207.209173890925,1.1961150953833E-14));
#6418=CARTESIAN_POINT('Ctrl Pts',(5.87514020130681,207.09365082268,1.19483253168089E-14));
#6419=CARTESIAN_POINT('Ctrl Pts',(5.34677712226835,207.068458930897,1.19455284549798E-14));
#6420=CARTESIAN_POINT('Ctrl Pts',(4.82367237052697,207.135573414341,1.19529796594603E-14));
#6421=CARTESIAN_POINT('Ctrl Pts',(4.30838237982413,207.295738648761,1.19707615725601E-14));
#6422=CARTESIAN_POINT('Ctrl Pts',(3.90339502252768,207.498297385085,1.19932501098507E-14));
#6423=CARTESIAN_POINT('Ctrl Pts',(3.60389883342673,207.691925389176,1.20147471366861E-14));
#6424=CARTESIAN_POINT('Ctrl Pts',(3.40611778412931,207.839514550329,1.20311328251758E-14));
#6425=CARTESIAN_POINT('Ctrl Pts',(3.30769802172139,207.91793508611,1.20398392536185E-14));
#6426=CARTESIAN_POINT('',(9.56453536824699,210.958053800096,-0.999999999999988));
#6427=CARTESIAN_POINT('',(9.56453536824699,210.958053800096,1.23773602330046E-14));
#6428=CARTESIAN_POINT('Ctrl Pts',(9.56453536823325,210.958053800098,-0.999999999999988));
#6429=CARTESIAN_POINT('Ctrl Pts',(9.55065522544901,210.863315859313,-0.999999999999988));
#6430=CARTESIAN_POINT('Ctrl Pts',(9.51667272744059,210.668035804693,-0.999999999999988));
#6431=CARTESIAN_POINT('Ctrl Pts',(9.44634829857618,210.365252323538,-0.999999999999988));
#6432=CARTESIAN_POINT('Ctrl Pts',(9.30959879570486,209.950779946746,-0.999999999999988));
#6433=CARTESIAN_POINT('Ctrl Pts',(9.06325388987481,209.433631647027,-0.999999999999988));
#6434=CARTESIAN_POINT('Ctrl Pts',(8.74264189049114,208.932758758158,-0.999999999999988));
#6435=CARTESIAN_POINT('Ctrl Pts',(8.35680975200108,208.466647482746,-0.999999999999988));
#6436=CARTESIAN_POINT('Ctrl Pts',(7.91697893094864,208.049641056326,-0.999999999999988));
#6437=CARTESIAN_POINT('Ctrl Pts',(7.43621543161742,207.694342919829,-0.999999999999988));
#6438=CARTESIAN_POINT('Ctrl Pts',(6.92791288359333,207.411372909697,-0.999999999999988));
#6439=CARTESIAN_POINT('Ctrl Pts',(6.40438694837262,207.209173890925,-0.999999999999988));
#6440=CARTESIAN_POINT('Ctrl Pts',(5.87514020130681,207.09365082268,-0.999999999999988));
#6441=CARTESIAN_POINT('Ctrl Pts',(5.34677712226835,207.068458930897,-0.999999999999988));
#6442=CARTESIAN_POINT('Ctrl Pts',(4.82367237052697,207.135573414341,-0.999999999999988));
#6443=CARTESIAN_POINT('Ctrl Pts',(4.30838237982413,207.295738648761,-0.999999999999988));
#6444=CARTESIAN_POINT('Ctrl Pts',(3.90339502252768,207.498297385085,-0.999999999999988));
#6445=CARTESIAN_POINT('Ctrl Pts',(3.60389883342673,207.691925389176,-0.999999999999988));
#6446=CARTESIAN_POINT('Ctrl Pts',(3.40611778412931,207.839514550329,-0.999999999999988));
#6447=CARTESIAN_POINT('Ctrl Pts',(3.30769802172139,207.91793508611,-0.999999999999988));
#6448=CARTESIAN_POINT('Ctrl Pts',(17.7254341885253,214.970810897013,1.28228657651271E-14));
#6449=CARTESIAN_POINT('Ctrl Pts',(17.7254341885253,214.970810897013,-0.999999999999987));
#6450=CARTESIAN_POINT('Ctrl Pts',(17.7237943565064,214.919635593074,1.28171841650546E-14));
#6451=CARTESIAN_POINT('Ctrl Pts',(17.7237943565064,214.919635593074,-0.999999999999987));
#6452=CARTESIAN_POINT('Ctrl Pts',(17.720944065293,214.818724067728,1.28059807351657E-14));
#6453=CARTESIAN_POINT('Ctrl Pts',(17.720944065293,214.818724067728,-0.999999999999987));
#6454=CARTESIAN_POINT('Ctrl Pts',(17.7179568057729,214.67167435379,1.27896549373479E-14));
#6455=CARTESIAN_POINT('Ctrl Pts',(17.7179568057729,214.67167435379,-0.999999999999987));
#6456=CARTESIAN_POINT('Ctrl Pts',(17.7165513173157,214.484246017601,1.27688462119175E-14));
#6457=CARTESIAN_POINT('Ctrl Pts',(17.7165513173157,214.484246017601,-0.999999999999987));
#6458=CARTESIAN_POINT('Ctrl Pts',(17.7188327543191,214.263171798834,1.27443020431349E-14));
#6459=CARTESIAN_POINT('Ctrl Pts',(17.7188327543191,214.263171798834,-0.999999999999987));
#6460=CARTESIAN_POINT('Ctrl Pts',(17.7243528513518,214.051640892837,1.27208173949091E-14));
#6461=CARTESIAN_POINT('Ctrl Pts',(17.7243528513518,214.051640892837,-0.999999999999987));
#6462=CARTESIAN_POINT('Ctrl Pts',(17.7315150824769,213.842362395948,1.26975828143285E-14));
#6463=CARTESIAN_POINT('Ctrl Pts',(17.7315150824769,213.842362395948,-0.999999999999987));
#6464=CARTESIAN_POINT('Ctrl Pts',(17.7375994079777,213.622883290444,1.26732157386931E-14));
#6465=CARTESIAN_POINT('Ctrl Pts',(17.7375994079777,213.622883290444,-0.999999999999987));
#6466=CARTESIAN_POINT('Ctrl Pts',(17.7392916851138,213.378951698727,1.26461338917373E-14));
#6467=CARTESIAN_POINT('Ctrl Pts',(17.7392916851138,213.378951698727,-0.999999999999987));
#6468=CARTESIAN_POINT('Ctrl Pts',(17.7333419863865,213.098693748836,1.2615019008857E-14));
#6469=CARTESIAN_POINT('Ctrl Pts',(17.7333419863865,213.098693748836,-0.999999999999987));
#6470=CARTESIAN_POINT('Ctrl Pts',(17.717113836551,212.77600703685,1.25791935871183E-14));
#6471=CARTESIAN_POINT('Ctrl Pts',(17.717113836551,212.77600703685,-0.999999999999987));
#6472=CARTESIAN_POINT('Ctrl Pts',(17.6893335835925,212.415504933887,1.25391698136047E-14));
#6473=CARTESIAN_POINT('Ctrl Pts',(17.6893335835925,212.415504933887,-0.999999999999988));
#6474=CARTESIAN_POINT('Ctrl Pts',(17.6500614513671,212.031329492837,1.24965177715898E-14));
#6475=CARTESIAN_POINT('Ctrl Pts',(17.6500614513671,212.031329492837,-0.999999999999988));
#6476=CARTESIAN_POINT('Ctrl Pts',(17.6001598468256,211.642004964365,1.24532940660337E-14));
#6477=CARTESIAN_POINT('Ctrl Pts',(17.6001598468256,211.642004964365,-0.999999999999988));
#6478=CARTESIAN_POINT('Ctrl Pts',(17.5409116595869,211.266438652352,1.24115978293467E-14));
#6479=CARTESIAN_POINT('Ctrl Pts',(17.5409116595869,211.266438652352,-0.999999999999988));
#6480=CARTESIAN_POINT('Ctrl Pts',(17.4735839591413,210.919559344207,1.23730864898798E-14));
#6481=CARTESIAN_POINT('Ctrl Pts',(17.4735839591413,210.919559344207,-0.999999999999988));
#6482=CARTESIAN_POINT('Ctrl Pts',(17.3990026309071,210.607852115021,1.23384800356014E-14));
#6483=CARTESIAN_POINT('Ctrl Pts',(17.3990026309071,210.607852115021,-0.999999999999988));
#6484=CARTESIAN_POINT('Ctrl Pts',(17.3171592942111,210.325633460897,1.23071474708226E-14));
#6485=CARTESIAN_POINT('Ctrl Pts',(17.3171592942111,210.325633460897,-0.999999999999988));
#6486=CARTESIAN_POINT('Ctrl Pts',(17.2273148292707,210.060247697862,1.22776837323697E-14));
#6487=CARTESIAN_POINT('Ctrl Pts',(17.2273148292707,210.060247697862,-0.999999999999988));
#6488=CARTESIAN_POINT('Ctrl Pts',(17.1280619491341,209.796747574236,1.22484293419456E-14));
#6489=CARTESIAN_POINT('Ctrl Pts',(17.1280619491341,209.796747574236,-0.999999999999988));
#6490=CARTESIAN_POINT('Ctrl Pts',(17.0174049228047,209.522428435731,1.22179737995793E-14));
#6491=CARTESIAN_POINT('Ctrl Pts',(17.0174049228047,209.522428435731,-0.999999999999988));
#6492=CARTESIAN_POINT('Ctrl Pts',(16.8928232161709,209.232214404681,1.21857535696452E-14));
#6493=CARTESIAN_POINT('Ctrl Pts',(16.8928232161709,209.232214404681,-0.999999999999988));
#6494=CARTESIAN_POINT('Ctrl Pts',(16.7513653757972,208.931120432504,1.21523254235965E-14));
#6495=CARTESIAN_POINT('Ctrl Pts',(16.7513653757972,208.931120432504,-0.999999999999988));
#6496=CARTESIAN_POINT('Ctrl Pts',(16.5898125834019,208.629954057897,1.21188892392633E-14));
#6497=CARTESIAN_POINT('Ctrl Pts',(16.5898125834019,208.629954057897,-0.999999999999988));
#6498=CARTESIAN_POINT('Ctrl Pts',(16.4048211509248,208.342329470725,1.20869564953507E-14));
#6499=CARTESIAN_POINT('Ctrl Pts',(16.4048211509248,208.342329470725,-0.999999999999988));
#6500=CARTESIAN_POINT('Ctrl Pts',(16.1930883487147,208.081306097539,1.2057977079463E-14));
#6501=CARTESIAN_POINT('Ctrl Pts',(16.1930883487147,208.081306097539,-0.999999999999988));
#6502=CARTESIAN_POINT('Ctrl Pts',(15.9514737279197,207.855864298656,1.20329480118797E-14));
#6503=CARTESIAN_POINT('Ctrl Pts',(15.9514737279197,207.855864298656,-0.999999999999988));
#6504=CARTESIAN_POINT('Ctrl Pts',(15.6772484454579,207.668432220039,1.20121388709563E-14));
#6505=CARTESIAN_POINT('Ctrl Pts',(15.6772484454579,207.668432220039,-0.999999999999988));
#6506=CARTESIAN_POINT('Ctrl Pts',(15.3688684098638,207.51715608569,1.19953438462133E-14));
#6507=CARTESIAN_POINT('Ctrl Pts',(15.3688684098638,207.51715608569,-0.999999999999988));
#6508=CARTESIAN_POINT('Ctrl Pts',(15.0266644582954,207.397438320558,1.19820525042826E-14));
#6509=CARTESIAN_POINT('Ctrl Pts',(15.0266644582954,207.397438320558,-0.999999999999988));
#6510=CARTESIAN_POINT('Ctrl Pts',(14.6535884947787,207.303767047879,1.19716529039153E-14));
#6511=CARTESIAN_POINT('Ctrl Pts',(14.6535884947787,207.303767047879,-0.999999999999988));
#6512=CARTESIAN_POINT('Ctrl Pts',(14.2559015549464,207.231383296682,1.19636166931965E-14));
#6513=CARTESIAN_POINT('Ctrl Pts',(14.2559015549464,207.231383296682,-0.999999999999988));
#6514=CARTESIAN_POINT('Ctrl Pts',(13.8440093456849,207.17810766355,1.19577019097411E-14));
#6515=CARTESIAN_POINT('Ctrl Pts',(13.8440093456849,207.17810766355,-0.999999999999988));
#6516=CARTESIAN_POINT('Ctrl Pts',(13.4306746735294,207.143996282974,1.19539147857293E-14));
#6517=CARTESIAN_POINT('Ctrl Pts',(13.4306746735294,207.143996282974,-0.999999999999988));
#6518=CARTESIAN_POINT('Ctrl Pts',(13.029106764631,207.13088350038,1.19524589744141E-14));
#6519=CARTESIAN_POINT('Ctrl Pts',(13.029106764631,207.13088350038,-0.999999999999988));
#6520=CARTESIAN_POINT('Ctrl Pts',(12.6510545611293,207.141974555095,1.19536903288452E-14));
#6521=CARTESIAN_POINT('Ctrl Pts',(12.6510545611293,207.141974555095,-0.999999999999988));
#6522=CARTESIAN_POINT('Ctrl Pts',(12.3049935534079,207.181409515062,1.19580684888983E-14));
#6523=CARTESIAN_POINT('Ctrl Pts',(12.3049935534079,207.181409515062,-0.999999999999988));
#6524=CARTESIAN_POINT('Ctrl Pts',(11.9940311224099,207.25386847513,1.19661130494791E-14));
#6525=CARTESIAN_POINT('Ctrl Pts',(11.9940311224099,207.25386847513,-0.999999999999988));
#6526=CARTESIAN_POINT('Ctrl Pts',(11.7146132567914,207.364082387892,1.19783492518373E-14));
#6527=CARTESIAN_POINT('Ctrl Pts',(11.7146132567914,207.364082387892,-0.999999999999988));
#6528=CARTESIAN_POINT('Ctrl Pts',(11.459364101376,207.5159297179,1.19952076920375E-14));
#6529=CARTESIAN_POINT('Ctrl Pts',(11.459364101376,207.5159297179,-0.999999999999988));
#6530=CARTESIAN_POINT('Ctrl Pts',(11.2194655857275,207.711540413479,1.2016924841847E-14));
#6531=CARTESIAN_POINT('Ctrl Pts',(11.2194655857275,207.711540413479,-0.999999999999988));
#6532=CARTESIAN_POINT('Ctrl Pts',(10.9870590256913,207.950478460574,1.20434522939815E-14));
#6533=CARTESIAN_POINT('Ctrl Pts',(10.9870590256913,207.950478460574,-0.999999999999988));
#6534=CARTESIAN_POINT('Ctrl Pts',(10.7579926897082,208.228678138728,1.20743386627944E-14));
#6535=CARTESIAN_POINT('Ctrl Pts',(10.7579926897082,208.228678138728,-0.999999999999988));
#6536=CARTESIAN_POINT('Ctrl Pts',(10.5332737034609,208.538143368784,1.21086962051674E-14));
#6537=CARTESIAN_POINT('Ctrl Pts',(10.5332737034609,208.538143368784,-0.999999999999988));
#6538=CARTESIAN_POINT('Ctrl Pts',(10.3172493229297,208.868537779748,1.21453773533933E-14));
#6539=CARTESIAN_POINT('Ctrl Pts',(10.3172493229297,208.868537779748,-0.999999999999988));
#6540=CARTESIAN_POINT('Ctrl Pts',(10.1164600500138,209.208375588508,1.21831069293857E-14));
#6541=CARTESIAN_POINT('Ctrl Pts',(10.1164600500138,209.208375588508,-0.999999999999988));
#6542=CARTESIAN_POINT('Ctrl Pts',(9.93818866308191,209.546413908725,1.22206367220166E-14));
#6543=CARTESIAN_POINT('Ctrl Pts',(9.93818866308191,209.546413908725,-0.999999999999988));
#6544=CARTESIAN_POINT('Ctrl Pts',(9.78924250712797,209.872848514603,1.22568782435647E-14));
#6545=CARTESIAN_POINT('Ctrl Pts',(9.78924250712797,209.872848514603,-0.999999999999988));
#6546=CARTESIAN_POINT('Ctrl Pts',(9.67437831926102,210.180876734634,1.2291076245776E-14));
#6547=CARTESIAN_POINT('Ctrl Pts',(9.67437831926102,210.180876734634,-0.999999999999988));
#6548=CARTESIAN_POINT('Ctrl Pts',(9.59630949215189,210.466545028212,1.23227917974696E-14));
#6549=CARTESIAN_POINT('Ctrl Pts',(9.59630949215189,210.466545028212,-0.999999999999988));
#6550=CARTESIAN_POINT('Ctrl Pts',(9.5643517425581,210.675616751868,1.23460034216096E-14));
#6551=CARTESIAN_POINT('Ctrl Pts',(9.5643517425581,210.675616751868,-0.999999999999988));
#6552=CARTESIAN_POINT('Ctrl Pts',(9.55770953287772,210.821197486116,1.23621661299201E-14));
#6553=CARTESIAN_POINT('Ctrl Pts',(9.55770953287772,210.821197486116,-0.999999999999988));
#6554=CARTESIAN_POINT('Ctrl Pts',(9.56097743755208,210.913265905305,1.23723877778024E-14));
#6555=CARTESIAN_POINT('Ctrl Pts',(9.56097743755208,210.913265905305,-0.999999999999988));
#6556=CARTESIAN_POINT('Ctrl Pts',(9.56453536824699,210.958053800096,1.23773602330046E-14));
#6557=CARTESIAN_POINT('Ctrl Pts',(9.56453536824699,210.958053800096,-0.999999999999988));
#6558=CARTESIAN_POINT('',(17.7254341885253,214.970810897013,1.28228657651271E-14));
#6559=CARTESIAN_POINT('Ctrl Pts',(17.7254341885253,214.970810897013,1.28228657651271E-14));
#6560=CARTESIAN_POINT('Ctrl Pts',(17.7237943565064,214.919635593074,1.28171841650546E-14));
#6561=CARTESIAN_POINT('Ctrl Pts',(17.720944065293,214.818724067728,1.28059807351657E-14));
#6562=CARTESIAN_POINT('Ctrl Pts',(17.7179568057729,214.67167435379,1.27896549373479E-14));
#6563=CARTESIAN_POINT('Ctrl Pts',(17.7165513173157,214.484246017601,1.27688462119175E-14));
#6564=CARTESIAN_POINT('Ctrl Pts',(17.7188327543191,214.263171798834,1.27443020431349E-14));
#6565=CARTESIAN_POINT('Ctrl Pts',(17.7243528513518,214.051640892837,1.27208173949091E-14));
#6566=CARTESIAN_POINT('Ctrl Pts',(17.7315150824769,213.842362395948,1.26975828143285E-14));
#6567=CARTESIAN_POINT('Ctrl Pts',(17.7375994079777,213.622883290444,1.26732157386931E-14));
#6568=CARTESIAN_POINT('Ctrl Pts',(17.7392916851138,213.378951698727,1.26461338917373E-14));
#6569=CARTESIAN_POINT('Ctrl Pts',(17.7333419863865,213.098693748836,1.2615019008857E-14));
#6570=CARTESIAN_POINT('Ctrl Pts',(17.717113836551,212.77600703685,1.25791935871183E-14));
#6571=CARTESIAN_POINT('Ctrl Pts',(17.6893335835925,212.415504933887,1.25391698136047E-14));
#6572=CARTESIAN_POINT('Ctrl Pts',(17.6500614513671,212.031329492837,1.24965177715898E-14));
#6573=CARTESIAN_POINT('Ctrl Pts',(17.6001598468256,211.642004964365,1.24532940660337E-14));
#6574=CARTESIAN_POINT('Ctrl Pts',(17.5409116595869,211.266438652352,1.24115978293467E-14));
#6575=CARTESIAN_POINT('Ctrl Pts',(17.4735839591413,210.919559344207,1.23730864898798E-14));
#6576=CARTESIAN_POINT('Ctrl Pts',(17.3990026309071,210.607852115021,1.23384800356014E-14));
#6577=CARTESIAN_POINT('Ctrl Pts',(17.3171592942111,210.325633460897,1.23071474708226E-14));
#6578=CARTESIAN_POINT('Ctrl Pts',(17.2273148292707,210.060247697862,1.22776837323697E-14));
#6579=CARTESIAN_POINT('Ctrl Pts',(17.1280619491341,209.796747574236,1.22484293419456E-14));
#6580=CARTESIAN_POINT('Ctrl Pts',(17.0174049228047,209.522428435731,1.22179737995793E-14));
#6581=CARTESIAN_POINT('Ctrl Pts',(16.8928232161709,209.232214404681,1.21857535696452E-14));
#6582=CARTESIAN_POINT('Ctrl Pts',(16.7513653757972,208.931120432504,1.21523254235965E-14));
#6583=CARTESIAN_POINT('Ctrl Pts',(16.5898125834019,208.629954057897,1.21188892392633E-14));
#6584=CARTESIAN_POINT('Ctrl Pts',(16.4048211509248,208.342329470725,1.20869564953507E-14));
#6585=CARTESIAN_POINT('Ctrl Pts',(16.1930883487147,208.081306097539,1.2057977079463E-14));
#6586=CARTESIAN_POINT('Ctrl Pts',(15.9514737279197,207.855864298656,1.20329480118797E-14));
#6587=CARTESIAN_POINT('Ctrl Pts',(15.6772484454579,207.668432220039,1.20121388709563E-14));
#6588=CARTESIAN_POINT('Ctrl Pts',(15.3688684098638,207.51715608569,1.19953438462133E-14));
#6589=CARTESIAN_POINT('Ctrl Pts',(15.0266644582954,207.397438320558,1.19820525042826E-14));
#6590=CARTESIAN_POINT('Ctrl Pts',(14.6535884947787,207.303767047879,1.19716529039153E-14));
#6591=CARTESIAN_POINT('Ctrl Pts',(14.2559015549464,207.231383296682,1.19636166931965E-14));
#6592=CARTESIAN_POINT('Ctrl Pts',(13.8440093456849,207.17810766355,1.19577019097411E-14));
#6593=CARTESIAN_POINT('Ctrl Pts',(13.4306746735294,207.143996282974,1.19539147857293E-14));
#6594=CARTESIAN_POINT('Ctrl Pts',(13.029106764631,207.13088350038,1.19524589744141E-14));
#6595=CARTESIAN_POINT('Ctrl Pts',(12.6510545611293,207.141974555095,1.19536903288452E-14));
#6596=CARTESIAN_POINT('Ctrl Pts',(12.3049935534079,207.181409515062,1.19580684888983E-14));
#6597=CARTESIAN_POINT('Ctrl Pts',(11.9940311224099,207.25386847513,1.19661130494791E-14));
#6598=CARTESIAN_POINT('Ctrl Pts',(11.7146132567914,207.364082387892,1.19783492518373E-14));
#6599=CARTESIAN_POINT('Ctrl Pts',(11.459364101376,207.5159297179,1.19952076920375E-14));
#6600=CARTESIAN_POINT('Ctrl Pts',(11.2194655857275,207.711540413479,1.2016924841847E-14));
#6601=CARTESIAN_POINT('Ctrl Pts',(10.9870590256913,207.950478460574,1.20434522939815E-14));
#6602=CARTESIAN_POINT('Ctrl Pts',(10.7579926897082,208.228678138728,1.20743386627944E-14));
#6603=CARTESIAN_POINT('Ctrl Pts',(10.5332737034609,208.538143368784,1.21086962051674E-14));
#6604=CARTESIAN_POINT('Ctrl Pts',(10.3172493229297,208.868537779748,1.21453773533933E-14));
#6605=CARTESIAN_POINT('Ctrl Pts',(10.1164600500138,209.208375588508,1.21831069293857E-14));
#6606=CARTESIAN_POINT('Ctrl Pts',(9.93818866308191,209.546413908725,1.22206367220166E-14));
#6607=CARTESIAN_POINT('Ctrl Pts',(9.78924250712797,209.872848514603,1.22568782435647E-14));
#6608=CARTESIAN_POINT('Ctrl Pts',(9.67437831926102,210.180876734634,1.2291076245776E-14));
#6609=CARTESIAN_POINT('Ctrl Pts',(9.59630949215189,210.466545028212,1.23227917974696E-14));
#6610=CARTESIAN_POINT('Ctrl Pts',(9.5643517425581,210.675616751868,1.23460034216096E-14));
#6611=CARTESIAN_POINT('Ctrl Pts',(9.55770953287772,210.821197486116,1.23621661299201E-14));
#6612=CARTESIAN_POINT('Ctrl Pts',(9.56097743755208,210.913265905305,1.23723877778024E-14));
#6613=CARTESIAN_POINT('Ctrl Pts',(9.56453536824699,210.958053800096,1.23773602330046E-14));
#6614=CARTESIAN_POINT('',(17.7254341885253,214.970810897013,-0.999999999999987));
#6615=CARTESIAN_POINT('',(17.7254341885253,214.970810897013,1.28228657651271E-14));
#6616=CARTESIAN_POINT('Ctrl Pts',(17.7254341885253,214.970810897013,-0.999999999999987));
#6617=CARTESIAN_POINT('Ctrl Pts',(17.7237943565064,214.919635593074,-0.999999999999987));
#6618=CARTESIAN_POINT('Ctrl Pts',(17.720944065293,214.818724067728,-0.999999999999987));
#6619=CARTESIAN_POINT('Ctrl Pts',(17.7179568057729,214.67167435379,-0.999999999999987));
#6620=CARTESIAN_POINT('Ctrl Pts',(17.7165513173157,214.484246017601,-0.999999999999987));
#6621=CARTESIAN_POINT('Ctrl Pts',(17.7188327543191,214.263171798834,-0.999999999999987));
#6622=CARTESIAN_POINT('Ctrl Pts',(17.7243528513518,214.051640892837,-0.999999999999987));
#6623=CARTESIAN_POINT('Ctrl Pts',(17.7315150824769,213.842362395948,-0.999999999999987));
#6624=CARTESIAN_POINT('Ctrl Pts',(17.7375994079777,213.622883290444,-0.999999999999987));
#6625=CARTESIAN_POINT('Ctrl Pts',(17.7392916851138,213.378951698727,-0.999999999999987));
#6626=CARTESIAN_POINT('Ctrl Pts',(17.7333419863865,213.098693748836,-0.999999999999987));
#6627=CARTESIAN_POINT('Ctrl Pts',(17.717113836551,212.77600703685,-0.999999999999987));
#6628=CARTESIAN_POINT('Ctrl Pts',(17.6893335835925,212.415504933887,-0.999999999999988));
#6629=CARTESIAN_POINT('Ctrl Pts',(17.6500614513671,212.031329492837,-0.999999999999988));
#6630=CARTESIAN_POINT('Ctrl Pts',(17.6001598468256,211.642004964365,-0.999999999999988));
#6631=CARTESIAN_POINT('Ctrl Pts',(17.5409116595869,211.266438652352,-0.999999999999988));
#6632=CARTESIAN_POINT('Ctrl Pts',(17.4735839591413,210.919559344207,-0.999999999999988));
#6633=CARTESIAN_POINT('Ctrl Pts',(17.3990026309071,210.607852115021,-0.999999999999988));
#6634=CARTESIAN_POINT('Ctrl Pts',(17.3171592942111,210.325633460897,-0.999999999999988));
#6635=CARTESIAN_POINT('Ctrl Pts',(17.2273148292707,210.060247697862,-0.999999999999988));
#6636=CARTESIAN_POINT('Ctrl Pts',(17.1280619491341,209.796747574236,-0.999999999999988));
#6637=CARTESIAN_POINT('Ctrl Pts',(17.0174049228047,209.522428435731,-0.999999999999988));
#6638=CARTESIAN_POINT('Ctrl Pts',(16.8928232161709,209.232214404681,-0.999999999999988));
#6639=CARTESIAN_POINT('Ctrl Pts',(16.7513653757972,208.931120432504,-0.999999999999988));
#6640=CARTESIAN_POINT('Ctrl Pts',(16.5898125834019,208.629954057897,-0.999999999999988));
#6641=CARTESIAN_POINT('Ctrl Pts',(16.4048211509248,208.342329470725,-0.999999999999988));
#6642=CARTESIAN_POINT('Ctrl Pts',(16.1930883487147,208.081306097539,-0.999999999999988));
#6643=CARTESIAN_POINT('Ctrl Pts',(15.9514737279197,207.855864298656,-0.999999999999988));
#6644=CARTESIAN_POINT('Ctrl Pts',(15.6772484454579,207.668432220039,-0.999999999999988));
#6645=CARTESIAN_POINT('Ctrl Pts',(15.3688684098638,207.51715608569,-0.999999999999988));
#6646=CARTESIAN_POINT('Ctrl Pts',(15.0266644582954,207.397438320558,-0.999999999999988));
#6647=CARTESIAN_POINT('Ctrl Pts',(14.6535884947787,207.303767047879,-0.999999999999988));
#6648=CARTESIAN_POINT('Ctrl Pts',(14.2559015549464,207.231383296682,-0.999999999999988));
#6649=CARTESIAN_POINT('Ctrl Pts',(13.8440093456849,207.17810766355,-0.999999999999988));
#6650=CARTESIAN_POINT('Ctrl Pts',(13.4306746735294,207.143996282974,-0.999999999999988));
#6651=CARTESIAN_POINT('Ctrl Pts',(13.029106764631,207.13088350038,-0.999999999999988));
#6652=CARTESIAN_POINT('Ctrl Pts',(12.6510545611293,207.141974555095,-0.999999999999988));
#6653=CARTESIAN_POINT('Ctrl Pts',(12.3049935534079,207.181409515062,-0.999999999999988));
#6654=CARTESIAN_POINT('Ctrl Pts',(11.9940311224099,207.25386847513,-0.999999999999988));
#6655=CARTESIAN_POINT('Ctrl Pts',(11.7146132567914,207.364082387892,-0.999999999999988));
#6656=CARTESIAN_POINT('Ctrl Pts',(11.459364101376,207.5159297179,-0.999999999999988));
#6657=CARTESIAN_POINT('Ctrl Pts',(11.2194655857275,207.711540413479,-0.999999999999988));
#6658=CARTESIAN_POINT('Ctrl Pts',(10.9870590256913,207.950478460574,-0.999999999999988));
#6659=CARTESIAN_POINT('Ctrl Pts',(10.7579926897082,208.228678138728,-0.999999999999988));
#6660=CARTESIAN_POINT('Ctrl Pts',(10.5332737034609,208.538143368784,-0.999999999999988));
#6661=CARTESIAN_POINT('Ctrl Pts',(10.3172493229297,208.868537779748,-0.999999999999988));
#6662=CARTESIAN_POINT('Ctrl Pts',(10.1164600500138,209.208375588508,-0.999999999999988));
#6663=CARTESIAN_POINT('Ctrl Pts',(9.93818866308191,209.546413908725,-0.999999999999988));
#6664=CARTESIAN_POINT('Ctrl Pts',(9.78924250712797,209.872848514603,-0.999999999999988));
#6665=CARTESIAN_POINT('Ctrl Pts',(9.67437831926102,210.180876734634,-0.999999999999988));
#6666=CARTESIAN_POINT('Ctrl Pts',(9.59630949215189,210.466545028212,-0.999999999999988));
#6667=CARTESIAN_POINT('Ctrl Pts',(9.5643517425581,210.675616751868,-0.999999999999988));
#6668=CARTESIAN_POINT('Ctrl Pts',(9.55770953287772,210.821197486116,-0.999999999999988));
#6669=CARTESIAN_POINT('Ctrl Pts',(9.56097743755208,210.913265905305,-0.999999999999988));
#6670=CARTESIAN_POINT('Ctrl Pts',(9.56453536824699,210.958053800096,-0.999999999999988));
#6671=CARTESIAN_POINT('Ctrl Pts',(19.3139271127492,215.161049570572,1.28439865006831E-14));
#6672=CARTESIAN_POINT('Ctrl Pts',(19.3139271127492,215.161049570572,-0.999999999999987));
#6673=CARTESIAN_POINT('Ctrl Pts',(19.2696327759243,215.151787543508,1.2842958209113E-14));
#6674=CARTESIAN_POINT('Ctrl Pts',(19.2696327759243,215.151787543508,-0.999999999999987));
#6675=CARTESIAN_POINT('Ctrl Pts',(19.1821200649407,215.133732315383,1.28409536761151E-14));
#6676=CARTESIAN_POINT('Ctrl Pts',(19.1821200649407,215.133732315383,-0.999999999999987));
#6677=CARTESIAN_POINT('Ctrl Pts',(19.0540787135732,215.108055875876,1.28381030186819E-14));
#6678=CARTESIAN_POINT('Ctrl Pts',(19.0540787135732,215.108055875876,-0.999999999999987));
#6679=CARTESIAN_POINT('Ctrl Pts',(18.8899200412363,215.076680356041,1.28346196362289E-14));
#6680=CARTESIAN_POINT('Ctrl Pts',(18.8899200412363,215.076680356041,-0.999999999999987));
#6681=CARTESIAN_POINT('Ctrl Pts',(18.6964181240585,215.042557403866,1.28308312275117E-14));
#6682=CARTESIAN_POINT('Ctrl Pts',(18.6964181240585,215.042557403866,-0.999999999999987));
#6683=CARTESIAN_POINT('Ctrl Pts',(18.5157158780385,215.01401161423,1.28276620082206E-14));
#6684=CARTESIAN_POINT('Ctrl Pts',(18.5157158780385,215.01401161423,-0.999999999999987));
#6685=CARTESIAN_POINT('Ctrl Pts',(18.3489519524951,214.991539127399,1.28251670609906E-14));
#6686=CARTESIAN_POINT('Ctrl Pts',(18.3489519524951,214.991539127399,-0.999999999999987));
#6687=CARTESIAN_POINT('Ctrl Pts',(18.1969099051462,214.975481360639,1.28233842907525E-14));
#6688=CARTESIAN_POINT('Ctrl Pts',(18.1969099051462,214.975481360639,-0.999999999999987));
#6689=CARTESIAN_POINT('Ctrl Pts',(18.0592370976704,214.965684659904,1.28222966384804E-14));
#6690=CARTESIAN_POINT('Ctrl Pts',(18.0592370976704,214.965684659904,-0.999999999999987));
#6691=CARTESIAN_POINT('Ctrl Pts',(17.9349426246042,214.961717260915,1.28218561687098E-14));
#6692=CARTESIAN_POINT('Ctrl Pts',(17.9349426246042,214.961717260915,-0.999999999999987));
#6693=CARTESIAN_POINT('Ctrl Pts',(17.84537957681,214.962845070059,1.28219813806777E-14));
#6694=CARTESIAN_POINT('Ctrl Pts',(17.84537957681,214.962845070059,-0.999999999999987));
#6695=CARTESIAN_POINT('Ctrl Pts',(17.7834146035691,214.965959893706,1.28223271955708E-14));
#6696=CARTESIAN_POINT('Ctrl Pts',(17.7834146035691,214.965959893706,-0.999999999999987));
#6697=CARTESIAN_POINT('Ctrl Pts',(17.7443815113914,214.969028545286,1.28226678843346E-14));
#6698=CARTESIAN_POINT('Ctrl Pts',(17.7443815113914,214.969028545286,-0.999999999999987));
#6699=CARTESIAN_POINT('Ctrl Pts',(17.7254341885253,214.970810897013,1.28228657651271E-14));
#6700=CARTESIAN_POINT('Ctrl Pts',(17.7254341885253,214.970810897013,-0.999999999999987));
#6701=CARTESIAN_POINT('',(19.3139271127492,215.161049570572,1.28439865006831E-14));
#6702=CARTESIAN_POINT('Ctrl Pts',(19.3139271127492,215.161049570572,1.28439865006831E-14));
#6703=CARTESIAN_POINT('Ctrl Pts',(19.2696327759243,215.151787543508,1.2842958209113E-14));
#6704=CARTESIAN_POINT('Ctrl Pts',(19.1821200649407,215.133732315383,1.28409536761151E-14));
#6705=CARTESIAN_POINT('Ctrl Pts',(19.0540787135732,215.108055875876,1.28381030186819E-14));
#6706=CARTESIAN_POINT('Ctrl Pts',(18.8899200412363,215.076680356041,1.28346196362289E-14));
#6707=CARTESIAN_POINT('Ctrl Pts',(18.6964181240585,215.042557403866,1.28308312275117E-14));
#6708=CARTESIAN_POINT('Ctrl Pts',(18.5157158780385,215.01401161423,1.28276620082206E-14));
#6709=CARTESIAN_POINT('Ctrl Pts',(18.3489519524951,214.991539127399,1.28251670609906E-14));
#6710=CARTESIAN_POINT('Ctrl Pts',(18.1969099051462,214.975481360639,1.28233842907525E-14));
#6711=CARTESIAN_POINT('Ctrl Pts',(18.0592370976704,214.965684659904,1.28222966384804E-14));
#6712=CARTESIAN_POINT('Ctrl Pts',(17.9349426246042,214.961717260915,1.28218561687098E-14));
#6713=CARTESIAN_POINT('Ctrl Pts',(17.84537957681,214.962845070059,1.28219813806777E-14));
#6714=CARTESIAN_POINT('Ctrl Pts',(17.7834146035691,214.965959893706,1.28223271955708E-14));
#6715=CARTESIAN_POINT('Ctrl Pts',(17.7443815113914,214.969028545286,1.28226678843346E-14));
#6716=CARTESIAN_POINT('Ctrl Pts',(17.7254341885253,214.970810897013,1.28228657651271E-14));
#6717=CARTESIAN_POINT('',(19.3139271127492,215.161049570572,-0.999999999999987));
#6718=CARTESIAN_POINT('',(19.3139271127492,215.161049570572,1.28439865006831E-14));
#6719=CARTESIAN_POINT('Ctrl Pts',(19.3139271127492,215.161049570572,-0.999999999999987));
#6720=CARTESIAN_POINT('Ctrl Pts',(19.2696327759243,215.151787543508,-0.999999999999987));
#6721=CARTESIAN_POINT('Ctrl Pts',(19.1821200649407,215.133732315383,-0.999999999999987));
#6722=CARTESIAN_POINT('Ctrl Pts',(19.0540787135732,215.108055875876,-0.999999999999987));
#6723=CARTESIAN_POINT('Ctrl Pts',(18.8899200412363,215.076680356041,-0.999999999999987));
#6724=CARTESIAN_POINT('Ctrl Pts',(18.6964181240585,215.042557403866,-0.999999999999987));
#6725=CARTESIAN_POINT('Ctrl Pts',(18.5157158780385,215.01401161423,-0.999999999999987));
#6726=CARTESIAN_POINT('Ctrl Pts',(18.3489519524951,214.991539127399,-0.999999999999987));
#6727=CARTESIAN_POINT('Ctrl Pts',(18.1969099051462,214.975481360639,-0.999999999999987));
#6728=CARTESIAN_POINT('Ctrl Pts',(18.0592370976704,214.965684659904,-0.999999999999987));
#6729=CARTESIAN_POINT('Ctrl Pts',(17.9349426246042,214.961717260915,-0.999999999999987));
#6730=CARTESIAN_POINT('Ctrl Pts',(17.84537957681,214.962845070059,-0.999999999999987));
#6731=CARTESIAN_POINT('Ctrl Pts',(17.7834146035691,214.965959893706,-0.999999999999987));
#6732=CARTESIAN_POINT('Ctrl Pts',(17.7443815113914,214.969028545286,-0.999999999999987));
#6733=CARTESIAN_POINT('Ctrl Pts',(17.7254341885253,214.970810897013,-0.999999999999987));
#6734=CARTESIAN_POINT('Ctrl Pts',(18.3246860102385,207.304192352555,1.19717001222196E-14));
#6735=CARTESIAN_POINT('Ctrl Pts',(18.3246860102385,207.304192352555,-0.999999999999988));
#6736=CARTESIAN_POINT('Ctrl Pts',(18.3048232627201,207.31214401155,1.19725829337096E-14));
#6737=CARTESIAN_POINT('Ctrl Pts',(18.3048232627201,207.31214401155,-0.999999999999988));
#6738=CARTESIAN_POINT('Ctrl Pts',(18.2654695211482,207.332071663031,1.19747953474597E-14));
#6739=CARTESIAN_POINT('Ctrl Pts',(18.2654695211482,207.332071663031,-0.999999999999988));
#6740=CARTESIAN_POINT('Ctrl Pts',(18.2075541740176,207.37403613226,1.19794543394552E-14));
#6741=CARTESIAN_POINT('Ctrl Pts',(18.2075541740176,207.37403613226,-0.999999999999988));
#6742=CARTESIAN_POINT('Ctrl Pts',(18.1325682253892,207.454178551772,1.19883519353943E-14));
#6743=CARTESIAN_POINT('Ctrl Pts',(18.1325682253892,207.454178551772,-0.999999999999988));
#6744=CARTESIAN_POINT('Ctrl Pts',(18.0433123800497,207.594004169874,1.20038756974593E-14));
#6745=CARTESIAN_POINT('Ctrl Pts',(18.0433123800497,207.594004169874,-0.999999999999988));
#6746=CARTESIAN_POINT('Ctrl Pts',(17.9607524953803,207.771023908277,1.2023528836398E-14));
#6747=CARTESIAN_POINT('Ctrl Pts',(17.9607524953803,207.771023908277,-0.999999999999988));
#6748=CARTESIAN_POINT('Ctrl Pts',(17.8893091495524,207.979975413065,1.20467271135626E-14));
#6749=CARTESIAN_POINT('Ctrl Pts',(17.8893091495524,207.979975413065,-0.999999999999988));
#6750=CARTESIAN_POINT('Ctrl Pts',(17.8363452574043,208.211744617576,1.20724586642874E-14));
#6751=CARTESIAN_POINT('Ctrl Pts',(17.8363452574043,208.211744617576,-0.999999999999988));
#6752=CARTESIAN_POINT('Ctrl Pts',(17.8102606268386,208.455520740875,1.20995232507814E-14));
#6753=CARTESIAN_POINT('Ctrl Pts',(17.8102606268386,208.455520740875,-0.999999999999988));
#6754=CARTESIAN_POINT('Ctrl Pts',(17.8185019685858,208.701030269826,1.2126780283962E-14));
#6755=CARTESIAN_POINT('Ctrl Pts',(17.8185019685858,208.701030269826,-0.999999999999988));
#6756=CARTESIAN_POINT('Ctrl Pts',(17.8657471100893,208.94058244209,1.21533759176866E-14));
#6757=CARTESIAN_POINT('Ctrl Pts',(17.8657471100893,208.94058244209,-0.999999999999988));
#6758=CARTESIAN_POINT('Ctrl Pts',(17.9516368645427,209.17157346523,1.21790210729239E-14));
#6759=CARTESIAN_POINT('Ctrl Pts',(17.9516368645427,209.17157346523,-0.999999999999988));
#6760=CARTESIAN_POINT('Ctrl Pts',(18.0697841484316,209.39766929039,1.22041227520103E-14));
#6761=CARTESIAN_POINT('Ctrl Pts',(18.0697841484316,209.39766929039,-0.999999999999988));
#6762=CARTESIAN_POINT('Ctrl Pts',(18.2103262984939,209.626321759615,1.22295082756073E-14));
#6763=CARTESIAN_POINT('Ctrl Pts',(18.2103262984939,209.626321759615,-0.999999999999988));
#6764=CARTESIAN_POINT('Ctrl Pts',(18.3618433720643,209.866949406697,1.22562233110225E-14));
#6765=CARTESIAN_POINT('Ctrl Pts',(18.3618433720643,209.866949406697,-0.999999999999988));
#6766=CARTESIAN_POINT('Ctrl Pts',(18.5134119898123,210.128944370844,1.22853105951757E-14));
#6767=CARTESIAN_POINT('Ctrl Pts',(18.5134119898123,210.128944370844,-0.999999999999988));
#6768=CARTESIAN_POINT('Ctrl Pts',(18.6568194832723,210.419589405005,1.23175786760676E-14));
#6769=CARTESIAN_POINT('Ctrl Pts',(18.6568194832723,210.419589405005,-0.999999999999988));
#6770=CARTESIAN_POINT('Ctrl Pts',(18.7880346942946,210.7425142588,1.23534305368582E-14));
#6771=CARTESIAN_POINT('Ctrl Pts',(18.7880346942946,210.7425142588,-0.999999999999988));
#6772=CARTESIAN_POINT('Ctrl Pts',(18.905885998697,211.098237022298,1.23929236971001E-14));
#6773=CARTESIAN_POINT('Ctrl Pts',(18.905885998697,211.098237022298,-0.999999999999988));
#6774=CARTESIAN_POINT('Ctrl Pts',(19.0112233749585,211.484337784171,1.24357894926657E-14));
#6775=CARTESIAN_POINT('Ctrl Pts',(19.0112233749585,211.484337784171,-0.999999999999988));
#6776=CARTESIAN_POINT('Ctrl Pts',(19.1059013314027,211.895743211403,1.24814646704426E-14));
#6777=CARTESIAN_POINT('Ctrl Pts',(19.1059013314027,211.895743211403,-0.999999999999988));
#6778=CARTESIAN_POINT('Ctrl Pts',(19.1918706283099,212.324945728874,1.2529115722155E-14));
#6779=CARTESIAN_POINT('Ctrl Pts',(19.1918706283099,212.324945728874,-0.999999999999988));
#6780=CARTESIAN_POINT('Ctrl Pts',(19.2701822102518,212.762202130766,1.25776609346595E-14));
#6781=CARTESIAN_POINT('Ctrl Pts',(19.2701822102518,212.762202130766,-0.999999999999987));
#6782=CARTESIAN_POINT('Ctrl Pts',(19.3401607896383,213.195786862657,1.26257985099067E-14));
#6783=CARTESIAN_POINT('Ctrl Pts',(19.3401607896383,213.195786862657,-0.999999999999987));
#6784=CARTESIAN_POINT('Ctrl Pts',(19.3999377655747,213.612926306001,1.26721102913546E-14));
#6785=CARTESIAN_POINT('Ctrl Pts',(19.3999377655747,213.612926306001,-0.999999999999987));
#6786=CARTESIAN_POINT('Ctrl Pts',(19.4468622416598,214.000669239965,1.27151584046469E-14));
#6787=CARTESIAN_POINT('Ctrl Pts',(19.4468622416598,214.000669239965,-0.999999999999987));
#6788=CARTESIAN_POINT('Ctrl Pts',(19.477950918891,214.346773667958,1.27535837151351E-14));
#6789=CARTESIAN_POINT('Ctrl Pts',(19.477950918891,214.346773667958,-0.999999999999987));
#6790=CARTESIAN_POINT('Ctrl Pts',(19.4903273111444,214.64061338986,1.27862064776157E-14));
#6791=CARTESIAN_POINT('Ctrl Pts',(19.4903273111444,214.64061338986,-0.999999999999987));
#6792=CARTESIAN_POINT('Ctrl Pts',(19.4816526839057,214.874053247239,1.28121235080684E-14));
#6793=CARTESIAN_POINT('Ctrl Pts',(19.4816526839057,214.874053247239,-0.999999999999987));
#6794=CARTESIAN_POINT('Ctrl Pts',(19.4506107167689,215.042478054351,1.28308224179457E-14));
#6795=CARTESIAN_POINT('Ctrl Pts',(19.4506107167689,215.042478054351,-0.999999999999987));
#6796=CARTESIAN_POINT('Ctrl Pts',(19.4074418637193,215.123607848096,1.28398296344456E-14));
#6797=CARTESIAN_POINT('Ctrl Pts',(19.4074418637193,215.123607848096,-0.999999999999987));
#6798=CARTESIAN_POINT('Ctrl Pts',(19.3647057559822,215.154108518436,1.28432158890934E-14));
#6799=CARTESIAN_POINT('Ctrl Pts',(19.3647057559822,215.154108518436,-0.999999999999987));
#6800=CARTESIAN_POINT('Ctrl Pts',(19.3316192880543,215.160979673006,1.28439787404944E-14));
#6801=CARTESIAN_POINT('Ctrl Pts',(19.3316192880543,215.160979673006,-0.999999999999987));
#6802=CARTESIAN_POINT('Ctrl Pts',(19.3139271127492,215.161049570572,1.28439865006831E-14));
#6803=CARTESIAN_POINT('Ctrl Pts',(19.3139271127492,215.161049570572,-0.999999999999987));
#6804=CARTESIAN_POINT('',(18.3246860102385,207.304192352555,1.19717001222196E-14));
#6805=CARTESIAN_POINT('Ctrl Pts',(18.3246860102385,207.304192352555,1.19717001222196E-14));
#6806=CARTESIAN_POINT('Ctrl Pts',(18.3048232627201,207.31214401155,1.19725829337096E-14));
#6807=CARTESIAN_POINT('Ctrl Pts',(18.2654695211482,207.332071663031,1.19747953474597E-14));
#6808=CARTESIAN_POINT('Ctrl Pts',(18.2075541740176,207.37403613226,1.19794543394552E-14));
#6809=CARTESIAN_POINT('Ctrl Pts',(18.1325682253892,207.454178551772,1.19883519353943E-14));
#6810=CARTESIAN_POINT('Ctrl Pts',(18.0433123800497,207.594004169874,1.20038756974593E-14));
#6811=CARTESIAN_POINT('Ctrl Pts',(17.9607524953803,207.771023908277,1.2023528836398E-14));
#6812=CARTESIAN_POINT('Ctrl Pts',(17.8893091495524,207.979975413065,1.20467271135626E-14));
#6813=CARTESIAN_POINT('Ctrl Pts',(17.8363452574043,208.211744617576,1.20724586642874E-14));
#6814=CARTESIAN_POINT('Ctrl Pts',(17.8102606268386,208.455520740875,1.20995232507814E-14));
#6815=CARTESIAN_POINT('Ctrl Pts',(17.8185019685858,208.701030269826,1.2126780283962E-14));
#6816=CARTESIAN_POINT('Ctrl Pts',(17.8657471100893,208.94058244209,1.21533759176866E-14));
#6817=CARTESIAN_POINT('Ctrl Pts',(17.9516368645427,209.17157346523,1.21790210729239E-14));
#6818=CARTESIAN_POINT('Ctrl Pts',(18.0697841484316,209.39766929039,1.22041227520103E-14));
#6819=CARTESIAN_POINT('Ctrl Pts',(18.2103262984939,209.626321759615,1.22295082756073E-14));
#6820=CARTESIAN_POINT('Ctrl Pts',(18.3618433720643,209.866949406697,1.22562233110225E-14));
#6821=CARTESIAN_POINT('Ctrl Pts',(18.5134119898123,210.128944370844,1.22853105951757E-14));
#6822=CARTESIAN_POINT('Ctrl Pts',(18.6568194832723,210.419589405005,1.23175786760676E-14));
#6823=CARTESIAN_POINT('Ctrl Pts',(18.7880346942946,210.7425142588,1.23534305368582E-14));
#6824=CARTESIAN_POINT('Ctrl Pts',(18.905885998697,211.098237022298,1.23929236971001E-14));
#6825=CARTESIAN_POINT('Ctrl Pts',(19.0112233749585,211.484337784171,1.24357894926657E-14));
#6826=CARTESIAN_POINT('Ctrl Pts',(19.1059013314027,211.895743211403,1.24814646704426E-14));
#6827=CARTESIAN_POINT('Ctrl Pts',(19.1918706283099,212.324945728874,1.2529115722155E-14));
#6828=CARTESIAN_POINT('Ctrl Pts',(19.2701822102518,212.762202130766,1.25776609346595E-14));
#6829=CARTESIAN_POINT('Ctrl Pts',(19.3401607896383,213.195786862657,1.26257985099067E-14));
#6830=CARTESIAN_POINT('Ctrl Pts',(19.3999377655747,213.612926306001,1.26721102913546E-14));
#6831=CARTESIAN_POINT('Ctrl Pts',(19.4468622416598,214.000669239965,1.27151584046469E-14));
#6832=CARTESIAN_POINT('Ctrl Pts',(19.477950918891,214.346773667958,1.27535837151351E-14));
#6833=CARTESIAN_POINT('Ctrl Pts',(19.4903273111444,214.64061338986,1.27862064776157E-14));
#6834=CARTESIAN_POINT('Ctrl Pts',(19.4816526839057,214.874053247239,1.28121235080684E-14));
#6835=CARTESIAN_POINT('Ctrl Pts',(19.4506107167689,215.042478054351,1.28308224179457E-14));
#6836=CARTESIAN_POINT('Ctrl Pts',(19.4074418637193,215.123607848096,1.28398296344456E-14));
#6837=CARTESIAN_POINT('Ctrl Pts',(19.3647057559822,215.154108518436,1.28432158890934E-14));
#6838=CARTESIAN_POINT('Ctrl Pts',(19.3316192880543,215.160979673006,1.28439787404944E-14));
#6839=CARTESIAN_POINT('Ctrl Pts',(19.3139271127492,215.161049570572,1.28439865006831E-14));
#6840=CARTESIAN_POINT('',(18.3246860102385,207.304192352555,-0.999999999999988));
#6841=CARTESIAN_POINT('',(18.3246860102385,207.304192352555,1.19717001222196E-14));
#6842=CARTESIAN_POINT('Ctrl Pts',(18.3246860102385,207.304192352555,-0.999999999999988));
#6843=CARTESIAN_POINT('Ctrl Pts',(18.3048232627201,207.31214401155,-0.999999999999988));
#6844=CARTESIAN_POINT('Ctrl Pts',(18.2654695211482,207.332071663031,-0.999999999999988));
#6845=CARTESIAN_POINT('Ctrl Pts',(18.2075541740176,207.37403613226,-0.999999999999988));
#6846=CARTESIAN_POINT('Ctrl Pts',(18.1325682253892,207.454178551772,-0.999999999999988));
#6847=CARTESIAN_POINT('Ctrl Pts',(18.0433123800497,207.594004169874,-0.999999999999988));
#6848=CARTESIAN_POINT('Ctrl Pts',(17.9607524953803,207.771023908277,-0.999999999999988));
#6849=CARTESIAN_POINT('Ctrl Pts',(17.8893091495524,207.979975413065,-0.999999999999988));
#6850=CARTESIAN_POINT('Ctrl Pts',(17.8363452574043,208.211744617576,-0.999999999999988));
#6851=CARTESIAN_POINT('Ctrl Pts',(17.8102606268386,208.455520740875,-0.999999999999988));
#6852=CARTESIAN_POINT('Ctrl Pts',(17.8185019685858,208.701030269826,-0.999999999999988));
#6853=CARTESIAN_POINT('Ctrl Pts',(17.8657471100893,208.94058244209,-0.999999999999988));
#6854=CARTESIAN_POINT('Ctrl Pts',(17.9516368645427,209.17157346523,-0.999999999999988));
#6855=CARTESIAN_POINT('Ctrl Pts',(18.0697841484316,209.39766929039,-0.999999999999988));
#6856=CARTESIAN_POINT('Ctrl Pts',(18.2103262984939,209.626321759615,-0.999999999999988));
#6857=CARTESIAN_POINT('Ctrl Pts',(18.3618433720643,209.866949406697,-0.999999999999988));
#6858=CARTESIAN_POINT('Ctrl Pts',(18.5134119898123,210.128944370844,-0.999999999999988));
#6859=CARTESIAN_POINT('Ctrl Pts',(18.6568194832723,210.419589405005,-0.999999999999988));
#6860=CARTESIAN_POINT('Ctrl Pts',(18.7880346942946,210.7425142588,-0.999999999999988));
#6861=CARTESIAN_POINT('Ctrl Pts',(18.905885998697,211.098237022298,-0.999999999999988));
#6862=CARTESIAN_POINT('Ctrl Pts',(19.0112233749585,211.484337784171,-0.999999999999988));
#6863=CARTESIAN_POINT('Ctrl Pts',(19.1059013314027,211.895743211403,-0.999999999999988));
#6864=CARTESIAN_POINT('Ctrl Pts',(19.1918706283099,212.324945728874,-0.999999999999988));
#6865=CARTESIAN_POINT('Ctrl Pts',(19.2701822102518,212.762202130766,-0.999999999999987));
#6866=CARTESIAN_POINT('Ctrl Pts',(19.3401607896383,213.195786862657,-0.999999999999987));
#6867=CARTESIAN_POINT('Ctrl Pts',(19.3999377655747,213.612926306001,-0.999999999999987));
#6868=CARTESIAN_POINT('Ctrl Pts',(19.4468622416598,214.000669239965,-0.999999999999987));
#6869=CARTESIAN_POINT('Ctrl Pts',(19.477950918891,214.346773667958,-0.999999999999987));
#6870=CARTESIAN_POINT('Ctrl Pts',(19.4903273111444,214.64061338986,-0.999999999999987));
#6871=CARTESIAN_POINT('Ctrl Pts',(19.4816526839057,214.874053247239,-0.999999999999987));
#6872=CARTESIAN_POINT('Ctrl Pts',(19.4506107167689,215.042478054351,-0.999999999999987));
#6873=CARTESIAN_POINT('Ctrl Pts',(19.4074418637193,215.123607848096,-0.999999999999987));
#6874=CARTESIAN_POINT('Ctrl Pts',(19.3647057559822,215.154108518436,-0.999999999999987));
#6875=CARTESIAN_POINT('Ctrl Pts',(19.3316192880543,215.160979673006,-0.999999999999987));
#6876=CARTESIAN_POINT('Ctrl Pts',(19.3139271127492,215.161049570572,-0.999999999999987));
#6877=CARTESIAN_POINT('Ctrl Pts',(21.4921599250082,215.256168907352,1.28545468684611E-14));
#6878=CARTESIAN_POINT('Ctrl Pts',(21.4921599250082,215.256168907352,-0.999999999999987));
#6879=CARTESIAN_POINT('Ctrl Pts',(21.4722400678621,215.251850846307,1.28540674673818E-14));
#6880=CARTESIAN_POINT('Ctrl Pts',(21.4722400678621,215.251850846307,-0.999999999999987));
#6881=CARTESIAN_POINT('Ctrl Pts',(21.4340937104527,215.242814351275,1.28530642148971E-14));
#6882=CARTESIAN_POINT('Ctrl Pts',(21.4340937104527,215.242814351275,-0.999999999999987));
#6883=CARTESIAN_POINT('Ctrl Pts',(21.3819546904567,215.22805590003,1.28514256976591E-14));
#6884=CARTESIAN_POINT('Ctrl Pts',(21.3819546904567,215.22805590003,-0.999999999999987));
#6885=CARTESIAN_POINT('Ctrl Pts',(21.3226066714848,215.205989859007,1.28489758749784E-14));
#6886=CARTESIAN_POINT('Ctrl Pts',(21.3226066714848,215.205989859007,-0.999999999999987));
#6887=CARTESIAN_POINT('Ctrl Pts',(21.2658298933234,215.171431344287,1.28451391091046E-14));
#6888=CARTESIAN_POINT('Ctrl Pts',(21.2658298933234,215.171431344287,-0.999999999999987));
#6889=CARTESIAN_POINT('Ctrl Pts',(21.2276247128701,215.121354217823,1.28395794312238E-14));
#6890=CARTESIAN_POINT('Ctrl Pts',(21.2276247128701,215.121354217823,-0.999999999999987));
#6891=CARTESIAN_POINT('Ctrl Pts',(21.2103652766355,215.037805192667,1.28303036260825E-14));
#6892=CARTESIAN_POINT('Ctrl Pts',(21.2103652766355,215.037805192667,-0.999999999999987));
#6893=CARTESIAN_POINT('Ctrl Pts',(21.2163868528146,214.900031529114,1.28150076767362E-14));
#6894=CARTESIAN_POINT('Ctrl Pts',(21.2163868528146,214.900031529114,-0.999999999999987));
#6895=CARTESIAN_POINT('Ctrl Pts',(21.2466615708526,214.691783242589,1.27918874724824E-14));
#6896=CARTESIAN_POINT('Ctrl Pts',(21.2466615708526,214.691783242589,-0.999999999999987));
#6897=CARTESIAN_POINT('Ctrl Pts',(21.2991040693311,214.410197433147,1.27606251675772E-14));
#6898=CARTESIAN_POINT('Ctrl Pts',(21.2991040693311,214.410197433147,-0.999999999999987));
#6899=CARTESIAN_POINT('Ctrl Pts',(21.368442716392,214.067449647648,1.27225725192673E-14));
#6900=CARTESIAN_POINT('Ctrl Pts',(21.368442716392,214.067449647648,-0.999999999999987));
#6901=CARTESIAN_POINT('Ctrl Pts',(21.4479267087725,213.683839491271,1.26799832364582E-14));
#6902=CARTESIAN_POINT('Ctrl Pts',(21.4479267087725,213.683839491271,-0.999999999999987));
#6903=CARTESIAN_POINT('Ctrl Pts',(21.5305444635904,213.283170097732,1.26354999978613E-14));
#6904=CARTESIAN_POINT('Ctrl Pts',(21.5305444635904,213.283170097732,-0.999999999999987));
#6905=CARTESIAN_POINT('Ctrl Pts',(21.6104256723601,212.887259807861,1.25915451259112E-14));
#6906=CARTESIAN_POINT('Ctrl Pts',(21.6104256723601,212.887259807861,-0.999999999999987));
#6907=CARTESIAN_POINT('Ctrl Pts',(21.6841932528406,212.510744730473,1.25497435551077E-14));
#6908=CARTESIAN_POINT('Ctrl Pts',(21.6841932528406,212.510744730473,-0.999999999999988));
#6909=CARTESIAN_POINT('Ctrl Pts',(21.7522773768771,212.155955761934,1.25103540669323E-14));
#6910=CARTESIAN_POINT('Ctrl Pts',(21.7522773768771,212.155955761934,-0.999999999999988));
#6911=CARTESIAN_POINT('Ctrl Pts',(21.8173718156183,211.816812109651,1.24727015577902E-14));
#6912=CARTESIAN_POINT('Ctrl Pts',(21.8173718156183,211.816812109651,-0.999999999999988));
#6913=CARTESIAN_POINT('Ctrl Pts',(21.88302587393,211.482311518328,1.24355645319666E-14));
#6914=CARTESIAN_POINT('Ctrl Pts',(21.88302587393,211.482311518328,-0.999999999999988));
#6915=CARTESIAN_POINT('Ctrl Pts',(21.952123777384,211.140277689839,1.23975911488076E-14));
#6916=CARTESIAN_POINT('Ctrl Pts',(21.952123777384,211.140277689839,-0.999999999999988));
#6917=CARTESIAN_POINT('Ctrl Pts',(22.0255669640959,210.780669167221,1.23576665826414E-14));
#6918=CARTESIAN_POINT('Ctrl Pts',(22.0255669640959,210.780669167221,-0.999999999999988));
#6919=CARTESIAN_POINT('Ctrl Pts',(22.1004726850419,210.399865019121,1.2315388829332E-14));
#6920=CARTESIAN_POINT('Ctrl Pts',(22.1004726850419,210.399865019121,-0.999999999999988));
#6921=CARTESIAN_POINT('Ctrl Pts',(22.1701651534835,210.001327307211,1.22711422549376E-14));
#6922=CARTESIAN_POINT('Ctrl Pts',(22.1701651534835,210.001327307211,-0.999999999999988));
#6923=CARTESIAN_POINT('Ctrl Pts',(22.2257330284012,209.593115197064,1.22258216065761E-14));
#6924=CARTESIAN_POINT('Ctrl Pts',(22.2257330284012,209.593115197064,-0.999999999999988));
#6925=CARTESIAN_POINT('Ctrl Pts',(22.2571139557363,209.186336879208,1.21806601411359E-14));
#6926=CARTESIAN_POINT('Ctrl Pts',(22.2571139557363,209.186336879208,-0.999999999999988));
#6927=CARTESIAN_POINT('Ctrl Pts',(22.2544102350503,208.793182461902,1.21370112325032E-14));
#6928=CARTESIAN_POINT('Ctrl Pts',(22.2544102350503,208.793182461902,-0.999999999999988));
#6929=CARTESIAN_POINT('Ctrl Pts',(22.2090044859721,208.425274762229,1.20961652725919E-14));
#6930=CARTESIAN_POINT('Ctrl Pts',(22.2090044859721,208.425274762229,-0.999999999999988));
#6931=CARTESIAN_POINT('Ctrl Pts',(22.1150308074673,208.091553881356,1.20591148120175E-14));
#6932=CARTESIAN_POINT('Ctrl Pts',(22.1150308074673,208.091553881356,-0.999999999999988));
#6933=CARTESIAN_POINT('Ctrl Pts',(21.9692717538283,207.798162187487,1.20265417906408E-14));
#6934=CARTESIAN_POINT('Ctrl Pts',(21.9692717538283,207.798162187487,-0.999999999999988));
#6935=CARTESIAN_POINT('Ctrl Pts',(21.7704074798651,207.549150309824,1.19988959186422E-14));
#6936=CARTESIAN_POINT('Ctrl Pts',(21.7704074798651,207.549150309824,-0.999999999999988));
#6937=CARTESIAN_POINT('Ctrl Pts',(21.5184744236531,207.346914736303,1.197644325963E-14));
#6938=CARTESIAN_POINT('Ctrl Pts',(21.5184744236531,207.346914736303,-0.999999999999988));
#6939=CARTESIAN_POINT('Ctrl Pts',(21.2142829346943,207.192710311263,1.19593231293121E-14));
#6940=CARTESIAN_POINT('Ctrl Pts',(21.2142829346943,207.192710311263,-0.999999999999988));
#6941=CARTESIAN_POINT('Ctrl Pts',(20.8587864760783,207.087171324796,1.1947605948035E-14));
#6942=CARTESIAN_POINT('Ctrl Pts',(20.8587864760783,207.087171324796,-0.999999999999988));
#6943=CARTESIAN_POINT('Ctrl Pts',(20.4528139012267,207.030588618118,1.19413240056601E-14));
#6944=CARTESIAN_POINT('Ctrl Pts',(20.4528139012267,207.030588618118,-0.999999999999988));
#6945=CARTESIAN_POINT('Ctrl Pts',(19.9971035617518,207.022971918125,1.19404783820896E-14));
#6946=CARTESIAN_POINT('Ctrl Pts',(19.9971035617518,207.022971918125,-0.999999999999988));
#6947=CARTESIAN_POINT('Ctrl Pts',(19.4922542143194,207.064168671578,1.19450521405121E-14));
#6948=CARTESIAN_POINT('Ctrl Pts',(19.4922542143194,207.064168671578,-0.999999999999988));
#6949=CARTESIAN_POINT('Ctrl Pts',(19.049423203417,207.135995856055,1.1953026559912E-14));
#6950=CARTESIAN_POINT('Ctrl Pts',(19.049423203417,207.135995856055,-0.999999999999988));
#6951=CARTESIAN_POINT('Ctrl Pts',(18.6955151690321,207.211638423904,1.19614245719588E-14));
#6952=CARTESIAN_POINT('Ctrl Pts',(18.6955151690321,207.211638423904,-0.999999999999988));
#6953=CARTESIAN_POINT('Ctrl Pts',(18.4499072672149,207.271730435911,1.19680961254914E-14));
#6954=CARTESIAN_POINT('Ctrl Pts',(18.4499072672149,207.271730435911,-0.999999999999988));
#6955=CARTESIAN_POINT('Ctrl Pts',(18.3246860102385,207.304192352555,1.19717001222196E-14));
#6956=CARTESIAN_POINT('Ctrl Pts',(18.3246860102385,207.304192352555,-0.999999999999988));
#6957=CARTESIAN_POINT('',(21.4921599250082,215.256168907352,1.28545468684611E-14));
#6958=CARTESIAN_POINT('Ctrl Pts',(21.4921599250082,215.256168907352,1.28545468684611E-14));
#6959=CARTESIAN_POINT('Ctrl Pts',(21.4722400678621,215.251850846307,1.28540674673818E-14));
#6960=CARTESIAN_POINT('Ctrl Pts',(21.4340937104527,215.242814351275,1.28530642148971E-14));
#6961=CARTESIAN_POINT('Ctrl Pts',(21.3819546904567,215.22805590003,1.28514256976591E-14));
#6962=CARTESIAN_POINT('Ctrl Pts',(21.3226066714848,215.205989859007,1.28489758749784E-14));
#6963=CARTESIAN_POINT('Ctrl Pts',(21.2658298933234,215.171431344287,1.28451391091046E-14));
#6964=CARTESIAN_POINT('Ctrl Pts',(21.2276247128701,215.121354217823,1.28395794312238E-14));
#6965=CARTESIAN_POINT('Ctrl Pts',(21.2103652766355,215.037805192667,1.28303036260825E-14));
#6966=CARTESIAN_POINT('Ctrl Pts',(21.2163868528146,214.900031529114,1.28150076767362E-14));
#6967=CARTESIAN_POINT('Ctrl Pts',(21.2466615708526,214.691783242589,1.27918874724824E-14));
#6968=CARTESIAN_POINT('Ctrl Pts',(21.2991040693311,214.410197433147,1.27606251675772E-14));
#6969=CARTESIAN_POINT('Ctrl Pts',(21.368442716392,214.067449647648,1.27225725192673E-14));
#6970=CARTESIAN_POINT('Ctrl Pts',(21.4479267087725,213.683839491271,1.26799832364582E-14));
#6971=CARTESIAN_POINT('Ctrl Pts',(21.5305444635904,213.283170097732,1.26354999978613E-14));
#6972=CARTESIAN_POINT('Ctrl Pts',(21.6104256723601,212.887259807861,1.25915451259112E-14));
#6973=CARTESIAN_POINT('Ctrl Pts',(21.6841932528406,212.510744730473,1.25497435551077E-14));
#6974=CARTESIAN_POINT('Ctrl Pts',(21.7522773768771,212.155955761934,1.25103540669323E-14));
#6975=CARTESIAN_POINT('Ctrl Pts',(21.8173718156183,211.816812109651,1.24727015577902E-14));
#6976=CARTESIAN_POINT('Ctrl Pts',(21.88302587393,211.482311518328,1.24355645319666E-14));
#6977=CARTESIAN_POINT('Ctrl Pts',(21.952123777384,211.140277689839,1.23975911488076E-14));
#6978=CARTESIAN_POINT('Ctrl Pts',(22.0255669640959,210.780669167221,1.23576665826414E-14));
#6979=CARTESIAN_POINT('Ctrl Pts',(22.1004726850419,210.399865019121,1.2315388829332E-14));
#6980=CARTESIAN_POINT('Ctrl Pts',(22.1701651534835,210.001327307211,1.22711422549376E-14));
#6981=CARTESIAN_POINT('Ctrl Pts',(22.2257330284012,209.593115197064,1.22258216065761E-14));
#6982=CARTESIAN_POINT('Ctrl Pts',(22.2571139557363,209.186336879208,1.21806601411359E-14));
#6983=CARTESIAN_POINT('Ctrl Pts',(22.2544102350503,208.793182461902,1.21370112325032E-14));
#6984=CARTESIAN_POINT('Ctrl Pts',(22.2090044859721,208.425274762229,1.20961652725919E-14));
#6985=CARTESIAN_POINT('Ctrl Pts',(22.1150308074673,208.091553881356,1.20591148120175E-14));
#6986=CARTESIAN_POINT('Ctrl Pts',(21.9692717538283,207.798162187487,1.20265417906408E-14));
#6987=CARTESIAN_POINT('Ctrl Pts',(21.7704074798651,207.549150309824,1.19988959186422E-14));
#6988=CARTESIAN_POINT('Ctrl Pts',(21.5184744236531,207.346914736303,1.197644325963E-14));
#6989=CARTESIAN_POINT('Ctrl Pts',(21.2142829346943,207.192710311263,1.19593231293121E-14));
#6990=CARTESIAN_POINT('Ctrl Pts',(20.8587864760783,207.087171324796,1.1947605948035E-14));
#6991=CARTESIAN_POINT('Ctrl Pts',(20.4528139012267,207.030588618118,1.19413240056601E-14));
#6992=CARTESIAN_POINT('Ctrl Pts',(19.9971035617518,207.022971918125,1.19404783820896E-14));
#6993=CARTESIAN_POINT('Ctrl Pts',(19.4922542143194,207.064168671578,1.19450521405121E-14));
#6994=CARTESIAN_POINT('Ctrl Pts',(19.049423203417,207.135995856055,1.1953026559912E-14));
#6995=CARTESIAN_POINT('Ctrl Pts',(18.6955151690321,207.211638423904,1.19614245719588E-14));
#6996=CARTESIAN_POINT('Ctrl Pts',(18.4499072672149,207.271730435911,1.19680961254914E-14));
#6997=CARTESIAN_POINT('Ctrl Pts',(18.3246860102385,207.304192352555,1.19717001222196E-14));
#6998=CARTESIAN_POINT('',(21.4921599250082,215.256168907352,-0.999999999999987));
#6999=CARTESIAN_POINT('',(21.4921599250082,215.256168907352,1.28545468684611E-14));
#7000=CARTESIAN_POINT('Ctrl Pts',(21.4921599250082,215.256168907352,-0.999999999999987));
#7001=CARTESIAN_POINT('Ctrl Pts',(21.4722400678621,215.251850846307,-0.999999999999987));
#7002=CARTESIAN_POINT('Ctrl Pts',(21.4340937104527,215.242814351275,-0.999999999999987));
#7003=CARTESIAN_POINT('Ctrl Pts',(21.3819546904567,215.22805590003,-0.999999999999987));
#7004=CARTESIAN_POINT('Ctrl Pts',(21.3226066714848,215.205989859007,-0.999999999999987));
#7005=CARTESIAN_POINT('Ctrl Pts',(21.2658298933234,215.171431344287,-0.999999999999987));
#7006=CARTESIAN_POINT('Ctrl Pts',(21.2276247128701,215.121354217823,-0.999999999999987));
#7007=CARTESIAN_POINT('Ctrl Pts',(21.2103652766355,215.037805192667,-0.999999999999987));
#7008=CARTESIAN_POINT('Ctrl Pts',(21.2163868528146,214.900031529114,-0.999999999999987));
#7009=CARTESIAN_POINT('Ctrl Pts',(21.2466615708526,214.691783242589,-0.999999999999987));
#7010=CARTESIAN_POINT('Ctrl Pts',(21.2991040693311,214.410197433147,-0.999999999999987));
#7011=CARTESIAN_POINT('Ctrl Pts',(21.368442716392,214.067449647648,-0.999999999999987));
#7012=CARTESIAN_POINT('Ctrl Pts',(21.4479267087725,213.683839491271,-0.999999999999987));
#7013=CARTESIAN_POINT('Ctrl Pts',(21.5305444635904,213.283170097732,-0.999999999999987));
#7014=CARTESIAN_POINT('Ctrl Pts',(21.6104256723601,212.887259807861,-0.999999999999987));
#7015=CARTESIAN_POINT('Ctrl Pts',(21.6841932528406,212.510744730473,-0.999999999999988));
#7016=CARTESIAN_POINT('Ctrl Pts',(21.7522773768771,212.155955761934,-0.999999999999988));
#7017=CARTESIAN_POINT('Ctrl Pts',(21.8173718156183,211.816812109651,-0.999999999999988));
#7018=CARTESIAN_POINT('Ctrl Pts',(21.88302587393,211.482311518328,-0.999999999999988));
#7019=CARTESIAN_POINT('Ctrl Pts',(21.952123777384,211.140277689839,-0.999999999999988));
#7020=CARTESIAN_POINT('Ctrl Pts',(22.0255669640959,210.780669167221,-0.999999999999988));
#7021=CARTESIAN_POINT('Ctrl Pts',(22.1004726850419,210.399865019121,-0.999999999999988));
#7022=CARTESIAN_POINT('Ctrl Pts',(22.1701651534835,210.001327307211,-0.999999999999988));
#7023=CARTESIAN_POINT('Ctrl Pts',(22.2257330284012,209.593115197064,-0.999999999999988));
#7024=CARTESIAN_POINT('Ctrl Pts',(22.2571139557363,209.186336879208,-0.999999999999988));
#7025=CARTESIAN_POINT('Ctrl Pts',(22.2544102350503,208.793182461902,-0.999999999999988));
#7026=CARTESIAN_POINT('Ctrl Pts',(22.2090044859721,208.425274762229,-0.999999999999988));
#7027=CARTESIAN_POINT('Ctrl Pts',(22.1150308074673,208.091553881356,-0.999999999999988));
#7028=CARTESIAN_POINT('Ctrl Pts',(21.9692717538283,207.798162187487,-0.999999999999988));
#7029=CARTESIAN_POINT('Ctrl Pts',(21.7704074798651,207.549150309824,-0.999999999999988));
#7030=CARTESIAN_POINT('Ctrl Pts',(21.5184744236531,207.346914736303,-0.999999999999988));
#7031=CARTESIAN_POINT('Ctrl Pts',(21.2142829346943,207.192710311263,-0.999999999999988));
#7032=CARTESIAN_POINT('Ctrl Pts',(20.8587864760783,207.087171324796,-0.999999999999988));
#7033=CARTESIAN_POINT('Ctrl Pts',(20.4528139012267,207.030588618118,-0.999999999999988));
#7034=CARTESIAN_POINT('Ctrl Pts',(19.9971035617518,207.022971918125,-0.999999999999988));
#7035=CARTESIAN_POINT('Ctrl Pts',(19.4922542143194,207.064168671578,-0.999999999999988));
#7036=CARTESIAN_POINT('Ctrl Pts',(19.049423203417,207.135995856055,-0.999999999999988));
#7037=CARTESIAN_POINT('Ctrl Pts',(18.6955151690321,207.211638423904,-0.999999999999988));
#7038=CARTESIAN_POINT('Ctrl Pts',(18.4499072672149,207.271730435911,-0.999999999999988));
#7039=CARTESIAN_POINT('Ctrl Pts',(18.3246860102385,207.304192352555,-0.999999999999988));
#7040=CARTESIAN_POINT('Ctrl Pts',(17.1334921947997,216.621749687213,1.30061567908398E-14));
#7041=CARTESIAN_POINT('Ctrl Pts',(17.1334921947997,216.621749687213,-0.999999999999987));
#7042=CARTESIAN_POINT('Ctrl Pts',(17.1302201824076,216.678106025749,1.30124136013025E-14));
#7043=CARTESIAN_POINT('Ctrl Pts',(17.1302201824076,216.678106025749,-0.999999999999987));
#7044=CARTESIAN_POINT('Ctrl Pts',(17.1268485303671,216.795492118146,1.30254460755574E-14));
#7045=CARTESIAN_POINT('Ctrl Pts',(17.1268485303671,216.795492118146,-0.999999999999987));
#7046=CARTESIAN_POINT('Ctrl Pts',(17.1332449375216,216.968148481949,1.30446147826016E-14));
#7047=CARTESIAN_POINT('Ctrl Pts',(17.1332449375216,216.968148481949,-0.999999999999987));
#7048=CARTESIAN_POINT('Ctrl Pts',(17.1656309081721,217.1865910774,1.30688667825045E-14));
#7049=CARTESIAN_POINT('Ctrl Pts',(17.1656309081721,217.1865910774,-0.999999999999987));
#7050=CARTESIAN_POINT('Ctrl Pts',(17.2465264068044,217.437006672486,1.30966684984435E-14));
#7051=CARTESIAN_POINT('Ctrl Pts',(17.2465264068044,217.437006672486,-0.999999999999987));
#7052=CARTESIAN_POINT('Ctrl Pts',(17.3709503217918,217.665615491269,1.3122049175868E-14));
#7053=CARTESIAN_POINT('Ctrl Pts',(17.3709503217918,217.665615491269,-0.999999999999987));
#7054=CARTESIAN_POINT('Ctrl Pts',(17.5360125648267,217.863296831211,1.31439962133823E-14));
#7055=CARTESIAN_POINT('Ctrl Pts',(17.5360125648267,217.863296831211,-0.999999999999987));
#7056=CARTESIAN_POINT('Ctrl Pts',(17.7395554705204,218.023876020789,1.31618240847368E-14));
#7057=CARTESIAN_POINT('Ctrl Pts',(17.7395554705204,218.023876020789,-0.999999999999987));
#7058=CARTESIAN_POINT('Ctrl Pts',(17.978547796692,218.140353323906,1.31747556631135E-14));
#7059=CARTESIAN_POINT('Ctrl Pts',(17.978547796692,218.140353323906,-0.999999999999987));
#7060=CARTESIAN_POINT('Ctrl Pts',(18.2493672922314,218.207355890002,1.31821944422723E-14));
#7061=CARTESIAN_POINT('Ctrl Pts',(18.2493672922314,218.207355890002,-0.999999999999987));
#7062=CARTESIAN_POINT('Ctrl Pts',(18.5480373479512,218.223105630777,1.31839430147564E-14));
#7063=CARTESIAN_POINT('Ctrl Pts',(18.5480373479512,218.223105630777,-0.999999999999987));
#7064=CARTESIAN_POINT('Ctrl Pts',(18.8704709723748,218.19220078222,1.31805118873123E-14));
#7065=CARTESIAN_POINT('Ctrl Pts',(18.8704709723748,218.19220078222,-0.999999999999987));
#7066=CARTESIAN_POINT('Ctrl Pts',(19.2127361985717,218.124796325057,1.31730284892818E-14));
#7067=CARTESIAN_POINT('Ctrl Pts',(19.2127361985717,218.124796325057,-0.999999999999987));
#7068=CARTESIAN_POINT('Ctrl Pts',(19.5713308610898,218.034332075817,1.31629849400407E-14));
#7069=CARTESIAN_POINT('Ctrl Pts',(19.5713308610898,218.034332075817,-0.999999999999987));
#7070=CARTESIAN_POINT('Ctrl Pts',(19.9434637609368,217.935743907373,1.31520394545844E-14));
#7071=CARTESIAN_POINT('Ctrl Pts',(19.9434637609368,217.935743907373,-0.999999999999987));
#7072=CARTESIAN_POINT('Ctrl Pts',(20.3273118578937,217.843504745043,1.31417988504054E-14));
#7073=CARTESIAN_POINT('Ctrl Pts',(20.3273118578937,217.843504745043,-0.999999999999987));
#7074=CARTESIAN_POINT('Ctrl Pts',(20.7223518755223,217.769695464399,1.31336043741252E-14));
#7075=CARTESIAN_POINT('Ctrl Pts',(20.7223518755223,217.769695464399,-0.999999999999987));
#7076=CARTESIAN_POINT('Ctrl Pts',(21.1287050683755,217.72293168667,1.31284125518498E-14));
#7077=CARTESIAN_POINT('Ctrl Pts',(21.1287050683755,217.72293168667,-0.999999999999987));
#7078=CARTESIAN_POINT('Ctrl Pts',(21.5464067410033,217.707443356809,1.31266930018073E-14));
#7079=CARTESIAN_POINT('Ctrl Pts',(21.5464067410033,217.707443356809,-0.999999999999987));
#7080=CARTESIAN_POINT('Ctrl Pts',(21.9746808197777,217.721936345311,1.31283020467604E-14));
#7081=CARTESIAN_POINT('Ctrl Pts',(21.9746808197777,217.721936345311,-0.999999999999987));
#7082=CARTESIAN_POINT('Ctrl Pts',(22.4112558815096,217.758823191451,1.31323973093495E-14));
#7083=CARTESIAN_POINT('Ctrl Pts',(22.4112558815096,217.758823191451,-0.999999999999987));
#7084=CARTESIAN_POINT('Ctrl Pts',(22.8515338096399,217.802482682299,1.31372444865478E-14));
#7085=CARTESIAN_POINT('Ctrl Pts',(22.8515338096399,217.802482682299,-0.999999999999987));
#7086=CARTESIAN_POINT('Ctrl Pts',(23.288371292495,217.831447711872,1.31404602508219E-14));
#7087=CARTESIAN_POINT('Ctrl Pts',(23.288371292495,217.831447711872,-0.999999999999987));
#7088=CARTESIAN_POINT('Ctrl Pts',(23.7122663032687,217.823028302681,1.31395255086281E-14));
#7089=CARTESIAN_POINT('Ctrl Pts',(23.7122663032687,217.823028302681,-0.999999999999987));
#7090=CARTESIAN_POINT('Ctrl Pts',(24.1113903979123,217.75732385184,1.31322308492137E-14));
#7091=CARTESIAN_POINT('Ctrl Pts',(24.1113903979123,217.75732385184,-0.999999999999987));
#7092=CARTESIAN_POINT('Ctrl Pts',(24.4717172996703,217.621212054928,1.31171194041283E-14));
#7093=CARTESIAN_POINT('Ctrl Pts',(24.4717172996703,217.621212054928,-0.999999999999987));
#7094=CARTESIAN_POINT('Ctrl Pts',(24.7769940261452,217.413073152469,1.30940113439452E-14));
#7095=CARTESIAN_POINT('Ctrl Pts',(24.7769940261452,217.413073152469,-0.999999999999987));
#7096=CARTESIAN_POINT('Ctrl Pts',(25.0091000080598,217.14511759778,1.30642623013061E-14));
#7097=CARTESIAN_POINT('Ctrl Pts',(25.0091000080598,217.14511759778,-0.999999999999987));
#7098=CARTESIAN_POINT('Ctrl Pts',(25.1495654691397,216.837886649683,1.30301528140605E-14));
#7099=CARTESIAN_POINT('Ctrl Pts',(25.1495654691397,216.837886649683,-0.999999999999987));
#7100=CARTESIAN_POINT('Ctrl Pts',(25.180956727272,216.515990586285,1.29944151719484E-14));
#7101=CARTESIAN_POINT('Ctrl Pts',(25.180956727272,216.515990586285,-0.999999999999987));
#7102=CARTESIAN_POINT('Ctrl Pts',(25.0882052706335,216.203696089317,1.29597435178487E-14));
#7103=CARTESIAN_POINT('Ctrl Pts',(25.0882052706335,216.203696089317,-0.999999999999987));
#7104=CARTESIAN_POINT('Ctrl Pts',(24.8602915952745,215.919825562296,1.29282275583376E-14));
#7105=CARTESIAN_POINT('Ctrl Pts',(24.8602915952745,215.919825562296,-0.999999999999987));
#7106=CARTESIAN_POINT('Ctrl Pts',(24.4900456157448,215.677299231352,1.29013017266684E-14));
#7107=CARTESIAN_POINT('Ctrl Pts',(24.4900456157448,215.677299231352,-0.999999999999987));
#7108=CARTESIAN_POINT('Ctrl Pts',(23.9731991169105,215.484595306045,1.28799072931872E-14));
#7109=CARTESIAN_POINT('Ctrl Pts',(23.9731991169105,215.484595306045,-0.999999999999987));
#7110=CARTESIAN_POINT('Ctrl Pts',(23.3077132106331,215.34655469333,1.28645817065303E-14));
#7111=CARTESIAN_POINT('Ctrl Pts',(23.3077132106331,215.34655469333,-0.999999999999987));
#7112=CARTESIAN_POINT('Ctrl Pts',(22.6559600830845,215.281656687526,1.28573765805007E-14));
#7113=CARTESIAN_POINT('Ctrl Pts',(22.6559600830845,215.281656687526,-0.999999999999987));
#7114=CARTESIAN_POINT('Ctrl Pts',(22.1000989974931,215.258861941628,1.28548458553271E-14));
#7115=CARTESIAN_POINT('Ctrl Pts',(22.1000989974931,215.258861941628,-0.999999999999987));
#7116=CARTESIAN_POINT('Ctrl Pts',(21.6997660874557,215.255152146981,1.28544339853837E-14));
#7117=CARTESIAN_POINT('Ctrl Pts',(21.6997660874557,215.255152146981,-0.999999999999987));
#7118=CARTESIAN_POINT('Ctrl Pts',(21.4921599250082,215.256168907352,1.28545468684611E-14));
#7119=CARTESIAN_POINT('Ctrl Pts',(21.4921599250082,215.256168907352,-0.999999999999987));
#7120=CARTESIAN_POINT('Ctrl Pts',(17.1334921947997,216.621749687212,1.30061567908398E-14));
#7121=CARTESIAN_POINT('Ctrl Pts',(17.1302201824076,216.678106025749,1.30124136013025E-14));
#7122=CARTESIAN_POINT('Ctrl Pts',(17.1268485303671,216.795492118146,1.30254460755574E-14));
#7123=CARTESIAN_POINT('Ctrl Pts',(17.1332449375216,216.968148481949,1.30446147826016E-14));
#7124=CARTESIAN_POINT('Ctrl Pts',(17.1656309081721,217.1865910774,1.30688667825045E-14));
#7125=CARTESIAN_POINT('Ctrl Pts',(17.2465264068044,217.437006672486,1.30966684984435E-14));
#7126=CARTESIAN_POINT('Ctrl Pts',(17.3709503217918,217.665615491269,1.3122049175868E-14));
#7127=CARTESIAN_POINT('Ctrl Pts',(17.5360125648267,217.863296831211,1.31439962133823E-14));
#7128=CARTESIAN_POINT('Ctrl Pts',(17.7395554705204,218.023876020789,1.31618240847368E-14));
#7129=CARTESIAN_POINT('Ctrl Pts',(17.978547796692,218.140353323906,1.31747556631135E-14));
#7130=CARTESIAN_POINT('Ctrl Pts',(18.2493672922314,218.207355890002,1.31821944422723E-14));
#7131=CARTESIAN_POINT('Ctrl Pts',(18.5480373479512,218.223105630777,1.31839430147564E-14));
#7132=CARTESIAN_POINT('Ctrl Pts',(18.8704709723748,218.19220078222,1.31805118873123E-14));
#7133=CARTESIAN_POINT('Ctrl Pts',(19.2127361985717,218.124796325057,1.31730284892818E-14));
#7134=CARTESIAN_POINT('Ctrl Pts',(19.5713308610898,218.034332075817,1.31629849400407E-14));
#7135=CARTESIAN_POINT('Ctrl Pts',(19.9434637609368,217.935743907373,1.31520394545844E-14));
#7136=CARTESIAN_POINT('Ctrl Pts',(20.3273118578937,217.843504745043,1.31417988504054E-14));
#7137=CARTESIAN_POINT('Ctrl Pts',(20.7223518755223,217.769695464399,1.31336043741252E-14));
#7138=CARTESIAN_POINT('Ctrl Pts',(21.1287050683755,217.72293168667,1.31284125518498E-14));
#7139=CARTESIAN_POINT('Ctrl Pts',(21.5464067410033,217.707443356809,1.31266930018073E-14));
#7140=CARTESIAN_POINT('Ctrl Pts',(21.9746808197777,217.721936345311,1.31283020467604E-14));
#7141=CARTESIAN_POINT('Ctrl Pts',(22.4112558815096,217.758823191451,1.31323973093495E-14));
#7142=CARTESIAN_POINT('Ctrl Pts',(22.8515338096399,217.802482682299,1.31372444865478E-14));
#7143=CARTESIAN_POINT('Ctrl Pts',(23.288371292495,217.831447711872,1.31404602508219E-14));
#7144=CARTESIAN_POINT('Ctrl Pts',(23.7122663032687,217.823028302681,1.31395255086281E-14));
#7145=CARTESIAN_POINT('Ctrl Pts',(24.1113903979123,217.75732385184,1.31322308492137E-14));
#7146=CARTESIAN_POINT('Ctrl Pts',(24.4717172996703,217.621212054928,1.31171194041283E-14));
#7147=CARTESIAN_POINT('Ctrl Pts',(24.7769940261452,217.413073152469,1.30940113439452E-14));
#7148=CARTESIAN_POINT('Ctrl Pts',(25.0091000080598,217.14511759778,1.30642623013061E-14));
#7149=CARTESIAN_POINT('Ctrl Pts',(25.1495654691397,216.837886649683,1.30301528140605E-14));
#7150=CARTESIAN_POINT('Ctrl Pts',(25.180956727272,216.515990586285,1.29944151719484E-14));
#7151=CARTESIAN_POINT('Ctrl Pts',(25.0882052706335,216.203696089317,1.29597435178487E-14));
#7152=CARTESIAN_POINT('Ctrl Pts',(24.8602915952745,215.919825562296,1.29282275583376E-14));
#7153=CARTESIAN_POINT('Ctrl Pts',(24.4900456157448,215.677299231352,1.29013017266684E-14));
#7154=CARTESIAN_POINT('Ctrl Pts',(23.9731991169105,215.484595306045,1.28799072931872E-14));
#7155=CARTESIAN_POINT('Ctrl Pts',(23.3077132106331,215.34655469333,1.28645817065303E-14));
#7156=CARTESIAN_POINT('Ctrl Pts',(22.6559600830845,215.281656687526,1.28573765805007E-14));
#7157=CARTESIAN_POINT('Ctrl Pts',(22.1000989974931,215.258861941628,1.28548458553271E-14));
#7158=CARTESIAN_POINT('Ctrl Pts',(21.6997660874557,215.255152146981,1.28544339853837E-14));
#7159=CARTESIAN_POINT('Ctrl Pts',(21.4921599250082,215.256168907352,1.28545468684611E-14));
#7160=CARTESIAN_POINT('Ctrl Pts',(17.1334921947997,216.621749687212,-0.999999999999987));
#7161=CARTESIAN_POINT('Ctrl Pts',(17.1302201824076,216.678106025749,-0.999999999999987));
#7162=CARTESIAN_POINT('Ctrl Pts',(17.1268485303671,216.795492118146,-0.999999999999987));
#7163=CARTESIAN_POINT('Ctrl Pts',(17.1332449375216,216.968148481949,-0.999999999999987));
#7164=CARTESIAN_POINT('Ctrl Pts',(17.1656309081721,217.1865910774,-0.999999999999987));
#7165=CARTESIAN_POINT('Ctrl Pts',(17.2465264068044,217.437006672486,-0.999999999999987));
#7166=CARTESIAN_POINT('Ctrl Pts',(17.3709503217918,217.665615491269,-0.999999999999987));
#7167=CARTESIAN_POINT('Ctrl Pts',(17.5360125648267,217.863296831211,-0.999999999999987));
#7168=CARTESIAN_POINT('Ctrl Pts',(17.7395554705204,218.023876020789,-0.999999999999987));
#7169=CARTESIAN_POINT('Ctrl Pts',(17.978547796692,218.140353323906,-0.999999999999987));
#7170=CARTESIAN_POINT('Ctrl Pts',(18.2493672922314,218.207355890002,-0.999999999999987));
#7171=CARTESIAN_POINT('Ctrl Pts',(18.5480373479512,218.223105630777,-0.999999999999987));
#7172=CARTESIAN_POINT('Ctrl Pts',(18.8704709723748,218.19220078222,-0.999999999999987));
#7173=CARTESIAN_POINT('Ctrl Pts',(19.2127361985717,218.124796325057,-0.999999999999987));
#7174=CARTESIAN_POINT('Ctrl Pts',(19.5713308610898,218.034332075817,-0.999999999999987));
#7175=CARTESIAN_POINT('Ctrl Pts',(19.9434637609368,217.935743907373,-0.999999999999987));
#7176=CARTESIAN_POINT('Ctrl Pts',(20.3273118578937,217.843504745043,-0.999999999999987));
#7177=CARTESIAN_POINT('Ctrl Pts',(20.7223518755223,217.769695464399,-0.999999999999987));
#7178=CARTESIAN_POINT('Ctrl Pts',(21.1287050683755,217.72293168667,-0.999999999999987));
#7179=CARTESIAN_POINT('Ctrl Pts',(21.5464067410033,217.707443356809,-0.999999999999987));
#7180=CARTESIAN_POINT('Ctrl Pts',(21.9746808197777,217.721936345311,-0.999999999999987));
#7181=CARTESIAN_POINT('Ctrl Pts',(22.4112558815096,217.758823191451,-0.999999999999987));
#7182=CARTESIAN_POINT('Ctrl Pts',(22.8515338096399,217.802482682299,-0.999999999999987));
#7183=CARTESIAN_POINT('Ctrl Pts',(23.288371292495,217.831447711872,-0.999999999999987));
#7184=CARTESIAN_POINT('Ctrl Pts',(23.7122663032687,217.823028302681,-0.999999999999987));
#7185=CARTESIAN_POINT('Ctrl Pts',(24.1113903979123,217.75732385184,-0.999999999999987));
#7186=CARTESIAN_POINT('Ctrl Pts',(24.4717172996703,217.621212054928,-0.999999999999987));
#7187=CARTESIAN_POINT('Ctrl Pts',(24.7769940261452,217.413073152469,-0.999999999999987));
#7188=CARTESIAN_POINT('Ctrl Pts',(25.0091000080598,217.14511759778,-0.999999999999987));
#7189=CARTESIAN_POINT('Ctrl Pts',(25.1495654691397,216.837886649683,-0.999999999999987));
#7190=CARTESIAN_POINT('Ctrl Pts',(25.180956727272,216.515990586285,-0.999999999999987));
#7191=CARTESIAN_POINT('Ctrl Pts',(25.0882052706335,216.203696089317,-0.999999999999987));
#7192=CARTESIAN_POINT('Ctrl Pts',(24.8602915952745,215.919825562296,-0.999999999999987));
#7193=CARTESIAN_POINT('Ctrl Pts',(24.4900456157448,215.677299231352,-0.999999999999987));
#7194=CARTESIAN_POINT('Ctrl Pts',(23.9731991169105,215.484595306045,-0.999999999999987));
#7195=CARTESIAN_POINT('Ctrl Pts',(23.3077132106331,215.34655469333,-0.999999999999987));
#7196=CARTESIAN_POINT('Ctrl Pts',(22.6559600830845,215.281656687526,-0.999999999999987));
#7197=CARTESIAN_POINT('Ctrl Pts',(22.1000989974931,215.258861941628,-0.999999999999987));
#7198=CARTESIAN_POINT('Ctrl Pts',(21.6997660874557,215.255152146981,-0.999999999999987));
#7199=CARTESIAN_POINT('Ctrl Pts',(21.4921599250082,215.256168907352,-0.999999999999987));
#7200=CARTESIAN_POINT('Origin',(10.2292364416608,212.623038774451,-0.999999999999987));
#7201=CARTESIAN_POINT('Origin',(-47.499895758276,7.50163655083898,-8.88178419700125E-15));
#7202=CARTESIAN_POINT('Origin',(-47.499895758276,7.50163655083898,-8.88178419700125E-15));
#7203=CARTESIAN_POINT('Origin',(-47.499895758276,7.50163655083898,-8.88178419700125E-15));
#7204=CARTESIAN_POINT('Origin',(-55.999947879138,213.002533156322,-4.));
#7205=CARTESIAN_POINT('',(-55.799947879138,213.002533156322,-4.));
#7206=CARTESIAN_POINT('',(-46.199947879138,213.002533156322,-4.));
#7207=CARTESIAN_POINT('',(-49.999973939569,213.002533156322,-4.));
#7208=CARTESIAN_POINT('',(-55.799947879138,208.302533156323,-4.));
#7209=CARTESIAN_POINT('',(-55.799947879138,213.002533156322,-4.));
#7210=CARTESIAN_POINT('',(-46.199947879138,208.302533156323,-4.));
#7211=CARTESIAN_POINT('',(-55.999947879138,208.302533156323,-4.));
#7212=CARTESIAN_POINT('',(-46.199947879138,213.002533156322,-4.));
#7213=CARTESIAN_POINT('Origin',(-55.799947879138,213.002533156322,-2.));
#7214=CARTESIAN_POINT('',(-55.799947879138,213.002533156322,-2.));
#7215=CARTESIAN_POINT('',(-55.799947879138,213.002533156322,-4.));
#7216=CARTESIAN_POINT('',(-55.799947879138,208.302533156323,-2.));
#7217=CARTESIAN_POINT('',(-55.799947879138,213.002533156322,-2.));
#7218=CARTESIAN_POINT('',(-55.799947879138,208.302533156323,-2.50000000000001));
#7219=CARTESIAN_POINT('Origin',(-45.999947879138,213.002533156322,-2.));
#7220=CARTESIAN_POINT('',(-46.199947879138,213.002533156322,-2.));
#7221=CARTESIAN_POINT('',(-44.999973939569,213.002533156322,-2.00000000000001));
#7222=CARTESIAN_POINT('',(-46.199947879138,208.302533156323,-2.));
#7223=CARTESIAN_POINT('',(-46.199947879138,213.002533156322,-2.));
#7224=CARTESIAN_POINT('',(-45.999947879138,208.302533156323,-2.));
#7225=CARTESIAN_POINT('Origin',(-46.199947879138,213.002533156322,-4.));
#7226=CARTESIAN_POINT('',(-46.199947879138,213.002533156322,-5.));
#7227=CARTESIAN_POINT('',(-46.199947879138,208.302533156323,-3.50000000000001));
#7228=CARTESIAN_POINT('Origin',(-50.999947879138,208.302533156323,-3.00000000000001));
#7229=CARTESIAN_POINT('Origin',(46.0000447307575,213.002533156322,-3.75000000000002));
#7230=CARTESIAN_POINT('',(46.2000447307575,213.002533156322,-3.75000000000002));
#7231=CARTESIAN_POINT('',(55.8000447307575,213.002533156322,-3.75000000000002));
#7232=CARTESIAN_POINT('',(52.0000707911885,213.002533156322,-3.75000000000002));
#7233=CARTESIAN_POINT('',(46.2000447307575,208.302533156323,-3.75000000000002));
#7234=CARTESIAN_POINT('',(46.2000447307575,213.002533156322,-3.75000000000002));
#7235=CARTESIAN_POINT('',(55.8000447307575,208.302533156323,-3.75000000000002));
#7236=CARTESIAN_POINT('',(46.0000447307575,208.302533156323,-3.75000000000002));
#7237=CARTESIAN_POINT('',(55.8000447307575,213.002533156322,-3.75000000000002));
#7238=CARTESIAN_POINT('Origin',(46.2000447307575,213.002533156322,-1.75000000000002));
#7239=CARTESIAN_POINT('',(46.2000447307575,213.002533156322,-1.75000000000002));
#7240=CARTESIAN_POINT('',(46.2000447307575,213.002533156322,-3.87500000000001));
#7241=CARTESIAN_POINT('',(46.2000447307575,208.302533156323,-1.75000000000002));
#7242=CARTESIAN_POINT('',(46.2000447307575,213.002533156322,-1.75000000000002));
#7243=CARTESIAN_POINT('',(46.2000447307575,208.302533156323,-2.25000000000002));
#7244=CARTESIAN_POINT('Origin',(56.0000447307575,213.002533156322,-1.75000000000002));
#7245=CARTESIAN_POINT('',(55.8000447307575,213.002533156322,-1.75000000000002));
#7246=CARTESIAN_POINT('',(57.0000707911885,213.002533156322,-1.75000000000002));
#7247=CARTESIAN_POINT('',(55.8000447307575,208.302533156323,-1.75000000000002));
#7248=CARTESIAN_POINT('',(55.8000447307575,213.002533156322,-1.75000000000002));
#7249=CARTESIAN_POINT('',(56.0000447307575,208.302533156323,-1.75000000000002));
#7250=CARTESIAN_POINT('Origin',(55.8000447307575,213.002533156322,-3.75000000000002));
#7251=CARTESIAN_POINT('',(55.8000447307575,213.002533156322,-4.87500000000001));
#7252=CARTESIAN_POINT('',(55.8000447307575,208.302533156323,-3.25000000000002));
#7253=CARTESIAN_POINT('Origin',(51.0000447307575,208.302533156323,-2.75000000000002));
#7254=CARTESIAN_POINT('Origin',(-47.499895758276,7.50163655083898,-8.88178419700125E-15));
#7255=CARTESIAN_POINT('',(55.000004432542,12.001636550839,0.));
#7256=CARTESIAN_POINT('',(55.,7.50333800000001,0.));
#7257=CARTESIAN_POINT('',(55.000202,212.5,0.));
#7258=CARTESIAN_POINT('',(49.2767594369407,12.001636550839,-8.88178419700125E-15));
#7259=CARTESIAN_POINT('',(3.50010054667175,12.001636550839,-8.88178419700125E-15));
#7260=CARTESIAN_POINT('',(7.29551044645042,102.850353276287,0.));
#7261=CARTESIAN_POINT('',(41.5073757673061,28.8148222732037,-8.88178419700125E-15));
#7262=CARTESIAN_POINT('',(55.8863987335941,208.002533156322,8.88178419700125E-15));
#7263=CARTESIAN_POINT('',(54.5000968516195,205.002533156322,8.88178419700125E-15));
#7264=CARTESIAN_POINT('',(55.0001975682776,208.002533156322,0.));
#7265=CARTESIAN_POINT('',(-50.999895758276,208.002533156322,1.77635683940025E-14));
#7266=CARTESIAN_POINT('',(55.000202,212.5,0.));
#7267=CARTESIAN_POINT('',(55.000202,212.5,0.));
#7268=CARTESIAN_POINT('',(54.9799197050702,213.002533156322,0.));
#7269=CARTESIAN_POINT('Origin',(47.44703253282,212.44682910351,0.));
#7270=CARTESIAN_POINT('',(43.9999926098955,213.002533156322,1.77635683940025E-14));
#7271=CARTESIAN_POINT('',(5.25010054667175,213.002533156322,1.77635683940025E-14));
#7272=CARTESIAN_POINT('',(43.9999926098955,220.004498131585,0.));
#7273=CARTESIAN_POINT('',(43.9999926098955,110.252084853581,0.));
#7274=CARTESIAN_POINT('',(-44.,220.004498131585,0.));
#7275=CARTESIAN_POINT('',(-55.,220.004498131585,0.));
#7276=CARTESIAN_POINT('',(-44.,213.002533156322,1.77635683940025E-14));
#7277=CARTESIAN_POINT('',(-44.,115.252084853581,0.));
#7278=CARTESIAN_POINT('',(-54.9834240342798,213.002533156322,0.));
#7279=CARTESIAN_POINT('',(-45.749947879138,213.002533156322,1.77635683940025E-14));
#7280=CARTESIAN_POINT('',(-55.,212.504169,0.));
#7281=CARTESIAN_POINT('Origin',(-47.500002188855,212.50417118886,0.));
#7282=CARTESIAN_POINT('',(-55.,208.002533156322,0.));
#7283=CARTESIAN_POINT('',(-55.,7.50000000000001,0.));
#7284=CARTESIAN_POINT('',(-55.8861976402506,208.002533156322,1.77635683940025E-14));
#7285=CARTESIAN_POINT('',(-50.999895758276,208.002533156322,1.77635683940025E-14));
#7286=CARTESIAN_POINT('',(-7.29530935310694,102.850353276287,0.));
#7287=CARTESIAN_POINT('',(40.0000968516195,0.501636550838973,-8.88178419700125E-15));
#7288=CARTESIAN_POINT('',(-49.2765583435972,12.001636550839,-8.88178419700125E-15));
#7289=CARTESIAN_POINT('',(-2.61539596823754,112.977830081418,0.));
#7290=CARTESIAN_POINT('',(-55.,12.001636550839,0.));
#7291=CARTESIAN_POINT('',(-51.249895758276,12.001636550839,-8.88178419700125E-15));
#7292=CARTESIAN_POINT('',(-55.,7.50000000000001,0.));
#7293=CARTESIAN_POINT('',(-55.,7.50000000000001,0.));
#7294=CARTESIAN_POINT('',(-47.5,6.66133814775094E-15,0.));
#7295=CARTESIAN_POINT('Origin',(-47.500000481749,7.49999951829999,0.));
#7296=CARTESIAN_POINT('',(-40.,0.000263526315783608,0.));
#7297=CARTESIAN_POINT('',(47.5,0.00333800000000606,0.));
#7298=CARTESIAN_POINT('',(-40.,-2.01280202879007,-8.88178419700125E-15));
#7299=CARTESIAN_POINT('',(-40.,3.75261903847026,-8.88178419700125E-15));
#7300=CARTESIAN_POINT('',(-39.999895758276,-1.99836344916103,-8.88178419700125E-15));
#7301=CARTESIAN_POINT('Origin',(-40.999895758276,-1.99836344916102,-8.88178419700125E-15));
#7302=CARTESIAN_POINT('',(-39.999895758276,0.00360152610153319,-8.88178419700125E-15));
#7303=CARTESIAN_POINT('',(-39.999895758276,2.25163655083898,-8.88178419700125E-15));
#7304=CARTESIAN_POINT('',(39.9999926098955,0.00360152610153319,-8.88178419700125E-15));
#7305=CARTESIAN_POINT('',(-3.74995157419026,0.00360152610153319,-8.88178419700125E-15));
#7306=CARTESIAN_POINT('',(39.9999926098955,-1.99836344916102,-8.88178419700125E-15));
#7307=CARTESIAN_POINT('',(39.9999926098955,2.25261903847026,-8.88178419700125E-15));
#7308=CARTESIAN_POINT('',(40.0000968516195,-2.01280202879068,-8.88178419700125E-15));
#7309=CARTESIAN_POINT('Origin',(40.9999926098955,-1.99836344916102,-8.88178419700125E-15));
#7310=CARTESIAN_POINT('',(40.0000968516195,0.00307447708727562,0.));
#7311=CARTESIAN_POINT('',(40.0000968516195,3.75163655083898,-8.88178419700125E-15));
#7312=CARTESIAN_POINT('',(47.5,0.00333800000000606,0.));
#7313=CARTESIAN_POINT('',(47.5,0.00333800000000606,0.));
#7314=CARTESIAN_POINT('Origin',(47.49999877464,7.50333922539998,0.));
#7315=CARTESIAN_POINT('',(33.2996377554086,205.002533156322,8.88178419700125E-15));
#7316=CARTESIAN_POINT('',(0.000100546671744084,132.941308306859,0.));
#7317=CARTESIAN_POINT('',(40.0000968516195,219.502533156322,1.77635683940025E-14));
#7318=CARTESIAN_POINT('',(-33.2994366620651,205.002533156322,8.88178419700125E-15));
#7319=CARTESIAN_POINT('',(54.5000968516195,15.001636550839,-8.88178419700125E-15));
#7320=CARTESIAN_POINT('',(-57.999895758276,205.002533156322,8.88178419700125E-15));
#7321=CARTESIAN_POINT('',(0.000100546671739643,72.7593982457149,0.));
#7322=CARTESIAN_POINT('',(-26.6897973654116,15.001636550839,-8.88178419700125E-15));
#7323=CARTESIAN_POINT('',(13.3695907997217,101.69138721627,0.));
#7324=CARTESIAN_POINT('',(26.6899984587552,15.001636550839,-8.88178419700125E-15));
#7325=CARTESIAN_POINT('',(25.5223889993469,17.5283794080552,-8.88178419700125E-15));
#7326=CARTESIAN_POINT('',(55.0000968516195,15.001636550839,-8.88178419700125E-15));
#7327=CARTESIAN_POINT('Origin',(0.964962464668577,103.935568738974,-6.00000000000001));
#7328=CARTESIAN_POINT('',(58.0000968516195,7.00163655083898,-6.00000000000001));
#7329=CARTESIAN_POINT('',(58.0000968516195,11.751636550839,-6.00000000000001));
#7330=CARTESIAN_POINT('',(58.0000968516195,50.4686026449062,-6.00000000000001));
#7331=CARTESIAN_POINT('',(48.0000968516195,-2.99836344916102,-6.00000000000001));
#7332=CARTESIAN_POINT('Origin',(48.0000968516195,7.00163655083898,-6.00000000000001));
#7333=CARTESIAN_POINT('',(40.9999926098954,-2.99836344916102,-6.00000000000001));
#7334=CARTESIAN_POINT('',(-28.5174666468037,-2.99836344916103,-6.00000000000001));
#7335=CARTESIAN_POINT('',(39.9999926098955,-1.99836344916102,-6.00000000000001));
#7336=CARTESIAN_POINT('Origin',(40.9999926098955,-1.99836344916102,-6.00000000000001));
#7337=CARTESIAN_POINT('',(39.9999926098955,0.00360152610152875,-6.00000000000001));
#7338=CARTESIAN_POINT('',(39.9999926098955,50.4695851325375,-6.00000000000001));
#7339=CARTESIAN_POINT('',(-39.999895758276,0.00360152610153097,-6.00000000000001));
#7340=CARTESIAN_POINT('',(20.482477537282,0.00360152610153541,-6.00000000000001));
#7341=CARTESIAN_POINT('',(-39.999895758276,-1.99836344916102,-6.00000000000001));
#7342=CARTESIAN_POINT('',(-39.999895758276,51.9686026449062,-6.00000000000001));
#7343=CARTESIAN_POINT('',(-40.999895758276,-2.99836344916102,-6.00000000000001));
#7344=CARTESIAN_POINT('Origin',(-40.999895758276,-1.99836344916102,-6.00000000000001));
#7345=CARTESIAN_POINT('',(-47.999895758276,-2.99836344916102,-6.00000000000001));
#7346=CARTESIAN_POINT('',(-28.5174666468037,-2.99836344916103,-6.00000000000001));
#7347=CARTESIAN_POINT('',(-57.999895758276,7.00163655083898,-6.00000000000001));
#7348=CARTESIAN_POINT('Origin',(-47.999895758276,7.00163655083898,-6.00000000000001));
#7349=CARTESIAN_POINT('',(-57.999895758276,11.751636550839,-6.00000000000001));
#7350=CARTESIAN_POINT('',(-57.9998957582759,59.4686026449062,-6.00000000000001));
#7351=CARTESIAN_POINT('',(-57.749895758276,12.001636550839,-6.00000000000001));
#7352=CARTESIAN_POINT('Origin',(-57.749895758276,11.751636550839,-6.00000000000001));
#7353=CARTESIAN_POINT('',(-49.2765583435972,12.001636550839,-6.00000000000001));
#7354=CARTESIAN_POINT('',(-27.0174666468037,12.001636550839,-6.00000000000001));
#7355=CARTESIAN_POINT('',(-7.29530935310694,102.850353276287,-6.00000000000001));
#7356=CARTESIAN_POINT('',(20.0090567501424,161.937843075457,-6.00000000000001));
#7357=CARTESIAN_POINT('',(-55.8861976402507,208.002533156322,-6.00000000000001));
#7358=CARTESIAN_POINT('',(16.8725240968397,50.5504168103812,-6.00000000000001));
#7359=CARTESIAN_POINT('',(-57.499895758276,208.002533156322,-6.00000000000001));
#7360=CARTESIAN_POINT('',(-26.7674666468037,208.002533156322,-6.00000000000001));
#7361=CARTESIAN_POINT('',(-57.999895758276,208.502533156322,-6.00000000000001));
#7362=CARTESIAN_POINT('Origin',(-57.499895758276,208.502533156322,-6.));
#7363=CARTESIAN_POINT('',(-57.999895758276,213.002533156322,-6.00000000000001));
#7364=CARTESIAN_POINT('',(-57.999895758276,163.469050947648,-6.00000000000001));
#7365=CARTESIAN_POINT('',(-44.,213.002533156322,-6.00000000000001));
#7366=CARTESIAN_POINT('',(-21.5175187676657,213.002533156322,-6.));
#7367=CARTESIAN_POINT('',(-44.,220.004498131585,-6.00000000000001));
#7368=CARTESIAN_POINT('',(-44.,163.469050947648,-6.));
#7369=CARTESIAN_POINT('',(43.9999926098955,220.004498131585,-6.00000000000001));
#7370=CARTESIAN_POINT('',(-19.5175187676657,220.004498131585,-6.));
#7371=CARTESIAN_POINT('',(43.9999926098955,213.002533156322,-6.00000000000001));
#7372=CARTESIAN_POINT('',(43.9999926098955,158.469050947648,-6.));
#7373=CARTESIAN_POINT('',(58.0000968516195,213.002533156322,-6.00000000000001));
#7374=CARTESIAN_POINT('',(29.482529658144,213.002533156322,-6.));
#7375=CARTESIAN_POINT('',(58.0000968516195,208.502533156322,-6.00000000000001));
#7376=CARTESIAN_POINT('',(58.0000968516195,154.469050947648,-6.00000000000001));
#7377=CARTESIAN_POINT('',(57.5000968516195,208.002533156322,-6.00000000000001));
#7378=CARTESIAN_POINT('Origin',(57.5000968516195,208.502533156322,-6.));
#7379=CARTESIAN_POINT('',(55.8863987335941,208.002533156322,-6.00000000000001));
#7380=CARTESIAN_POINT('',(-26.7674666468037,208.002533156322,-6.00000000000001));
#7381=CARTESIAN_POINT('',(7.29551044645041,102.850353276287,-6.00000000000001));
#7382=CARTESIAN_POINT('',(30.5474528065287,153.168273194908,-6.00000000000001));
#7383=CARTESIAN_POINT('',(49.2767594369407,12.001636550839,-6.00000000000001));
#7384=CARTESIAN_POINT('',(27.410920153226,59.31998669093,-6.00000000000001));
#7385=CARTESIAN_POINT('',(57.7500968516195,12.001636550839,-6.00000000000001));
#7386=CARTESIAN_POINT('',(27.732529658144,12.001636550839,-6.00000000000001));
#7387=CARTESIAN_POINT('Origin',(57.7500968516195,11.751636550839,-6.00000000000001));
#7388=CARTESIAN_POINT('',(-26.6897973654117,15.001636550839,-6.00000000000001));
#7389=CARTESIAN_POINT('',(0.000100546671744084,72.7593982457149,-6.00000000000001));
#7390=CARTESIAN_POINT('',(35.9940435181016,150.651400210308,-6.00000000000001));
#7391=CARTESIAN_POINT('',(26.6899984587552,15.001636550839,-6.00000000000001));
#7392=CARTESIAN_POINT('',(17.1323001100386,15.001636550839,-6.00000000000001));
#7393=CARTESIAN_POINT('',(11.4259333852668,48.0335438257814,-6.00000000000001));
#7394=CARTESIAN_POINT('',(0.000100546671744084,132.941308306859,-6.00000000000001));
#7395=CARTESIAN_POINT('',(-33.2994366620651,205.002533156322,-6.00000000000001));
#7396=CARTESIAN_POINT('',(32.8575108647989,61.8368596755297,-6.00000000000001));
#7397=CARTESIAN_POINT('',(33.2996377554086,205.002533156322,-6.00000000000001));
#7398=CARTESIAN_POINT('',(14.5624660385695,164.454716060057,-6.00000000000001));
#7399=CARTESIAN_POINT('',(-16.1672370986983,205.002533156322,-6.00000000000001));
#7400=CARTESIAN_POINT('Origin',(-33.2994366620651,205.002533156322,-5.99999999999999));
#7401=CARTESIAN_POINT('',(33.2996377554086,205.002533156322,-5.99999999999999));
#7402=CARTESIAN_POINT('',(-33.2994366620651,205.002533156322,-5.99999999999999));
#7403=CARTESIAN_POINT('Origin',(40.0000968516195,219.502533156322,-5.99999999999999));
#7404=CARTESIAN_POINT('',(0.000100546671744084,132.941308306859,-6.));
#7405=CARTESIAN_POINT('Origin',(33.2996377554086,15.001636550839,-6.00000000000001));
#7406=CARTESIAN_POINT('',(-26.6897973654117,15.001636550839,-3.00000000000001));
#7407=CARTESIAN_POINT('',(26.6899984587552,15.001636550839,-3.00000000000001));
#7408=CARTESIAN_POINT('Origin',(59.9466875631924,202.485660171723,8.88178419700125E-15));
#7409=CARTESIAN_POINT('',(0.000100546671746304,72.7593982457149,0.));
#7410=CARTESIAN_POINT('Origin',(40.0000968516195,0.501636550838973,-8.88178419700125E-15));
#7411=CARTESIAN_POINT('',(-7.29530935310694,102.850353276287,-3.));
#7412=CARTESIAN_POINT('',(-55.8861976402507,208.002533156322,8.88178419700125E-15));
#7413=CARTESIAN_POINT('Origin',(45.4466875631924,216.985660171723,-5.99999999999999));
#7414=CARTESIAN_POINT('',(-49.2765583435972,12.001636550839,-3.00000000000001));
#7415=CARTESIAN_POINT('Origin',(-54.999895758276,12.001636550839,-8.88178419700125E-15));
#7416=CARTESIAN_POINT('',(-57.749895758276,12.001636550839,3.49999999999999));
#7417=CARTESIAN_POINT('',(-57.749895758276,12.001636550839,-6.00000000000001));
#7418=CARTESIAN_POINT('',(-57.499895758276,12.001636550839,3.74999999999999));
#7419=CARTESIAN_POINT('Origin',(-57.499895758276,12.001636550839,3.49999999999999));
#7420=CARTESIAN_POINT('',(-52.999895758276,12.001636550839,3.74999999999999));
#7421=CARTESIAN_POINT('',(-51.249895758276,12.001636550839,3.74999999999999));
#7422=CARTESIAN_POINT('',(-52.999895758276,12.001636550839,1.365));
#7423=CARTESIAN_POINT('',(-52.999895758276,12.001636550839,1.99999999999999));
#7424=CARTESIAN_POINT('',(-55.,12.001636550839,1.365));
#7425=CARTESIAN_POINT('',(-62.499947879138,12.001636550839,1.365));
#7426=CARTESIAN_POINT('',(-55.,12.001636550839,0.));
#7427=CARTESIAN_POINT('Origin',(-57.749895758276,11.751636550839,-3.00000000000001));
#7428=CARTESIAN_POINT('',(-57.999895758276,11.751636550839,3.49999999999999));
#7429=CARTESIAN_POINT('',(-57.999895758276,11.751636550839,-6.00000000000001));
#7430=CARTESIAN_POINT('Origin',(-57.749895758276,11.751636550839,3.49999999999999));
#7431=CARTESIAN_POINT('Origin',(-57.999895758276,15.001636550839,-6.00000000000001));
#7432=CARTESIAN_POINT('',(-57.999895758276,7.00163655083898,3.49999999999999));
#7433=CARTESIAN_POINT('',(-57.999895758276,7.00163655083898,-6.00000000000001));
#7434=CARTESIAN_POINT('',(-57.999895758276,11.251636550839,3.49999999999999));
#7435=CARTESIAN_POINT('Origin',(-47.999895758276,7.00163655083898,-6.00000000000001));
#7436=CARTESIAN_POINT('',(-47.999895758276,-2.99836344916103,3.49999999999999));
#7437=CARTESIAN_POINT('',(-47.999895758276,-2.99836344916102,-6.00000000000001));
#7438=CARTESIAN_POINT('Origin',(-47.999895758276,7.00163655083897,3.49999999999999));
#7439=CARTESIAN_POINT('Origin',(-57.999895758276,-2.99836344916102,-6.00000000000001));
#7440=CARTESIAN_POINT('',(-40.999895758276,-2.99836344916103,3.49999999999999));
#7441=CARTESIAN_POINT('',(-40.999895758276,-2.99836344916102,-3.00000000000002));
#7442=CARTESIAN_POINT('',(-52.749895758276,-2.99836344916103,3.49999999999999));
#7443=CARTESIAN_POINT('Origin',(-40.999895758276,-1.99836344916102,-3.00000000000002));
#7444=CARTESIAN_POINT('',(-39.999895758276,-1.99836344916102,-6.00000000000001));
#7445=CARTESIAN_POINT('',(-40.,-2.01280202879007,3.74999999999999));
#7446=CARTESIAN_POINT('',(-40.,-2.01280202879006,-3.00000000000002));
#7447=CARTESIAN_POINT('',(-40.1338703544915,-2.49836344916103,3.9713908431577));
#7448=CARTESIAN_POINT('Ctrl Pts',(-40.,-2.01280202879007,3.74999999999999));
#7449=CARTESIAN_POINT('Ctrl Pts',(-40.,-2.01280202879007,3.75057703158781));
#7450=CARTESIAN_POINT('Ctrl Pts',(-40.0000019713156,-2.01293962965903,3.75111950162851));
#7451=CARTESIAN_POINT('Ctrl Pts',(-40.0000087227002,-2.01339574513674,3.75215065336187));
#7452=CARTESIAN_POINT('Ctrl Pts',(-40.0000134772916,-2.01371089020427,3.75264082240135));
#7453=CARTESIAN_POINT('Ctrl Pts',(-40.0000309391319,-2.01482343431883,3.75403719299994));
#7454=CARTESIAN_POINT('Ctrl Pts',(-40.0000466752489,-2.0157591962564,3.75488535858577));
#7455=CARTESIAN_POINT('Ctrl Pts',(-40.0001610800606,-2.02201302671566,3.75997863494798));
#7456=CARTESIAN_POINT('Ctrl Pts',(-40.0003584387271,-2.02938093449819,3.76378342989526));
#7457=CARTESIAN_POINT('Ctrl Pts',(-40.0015579660145,-2.06169885777486,3.78130397778195));
#7458=CARTESIAN_POINT('Ctrl Pts',(-40.0040977847218,-2.09378368017794,3.7970779406692));
#7459=CARTESIAN_POINT('Ctrl Pts',(-40.0123059196139,-2.16054586377955,3.83013209621724));
#7460=CARTESIAN_POINT('Ctrl Pts',(-40.0203414161555,-2.20452980955165,3.85145039503738));
#7461=CARTESIAN_POINT('Ctrl Pts',(-40.0428588919306,-2.29181143133175,3.89187249567364));
#7462=CARTESIAN_POINT('Ctrl Pts',(-40.057362974957,-2.33513114762361,3.91091636555027));
#7463=CARTESIAN_POINT('Ctrl Pts',(-40.0893990649349,-2.41411316769809,3.94295245552818));
#7464=CARTESIAN_POINT('Ctrl Pts',(-40.1097755451927,-2.45663001525674,3.9587520112053));
#7465=CARTESIAN_POINT('Ctrl Pts',(-40.1338703544915,-2.49836344916103,3.9713908431577));
#7466=CARTESIAN_POINT('',(-40.25,-2.65991945716012,3.97318036337045));
#7467=CARTESIAN_POINT('Ctrl Pts',(-40.1338703544915,-2.49836344916103,3.97139084315769));
#7468=CARTESIAN_POINT('Ctrl Pts',(-40.1428555461282,-2.51392625759153,3.9761039880408));
#7469=CARTESIAN_POINT('Ctrl Pts',(-40.1524124851917,-2.52950743318025,3.97964934137895));
#7470=CARTESIAN_POINT('Ctrl Pts',(-40.1833070501777,-2.57683485196395,3.98666488189789));
#7471=CARTESIAN_POINT('Ctrl Pts',(-40.2061291035258,-2.60775666057039,3.98603276026235));
#7472=CARTESIAN_POINT('Ctrl Pts',(-40.2367794831864,-2.64470594264688,3.97789687633103));
#7473=CARTESIAN_POINT('Ctrl Pts',(-40.2433754078788,-2.65241026145803,3.97574419689953));
#7474=CARTESIAN_POINT('Ctrl Pts',(-40.25,-2.65991945716012,3.97318036337044));
#7475=CARTESIAN_POINT('Ctrl Pts',(-40.25,-2.65991945716012,3.97318036337044));
#7476=CARTESIAN_POINT('Ctrl Pts',(-40.2575754690818,-2.66850650355176,3.97024852375298));
#7477=CARTESIAN_POINT('Ctrl Pts',(-40.2652821502098,-2.67694462376283,3.96710631487558));
#7478=CARTESIAN_POINT('Ctrl Pts',(-40.3265980950976,-2.74182616775134,3.94096560551857));
#7479=CARTESIAN_POINT('Ctrl Pts',(-40.3856136001621,-2.79036277116201,3.90899290124386));
#7480=CARTESIAN_POINT('Ctrl Pts',(-40.5245670337013,-2.88378889907577,3.82697591403049));
#7481=CARTESIAN_POINT('Ctrl Pts',(-40.6184344542346,-2.92817984813948,3.76533479965022));
#7482=CARTESIAN_POINT('Ctrl Pts',(-40.8108048277068,-2.98543780022058,3.63380346272911));
#7483=CARTESIAN_POINT('Ctrl Pts',(-40.9093615085662,-2.99836344916103,3.56401738189938));
#7484=CARTESIAN_POINT('Ctrl Pts',(-40.999895758276,-2.99836344916103,3.49999999999999));
#7485=CARTESIAN_POINT('Origin',(-39.999895758276,0.00163655083897818,-1.77635683940025E-14));
#7486=CARTESIAN_POINT('',(-39.999895758276,0.00360152610153319,-3.00000000000001));
#7487=CARTESIAN_POINT('Origin',(39.9999926098955,0.00360152610153319,-6.));
#7488=CARTESIAN_POINT('',(39.9999926098955,0.00360152610153319,-6.));
#7489=CARTESIAN_POINT('Origin',(39.9999926098955,-2.99639847389847,-6.));
#7490=CARTESIAN_POINT('',(39.9999926098955,-1.99836344916102,-6.00000000000001));
#7491=CARTESIAN_POINT('Origin',(40.9999926098955,-1.99836344916102,-6.00000000000001));
#7492=CARTESIAN_POINT('',(40.9999926098955,-2.99836344916103,3.49999999999999));
#7493=CARTESIAN_POINT('',(40.9999926098955,-2.99836344916102,-6.00000000000001));
#7494=CARTESIAN_POINT('',(40.2500968516195,-2.65991945716012,3.97318036337045));
#7495=CARTESIAN_POINT('Ctrl Pts',(40.9999926098955,-2.99836344916103,3.49999999999999));
#7496=CARTESIAN_POINT('Ctrl Pts',(40.9094583601857,-2.99836344916103,3.56401738189938));
#7497=CARTESIAN_POINT('Ctrl Pts',(40.8109016793263,-2.98543780022058,3.63380346272911));
#7498=CARTESIAN_POINT('Ctrl Pts',(40.6185313058541,-2.92817984813948,3.76533479965021));
#7499=CARTESIAN_POINT('Ctrl Pts',(40.5246638853207,-2.88378889907577,3.82697591403049));
#7500=CARTESIAN_POINT('Ctrl Pts',(40.3857104517815,-2.79036277116201,3.90899290124386));
#7501=CARTESIAN_POINT('Ctrl Pts',(40.3266949467171,-2.74182616775134,3.94096560551857));
#7502=CARTESIAN_POINT('Ctrl Pts',(40.2653790018293,-2.67694462376283,3.96710631487558));
#7503=CARTESIAN_POINT('Ctrl Pts',(40.2576723207012,-2.66850650355176,3.97024852375298));
#7504=CARTESIAN_POINT('Ctrl Pts',(40.2500968516195,-2.65991945716012,3.97318036337044));
#7505=CARTESIAN_POINT('',(40.133967206111,-2.49836344916103,3.9713908431577));
#7506=CARTESIAN_POINT('Ctrl Pts',(40.2500968516195,-2.65991945716012,3.97318036337044));
#7507=CARTESIAN_POINT('Ctrl Pts',(40.2267813010771,-2.63349050444531,3.98220389102867));
#7508=CARTESIAN_POINT('Ctrl Pts',(40.2041546492991,-2.60497806083208,3.98602674765855));
#7509=CARTESIAN_POINT('Ctrl Pts',(40.1652481827527,-2.54986538372353,3.98378182278799));
#7510=CARTESIAN_POINT('Ctrl Pts',(40.1488363863555,-2.5241176248113,3.97919040978005));
#7511=CARTESIAN_POINT('Ctrl Pts',(40.133967206111,-2.49836344916103,3.97139084315769));
#7512=CARTESIAN_POINT('',(40.0000968516195,-2.01280202879068,3.74999999999999));
#7513=CARTESIAN_POINT('Ctrl Pts',(40.133967206111,-2.49836344916103,3.97139084315769));
#7514=CARTESIAN_POINT('Ctrl Pts',(40.1098723968122,-2.45663001525675,3.9587520112053));
#7515=CARTESIAN_POINT('Ctrl Pts',(40.0894959165544,-2.41411316769811,3.94295245552818));
#7516=CARTESIAN_POINT('Ctrl Pts',(40.0574598265765,-2.33513114762365,3.91091636555027));
#7517=CARTESIAN_POINT('Ctrl Pts',(40.0429557435501,-2.2918114313318,3.89187249567367));
#7518=CARTESIAN_POINT('Ctrl Pts',(40.020438267775,-2.20452980955174,3.85145039503742));
#7519=CARTESIAN_POINT('Ctrl Pts',(40.0124027712334,-2.16054586377967,3.83013209621727));
#7520=CARTESIAN_POINT('Ctrl Pts',(40.0041946363413,-2.09378368017811,3.79707794066924));
#7521=CARTESIAN_POINT('Ctrl Pts',(40.0016548176339,-2.06169885777506,3.78130397778203));
#7522=CARTESIAN_POINT('Ctrl Pts',(40.0004552903466,-2.02938093449849,3.76378342989534));
#7523=CARTESIAN_POINT('Ctrl Pts',(40.0002579316801,-2.02201302671607,3.75997863494805));
#7524=CARTESIAN_POINT('Ctrl Pts',(40.0001435268684,-2.01575919625689,3.75488535858586));
#7525=CARTESIAN_POINT('Ctrl Pts',(40.0001277907513,-2.01482343431938,3.75403719299999));
#7526=CARTESIAN_POINT('Ctrl Pts',(40.0001103289111,-2.01371089020483,3.75264082240139));
#7527=CARTESIAN_POINT('Ctrl Pts',(40.0001055743197,-2.01339574513733,3.7521506533619));
#7528=CARTESIAN_POINT('Ctrl Pts',(40.0000988229351,-2.01293962965962,3.75111950162852));
#7529=CARTESIAN_POINT('Ctrl Pts',(40.0000968516195,-2.01280202879068,3.75057703158781));
#7530=CARTESIAN_POINT('Ctrl Pts',(40.0000968516195,-2.01280202879068,3.74999999999999));
#7531=CARTESIAN_POINT('',(40.0000968516195,-2.01280202879068,-6.00000000000001));
#7532=CARTESIAN_POINT('Origin',(-57.999895758276,-2.99836344916102,-6.00000000000001));
#7533=CARTESIAN_POINT('',(48.0000968516195,-2.99836344916102,3.49999999999999));
#7534=CARTESIAN_POINT('',(48.0000968516195,-2.99836344916102,-6.00000000000001));
#7535=CARTESIAN_POINT('',(-5.24989945332825,-2.99836344916103,3.49999999999999));
#7536=CARTESIAN_POINT('Origin',(48.0000968516195,7.00163655083898,-6.00000000000001));
#7537=CARTESIAN_POINT('',(58.0000968516195,7.00163655083897,3.49999999999999));
#7538=CARTESIAN_POINT('',(58.0000968516195,7.00163655083898,-6.00000000000001));
#7539=CARTESIAN_POINT('Origin',(48.0000968516195,7.00163655083897,3.49999999999999));
#7540=CARTESIAN_POINT('Origin',(58.0000968516195,-2.99836344916102,-6.00000000000001));
#7541=CARTESIAN_POINT('',(58.0000968516195,11.751636550839,3.49999999999999));
#7542=CARTESIAN_POINT('',(58.0000968516195,11.751636550839,-3.00000000000001));
#7543=CARTESIAN_POINT('',(58.0000968516195,2.25163655083898,3.49999999999999));
#7544=CARTESIAN_POINT('Origin',(-57.499895758276,11.251636550839,3.49999999999999));
#7545=CARTESIAN_POINT('',(-57.499895758276,11.751636550839,3.99999999999999));
#7546=CARTESIAN_POINT('Origin',(-57.499895758276,11.751636550839,3.49999999999999));
#7547=CARTESIAN_POINT('',(-57.499895758276,7.00163655083898,3.99999999999999));
#7548=CARTESIAN_POINT('Origin',(-57.499895758276,7.00163655083898,3.49999999999999));
#7549=CARTESIAN_POINT('',(-57.499895758276,11.251636550839,3.99999999999999));
#7550=CARTESIAN_POINT('Origin',(-52.999895758276,11.001636550839,3.74999999999999));
#7551=CARTESIAN_POINT('',(-52.249895758276,11.001636550839,3.99999999999999));
#7552=CARTESIAN_POINT('',(-51.999895758276,11.001636550839,3.74999999999999));
#7553=CARTESIAN_POINT('Origin',(-52.249895758276,11.001636550839,3.74999999999999));
#7554=CARTESIAN_POINT('Origin',(-52.999895758276,11.001636550839,3.74999999999999));
#7555=CARTESIAN_POINT('',(-52.999895758276,11.751636550839,3.99999999999999));
#7556=CARTESIAN_POINT('Origin',(-52.999895758276,11.751636550839,3.74999999999999));
#7557=CARTESIAN_POINT('Origin',(-52.999895758276,11.001636550839,3.99999999999999));
#7558=CARTESIAN_POINT('Origin',(-52.249895758276,11.251636550839,3.74999999999999));
#7559=CARTESIAN_POINT('',(-52.249895758276,7.00163655083898,3.99999999999999));
#7560=CARTESIAN_POINT('',(-52.249895758276,11.251636550839,3.99999999999999));
#7561=CARTESIAN_POINT('',(-51.999895758276,7.00163655083898,3.74999999999999));
#7562=CARTESIAN_POINT('Origin',(-52.249895758276,7.00163655083898,3.74999999999999));
#7563=CARTESIAN_POINT('',(-51.999895758276,11.251636550839,3.74999999999999));
#7564=CARTESIAN_POINT('Origin',(-47.999895758276,7.00163655083898,3.74999999999999));
#7565=CARTESIAN_POINT('',(-47.999895758276,2.75163655083897,3.99999999999999));
#7566=CARTESIAN_POINT('Origin',(-47.999895758276,7.00163655083898,3.99999999999999));
#7567=CARTESIAN_POINT('',(-47.999895758276,3.00163655083898,3.74999999999999));
#7568=CARTESIAN_POINT('Origin',(-47.999895758276,2.75163655083897,3.74999999999999));
#7569=CARTESIAN_POINT('Origin',(-47.999895758276,7.00163655083898,3.74999999999999));
#7570=CARTESIAN_POINT('Origin',(-46.749895758276,2.75163655083897,3.74999999999999));
#7571=CARTESIAN_POINT('',(-40.999895758276,2.75163655083897,3.99999999999999));
#7572=CARTESIAN_POINT('',(-46.749895758276,2.75163655083897,3.99999999999999));
#7573=CARTESIAN_POINT('',(-40.999895758276,3.00163655083898,3.74999999999999));
#7574=CARTESIAN_POINT('Origin',(-40.999895758276,2.75163655083897,3.74999999999999));
#7575=CARTESIAN_POINT('',(-46.749895758276,3.00163655083898,3.74999999999999));
#7576=CARTESIAN_POINT('Origin',(-40.999895758276,2.00163655083898,3.74999999999999));
#7577=CARTESIAN_POINT('',(-40.249895758276,2.00163655083898,3.99999999999999));
#7578=CARTESIAN_POINT('',(-39.999895758276,2.00163655083898,3.74999999999999));
#7579=CARTESIAN_POINT('Origin',(-40.249895758276,2.00163655083898,3.74999999999999));
#7580=CARTESIAN_POINT('Origin',(-40.999895758276,2.00163655083898,3.74999999999999));
#7581=CARTESIAN_POINT('Origin',(-40.999895758276,2.00163655083898,3.99999999999999));
#7582=CARTESIAN_POINT('Origin',(-40.249895758276,3.75163655083898,3.74999999999999));
#7583=CARTESIAN_POINT('',(-40.249895758276,0.00360152610153208,3.99999999999999));
#7584=CARTESIAN_POINT('',(-40.249895758276,3.75163655083898,3.99999999999999));
#7585=CARTESIAN_POINT('',(-39.999895758276,0.00360152610153319,3.74999999999999));
#7586=CARTESIAN_POINT('Origin',(-40.249895758276,0.00360152610153208,3.74999999999999));
#7587=CARTESIAN_POINT('',(-39.999895758276,3.75163655083898,3.74999999999999));
#7588=CARTESIAN_POINT('Origin',(-39.999895758276,0.00163655083897818,-1.77635683940025E-14));
#7589=CARTESIAN_POINT('',(-39.999895758276,0.00360152610153319,1.365));
#7590=CARTESIAN_POINT('',(-39.999895758276,0.00360152610153319,-3.00000000000001));
#7591=CARTESIAN_POINT('',(-39.999895758276,2.00163655083897,1.365));
#7592=CARTESIAN_POINT('',(-39.999895758276,117.500818275419,1.365));
#7593=CARTESIAN_POINT('',(-39.999895758276,2.00163655083898,1.34124999999999));
#7594=CARTESIAN_POINT('Origin',(-40.999895758276,2.00163655083898,1.34124999999999));
#7595=CARTESIAN_POINT('',(-40.999895758276,3.00163655083897,1.365));
#7596=CARTESIAN_POINT('Origin',(-40.999895758276,2.00163655083898,1.365));
#7597=CARTESIAN_POINT('',(-40.999895758276,3.00163655083898,1.34124999999999));
#7598=CARTESIAN_POINT('Origin',(-45.999895758276,3.00163655083898,2.68249999999999));
#7599=CARTESIAN_POINT('',(-47.999895758276,3.00163655083897,1.365));
#7600=CARTESIAN_POINT('',(-57.999947879138,3.00163655083897,1.365));
#7601=CARTESIAN_POINT('',(-47.999895758276,3.00163655083898,3.34124999999999));
#7602=CARTESIAN_POINT('Origin',(-47.999895758276,7.00163655083898,3.34124999999999));
#7603=CARTESIAN_POINT('',(-51.999895758276,7.00163655083897,1.365));
#7604=CARTESIAN_POINT('Origin',(-47.999895758276,7.00163655083898,1.365));
#7605=CARTESIAN_POINT('',(-51.999895758276,7.00163655083898,3.34124999999999));
#7606=CARTESIAN_POINT('Origin',(-51.999895758276,15.001636550839,3.99999999999999));
#7607=CARTESIAN_POINT('',(-51.999895758276,11.001636550839,1.365));
#7608=CARTESIAN_POINT('',(-51.999895758276,125.000818275419,1.365));
#7609=CARTESIAN_POINT('',(-51.999895758276,11.001636550839,1.99999999999999));
#7610=CARTESIAN_POINT('Origin',(52.000104241724,9.00163655083898,2.68249999999999));
#7611=CARTESIAN_POINT('',(52.000104241724,11.001636550839,3.74999999999999));
#7612=CARTESIAN_POINT('',(52.000104241724,7.00163655083897,3.74999999999999));
#7613=CARTESIAN_POINT('',(52.000104241724,8.25163655083898,3.74999999999999));
#7614=CARTESIAN_POINT('',(52.000104241724,11.001636550839,1.365));
#7615=CARTESIAN_POINT('',(52.000104241724,11.001636550839,1.34124999999999));
#7616=CARTESIAN_POINT('',(52.000104241724,7.00163655083897,1.365));
#7617=CARTESIAN_POINT('',(52.000104241724,122.000818275419,1.365));
#7618=CARTESIAN_POINT('',(52.000104241724,7.00163655083897,3.34124999999999));
#7619=CARTESIAN_POINT('Origin',(48.000104241724,7.00163655083897,3.34124999999999));
#7620=CARTESIAN_POINT('',(48.000104241724,3.00163655083898,3.74999999999999));
#7621=CARTESIAN_POINT('Origin',(48.000104241724,7.00163655083897,3.74999999999999));
#7622=CARTESIAN_POINT('',(48.000104241724,3.00163655083897,1.365));
#7623=CARTESIAN_POINT('Origin',(48.000104241724,7.00163655083897,1.365));
#7624=CARTESIAN_POINT('',(48.000104241724,3.00163655083898,3.34124999999999));
#7625=CARTESIAN_POINT('Origin',(-39.999895758276,3.00163655083898,3.99999999999999));
#7626=CARTESIAN_POINT('',(41.0000968516195,3.00163655083898,3.74999999999999));
#7627=CARTESIAN_POINT('',(3.75010054667175,3.00163655083898,3.74999999999999));
#7628=CARTESIAN_POINT('',(41.0000968516195,3.00163655083897,1.365));
#7629=CARTESIAN_POINT('',(-54.999947879138,3.00163655083897,1.365));
#7630=CARTESIAN_POINT('',(41.0000968516195,3.00163655083898,1.99999999999999));
#7631=CARTESIAN_POINT('Origin',(3.75010054667175,2.75163655083897,3.74999999999999));
#7632=CARTESIAN_POINT('',(48.000104241724,2.75163655083897,3.99999999999999));
#7633=CARTESIAN_POINT('Origin',(48.000104241724,2.75163655083897,3.74999999999999));
#7634=CARTESIAN_POINT('',(41.0000968516195,2.75163655083897,3.99999999999999));
#7635=CARTESIAN_POINT('Origin',(41.0000968516195,2.75163655083897,3.74999999999999));
#7636=CARTESIAN_POINT('',(3.75010054667175,2.75163655083897,3.99999999999999));
#7637=CARTESIAN_POINT('Origin',(48.000104241724,7.00163655083897,3.74999999999999));
#7638=CARTESIAN_POINT('',(52.250104241724,7.00163655083897,3.99999999999999));
#7639=CARTESIAN_POINT('Origin',(52.250104241724,7.00163655083897,3.74999999999999));
#7640=CARTESIAN_POINT('Origin',(48.000104241724,7.00163655083897,3.99999999999999));
#7641=CARTESIAN_POINT('Origin',(52.250104241724,8.25163655083898,3.74999999999999));
#7642=CARTESIAN_POINT('',(52.250104241724,11.001636550839,3.99999999999999));
#7643=CARTESIAN_POINT('Origin',(52.250104241724,11.001636550839,3.74999999999999));
#7644=CARTESIAN_POINT('',(52.250104241724,8.25163655083898,3.99999999999999));
#7645=CARTESIAN_POINT('Origin',(53.000104241724,11.001636550839,3.74999999999999));
#7646=CARTESIAN_POINT('',(53.000104241724,12.001636550839,3.74999999999999));
#7647=CARTESIAN_POINT('',(53.000104241724,11.751636550839,3.99999999999999));
#7648=CARTESIAN_POINT('Origin',(53.000104241724,11.751636550839,3.74999999999999));
#7649=CARTESIAN_POINT('Origin',(53.000104241724,11.001636550839,3.74999999999999));
#7650=CARTESIAN_POINT('Origin',(53.000104241724,11.001636550839,3.99999999999999));
#7651=CARTESIAN_POINT('Origin',(57.5000968516195,2.25163655083898,3.49999999999999));
#7652=CARTESIAN_POINT('',(57.5000968516195,11.751636550839,3.99999999999999));
#7653=CARTESIAN_POINT('Origin',(57.5000968516195,11.751636550839,3.49999999999999));
#7654=CARTESIAN_POINT('',(57.5000968516195,7.00163655083897,3.99999999999999));
#7655=CARTESIAN_POINT('',(57.5000968516195,2.25163655083898,3.99999999999999));
#7656=CARTESIAN_POINT('Origin',(57.5000968516195,7.00163655083897,3.49999999999999));
#7657=CARTESIAN_POINT('Origin',(57.7500968516195,11.751636550839,-3.00000000000001));
#7658=CARTESIAN_POINT('',(57.7500968516195,12.001636550839,3.49999999999999));
#7659=CARTESIAN_POINT('',(57.7500968516195,12.001636550839,-3.00000000000001));
#7660=CARTESIAN_POINT('Origin',(57.7500968516195,11.751636550839,3.49999999999999));
#7661=CARTESIAN_POINT('Ctrl Pts',(57.5000968516195,11.751636550839,3.99999999999999));
#7662=CARTESIAN_POINT('Ctrl Pts',(58.0000968516195,11.751636550839,3.99999999999999));
#7663=CARTESIAN_POINT('Ctrl Pts',(58.0000968516195,11.751636550839,3.49999999999999));
#7664=CARTESIAN_POINT('Ctrl Pts',(57.5000968516195,12.001636550839,3.99999999999999));
#7665=CARTESIAN_POINT('Ctrl Pts',(58.0000968516195,12.001636550839,3.99999999999999));
#7666=CARTESIAN_POINT('Ctrl Pts',(58.0000968516195,12.001636550839,3.49999999999999));
#7667=CARTESIAN_POINT('Ctrl Pts',(57.5000968516195,12.001636550839,3.74999999999998));
#7668=CARTESIAN_POINT('Ctrl Pts',(57.7500968516195,12.001636550839,3.74999999999998));
#7669=CARTESIAN_POINT('Ctrl Pts',(57.7500968516195,12.001636550839,3.49999999999999));
#7670=CARTESIAN_POINT('',(57.5000968516195,12.001636550839,3.74999999999999));
#7671=CARTESIAN_POINT('Origin',(57.5000968516195,11.751636550839,3.74999999999999));
#7672=CARTESIAN_POINT('Origin',(57.5000968516195,12.001636550839,3.49999999999999));
#7673=CARTESIAN_POINT('Origin',(51.0000968516195,11.751636550839,3.74999999999999));
#7674=CARTESIAN_POINT('',(51.0000968516195,11.751636550839,3.99999999999999));
#7675=CARTESIAN_POINT('',(51.0000968516195,12.001636550839,3.74999999999999));
#7676=CARTESIAN_POINT('Origin',(53.000104241724,11.001636550839,1.34124999999999));
#7677=CARTESIAN_POINT('',(53.000104241724,12.001636550839,1.365));
#7678=CARTESIAN_POINT('',(53.000104241724,12.001636550839,1.34124999999999));
#7679=CARTESIAN_POINT('Origin',(53.000104241724,11.001636550839,1.36499999999997));
#7680=CARTESIAN_POINT('Origin',(-52.999895758276,11.001636550839,1.99999999999999));
#7681=CARTESIAN_POINT('Origin',(-52.999895758276,11.001636550839,1.36499999999997));
#7682=CARTESIAN_POINT('Origin',(-51.249895758276,11.751636550839,3.74999999999999));
#7683=CARTESIAN_POINT('Origin',(-57.499895758276,11.751636550839,3.74999999999999));
#7684=CARTESIAN_POINT('',(-51.249895758276,11.751636550839,3.99999999999999));
#7685=CARTESIAN_POINT('Ctrl Pts',(-57.999895758276,11.751636550839,3.49999999999999));
#7686=CARTESIAN_POINT('Ctrl Pts',(-57.999895758276,11.751636550839,3.99999999999999));
#7687=CARTESIAN_POINT('Ctrl Pts',(-57.499895758276,11.751636550839,3.99999999999999));
#7688=CARTESIAN_POINT('Ctrl Pts',(-57.999895758276,12.001636550839,3.49999999999999));
#7689=CARTESIAN_POINT('Ctrl Pts',(-57.999895758276,12.001636550839,3.99999999999999));
#7690=CARTESIAN_POINT('Ctrl Pts',(-57.499895758276,12.001636550839,3.99999999999999));
#7691=CARTESIAN_POINT('Ctrl Pts',(-57.749895758276,12.001636550839,3.49999999999999));
#7692=CARTESIAN_POINT('Ctrl Pts',(-57.749895758276,12.001636550839,3.74999999999998));
#7693=CARTESIAN_POINT('Ctrl Pts',(-57.499895758276,12.001636550839,3.74999999999998));
#7694=CARTESIAN_POINT('Origin',(-47.999895758276,7.00163655083897,3.49999999999999));
#7695=CARTESIAN_POINT('',(-47.999895758276,-2.49836344916103,3.99999999999999));
#7696=CARTESIAN_POINT('Origin',(-47.999895758276,-2.49836344916103,3.49999999999999));
#7697=CARTESIAN_POINT('Origin',(-47.999895758276,7.00163655083897,3.99999999999999));
#7698=CARTESIAN_POINT('Origin',(-47.499895758276,7.50163655083898,3.99999999999999));
#7699=CARTESIAN_POINT('',(-40.25,-2.49836344916103,3.99999999999999));
#7700=CARTESIAN_POINT('',(-52.749895758276,-2.49836344916103,3.99999999999999));
#7701=CARTESIAN_POINT('',(-40.25,3.75261903847026,3.99999999999999));
#7702=CARTESIAN_POINT('Origin',(-70.,235.,1.365));
#7703=CARTESIAN_POINT('',(-40.,0.000263526315784635,1.365));
#7704=CARTESIAN_POINT('',(-40.,117.501800763051,1.365));
#7705=CARTESIAN_POINT('',(-47.5,6.66133814775094E-15,1.365));
#7706=CARTESIAN_POINT('',(47.5,0.00333800000000606,1.365));
#7707=CARTESIAN_POINT('',(-55.,7.50000000000001,1.365));
#7708=CARTESIAN_POINT('Origin',(-47.500000481749,7.49999951829999,1.365));
#7709=CARTESIAN_POINT('',(-55.,7.50000000000001,1.365));
#7710=CARTESIAN_POINT('Origin',(-70.,235.,1.365));
#7711=CARTESIAN_POINT('',(55.000004432542,12.001636550839,1.365));
#7712=CARTESIAN_POINT('',(-7.74995157419026,12.001636550839,1.365));
#7713=CARTESIAN_POINT('',(55.,7.50333800000001,1.365));
#7714=CARTESIAN_POINT('',(55.000202,212.5,1.365));
#7715=CARTESIAN_POINT('',(47.5,0.00333800000000606,1.365));
#7716=CARTESIAN_POINT('Origin',(47.49999877464,7.50333922539998,1.365));
#7717=CARTESIAN_POINT('',(40.0000968516195,0.00307447708727482,1.365));
#7718=CARTESIAN_POINT('',(47.5,0.00333800000000606,1.365));
#7719=CARTESIAN_POINT('',(40.0000968516195,2.00163655083897,1.365));
#7720=CARTESIAN_POINT('',(40.0000968516195,117.750818275419,1.365));
#7721=CARTESIAN_POINT('Origin',(41.0000968516195,2.00163655083898,1.365));
#7722=CARTESIAN_POINT('Origin',(41.0000968516195,2.00163655083898,1.99999999999999));
#7723=CARTESIAN_POINT('',(40.0000968516195,2.00163655083898,3.74999999999999));
#7724=CARTESIAN_POINT('Origin',(41.0000968516195,2.00163655083898,3.74999999999999));
#7725=CARTESIAN_POINT('',(40.0000968516195,2.00163655083898,1.99999999999999));
#7726=CARTESIAN_POINT('Origin',(41.0000968516195,2.00163655083898,3.74999999999999));
#7727=CARTESIAN_POINT('',(40.2500968516195,2.00163655083898,3.99999999999999));
#7728=CARTESIAN_POINT('Origin',(40.2500968516195,2.00163655083898,3.74999999999999));
#7729=CARTESIAN_POINT('Origin',(41.0000968516195,2.00163655083898,3.99999999999999));
#7730=CARTESIAN_POINT('Origin',(47.5000968516195,7.50163655083898,3.99999999999999));
#7731=CARTESIAN_POINT('',(40.2500968516195,-2.49836344916103,3.99999999999999));
#7732=CARTESIAN_POINT('',(40.2500968516195,4.00163655083897,3.99999999999999));
#7733=CARTESIAN_POINT('',(48.0000968516195,-2.49836344916103,3.99999999999999));
#7734=CARTESIAN_POINT('',(-5.24989945332825,-2.49836344916103,3.99999999999999));
#7735=CARTESIAN_POINT('Origin',(48.0000968516195,7.00163655083897,3.99999999999999));
#7736=CARTESIAN_POINT('Origin',(48.0000968516195,7.00163655083897,3.49999999999999));
#7737=CARTESIAN_POINT('Origin',(48.0000968516195,-2.49836344916102,3.49999999999999));
#7738=CARTESIAN_POINT('Origin',(55.000202,212.5,0.));
#7739=CARTESIAN_POINT('',(55.000004432542,12.001636550839,-1.77635683940025E-14));
#7740=CARTESIAN_POINT('',(55.,7.50333800000001,0.865));
#7741=CARTESIAN_POINT('Origin',(47.49999877464,7.50333922539998,0.));
#7742=CARTESIAN_POINT('',(47.5,0.00333800000000606,0.));
#7743=CARTESIAN_POINT('Origin',(47.5,0.00333800000000606,0.));
#7744=CARTESIAN_POINT('',(40.0000968516195,0.0030744770872756,0.432499999999996));
#7745=CARTESIAN_POINT('Origin',(47.5,0.00333800000000606,0.));
#7746=CARTESIAN_POINT('',(-40.,0.000263526315783608,-3.));
#7747=CARTESIAN_POINT('',(-47.5,6.66133814775094E-15,0.));
#7748=CARTESIAN_POINT('Origin',(-47.500000481749,7.49999951829999,0.));
#7749=CARTESIAN_POINT('',(-55.,7.50000000000001,0.));
#7750=CARTESIAN_POINT('Origin',(-55.,7.50000000000001,0.));
#7751=CARTESIAN_POINT('Origin',(54.5000968516195,12.001636550839,-8.88178419700125E-15));
#7752=CARTESIAN_POINT('',(49.2767594369407,12.001636550839,-3.00000000000001));
#7753=CARTESIAN_POINT('Origin',(55.000202,212.5,0.));
#7754=CARTESIAN_POINT('',(55.000202,212.5,0.499999999999989));
#7755=CARTESIAN_POINT('',(55.0001975682776,208.002533156322,0.499999999999989));
#7756=CARTESIAN_POINT('',(55.0002071744414,217.751204006354,0.499999999999989));
#7757=CARTESIAN_POINT('',(55.000202,212.5,0.));
#7758=CARTESIAN_POINT('',(55.0001975682776,208.002533156322,8.88178419700125E-15));
#7759=CARTESIAN_POINT('Origin',(-71.9999031483805,223.002533156322,0.500000000000016));
#7760=CARTESIAN_POINT('',(58.0000968516195,208.502533156322,0.499999999999989));
#7761=CARTESIAN_POINT('',(57.5000968516195,208.002533156322,0.499999999999989));
#7762=CARTESIAN_POINT('Origin',(57.5000968516195,208.502533156322,0.500000000000016));
#7763=CARTESIAN_POINT('',(58.0000968516195,213.002533156322,0.499999999999989));
#7764=CARTESIAN_POINT('',(58.0000968516195,214.002533156322,0.499999999999989));
#7765=CARTESIAN_POINT('',(54.9799197050702,213.002533156322,0.500000000000016));
#7766=CARTESIAN_POINT('',(-6.99990314838052,213.002533156322,0.499999999999998));
#7767=CARTESIAN_POINT('Origin',(47.44703253282,212.44682910351,0.500000000000016));
#7768=CARTESIAN_POINT('',(-63.2498994533283,208.002533156322,0.500000000000016));
#7769=CARTESIAN_POINT('Origin',(47.44703253282,212.44682910351,0.));
#7770=CARTESIAN_POINT('',(54.9799197050702,213.002533156322,0.));
#7771=CARTESIAN_POINT('Origin',(-47.500002188855,212.50417118886,0.));
#7772=CARTESIAN_POINT('',(-54.9834240342798,213.002533156322,0.500000000000016));
#7773=CARTESIAN_POINT('',(-54.9834240342798,213.002533156322,0.));
#7774=CARTESIAN_POINT('',(-55.,212.504169,0.500000000000016));
#7775=CARTESIAN_POINT('Origin',(-47.500002188855,212.50417118886,0.500000000000016));
#7776=CARTESIAN_POINT('',(-55.,212.504169,0.));
#7777=CARTESIAN_POINT('Origin',(-71.9999031483805,223.002533156322,0.500000000000016));
#7778=CARTESIAN_POINT('',(-57.499895758276,208.002533156322,0.500000000000016));
#7779=CARTESIAN_POINT('',(-57.999895758276,208.502533156322,0.500000000000016));
#7780=CARTESIAN_POINT('Origin',(-57.499895758276,208.502533156322,0.500000000000016));
#7781=CARTESIAN_POINT('',(-55.,208.002533156322,0.500000000000016));
#7782=CARTESIAN_POINT('',(-63.2498994533283,208.002533156322,0.500000000000016));
#7783=CARTESIAN_POINT('',(-55.,115.251266578161,0.500000000000016));
#7784=CARTESIAN_POINT('',(-57.999895758276,213.002533156322,0.500000000000016));
#7785=CARTESIAN_POINT('',(-57.9999515741902,213.002533156322,0.500000000000016));
#7786=CARTESIAN_POINT('',(-57.999895758276,223.002533156322,0.500000000000016));
#7787=CARTESIAN_POINT('Origin',(-55.,7.50000000000001,0.));
#7788=CARTESIAN_POINT('',(-55.,208.002533156322,1.77635683940025E-14));
#7789=CARTESIAN_POINT('Origin',(-52.749895758276,-2.49836344916103,3.49999999999999));
#7790=CARTESIAN_POINT('Origin',(-40.25,-2.49836344916103,3.49999999999999));
#7791=CARTESIAN_POINT('Ctrl Pts',(-40.1338703544915,-2.6506754948168,3.94610578090973));
#7792=CARTESIAN_POINT('Ctrl Pts',(-40.1338703544915,-2.57661823696226,3.97139084315769));
#7793=CARTESIAN_POINT('Ctrl Pts',(-40.1338703544915,-2.49836344916103,3.97139084315769));
#7794=CARTESIAN_POINT('Ctrl Pts',(-40.1884111681452,-2.65991945716012,3.97318036337044));
#7795=CARTESIAN_POINT('Ctrl Pts',(-40.1884111681452,-2.58136759416842,3.99999999999999));
#7796=CARTESIAN_POINT('Ctrl Pts',(-40.1884111681452,-2.49836344916103,3.99999999999999));
#7797=CARTESIAN_POINT('Ctrl Pts',(-40.25,-2.65991945716012,3.97318036337044));
#7798=CARTESIAN_POINT('Ctrl Pts',(-40.25,-2.58136759416842,3.99999999999999));
#7799=CARTESIAN_POINT('Ctrl Pts',(-40.25,-2.49836344916103,3.99999999999999));
#7800=CARTESIAN_POINT('Origin',(-40.25,-2.49836344916103,3.74999999999999));
#7801=CARTESIAN_POINT('Origin',(-40.25,3.75261903847026,3.74999999999999));
#7802=CARTESIAN_POINT('',(-40.,3.75261903847026,3.74999999999999));
#7803=CARTESIAN_POINT('Origin',(-40.,0.00360152610153319,-6.));
#7804=CARTESIAN_POINT('Origin',(40.0000968516195,0.501636550838973,-8.88178419700125E-15));
#7805=CARTESIAN_POINT('',(40.0000968516195,4.00163655083897,3.74999999999999));
#7806=CARTESIAN_POINT('Origin',(40.2500968516195,4.00163655083897,3.74999999999999));
#7807=CARTESIAN_POINT('Origin',(40.2500968516195,-2.49836344916103,3.74999999999999));
#7808=CARTESIAN_POINT('Ctrl Pts',(40.133967206111,-2.49836344916103,3.97139084315769));
#7809=CARTESIAN_POINT('Ctrl Pts',(40.133967206111,-2.57661823696226,3.97139084315769));
#7810=CARTESIAN_POINT('Ctrl Pts',(40.133967206111,-2.6506754948168,3.94610578090973));
#7811=CARTESIAN_POINT('Ctrl Pts',(40.1885080197647,-2.49836344916103,3.99999999999999));
#7812=CARTESIAN_POINT('Ctrl Pts',(40.1885080197647,-2.58136759416842,3.99999999999999));
#7813=CARTESIAN_POINT('Ctrl Pts',(40.1885080197647,-2.65991945716012,3.97318036337044));
#7814=CARTESIAN_POINT('Ctrl Pts',(40.2500968516195,-2.49836344916103,3.99999999999999));
#7815=CARTESIAN_POINT('Ctrl Pts',(40.2500968516195,-2.58136759416842,3.99999999999999));
#7816=CARTESIAN_POINT('Ctrl Pts',(40.2500968516195,-2.65991945716012,3.97318036337044));
#7817=CARTESIAN_POINT('Origin',(40.2500968516195,-2.49836344916103,3.49999999999999));
#7818=CARTESIAN_POINT('Origin',(-5.24989945332825,-2.49836344916103,3.49999999999999));
#7819=CARTESIAN_POINT('Origin',(54.5000968516195,15.001636550839,-6.00000000000001));
#7820=CARTESIAN_POINT('Origin',(34.5535061400466,-2.01523643376075,-8.88178419700125E-15));
#7821=CARTESIAN_POINT('Origin',(49.0535061400466,12.4847635662392,-6.00000000000001));
#7822=CARTESIAN_POINT('',(7.29551044645042,102.850353276287,-3.));
#7823=CARTESIAN_POINT('Origin',(54.5000968516195,205.002533156322,8.88178419700125E-15));
#7824=CARTESIAN_POINT('',(55.8863987335941,208.002533156322,8.88178419700125E-15));
#7825=CARTESIAN_POINT('Origin',(-54.499895758276,208.002533156322,8.88178419700125E-15));
#7826=CARTESIAN_POINT('',(57.5000968516195,208.002533156322,-5.99999999999999));
#7827=CARTESIAN_POINT('Origin',(57.5000968516195,208.502533156322,-2.99999999999999));
#7828=CARTESIAN_POINT('',(58.0000968516195,208.502533156322,-5.99999999999999));
#7829=CARTESIAN_POINT('Origin',(58.0000968516195,205.002533156322,-5.99999999999999));
#7830=CARTESIAN_POINT('',(58.0000968516195,213.002533156322,-5.99999999999999));
#7831=CARTESIAN_POINT('Origin',(58.0000968516195,213.002533156322,-6.));
#7832=CARTESIAN_POINT('',(43.9999926098955,213.002533156322,-6.));
#7833=CARTESIAN_POINT('Origin',(43.9999926098955,213.002533156322,-6.));
#7834=CARTESIAN_POINT('',(43.9999926098955,220.004498131585,-6.));
#7835=CARTESIAN_POINT('Origin',(-40.,220.004498131585,-6.));
#7836=CARTESIAN_POINT('',(-44.,220.004498131585,-6.));
#7837=CARTESIAN_POINT('Origin',(-44.,223.002533156322,-6.));
#7838=CARTESIAN_POINT('',(-44.,213.002533156322,-6.));
#7839=CARTESIAN_POINT('Origin',(-44.,213.002533156322,-6.));
#7840=CARTESIAN_POINT('',(-57.999895758276,213.002533156322,-5.99999999999998));
#7841=CARTESIAN_POINT('Origin',(-57.999895758276,223.002533156322,-5.99999999999998));
#7842=CARTESIAN_POINT('',(-57.999895758276,208.502533156322,-2.99999999999999));
#7843=CARTESIAN_POINT('Origin',(-57.499895758276,208.502533156322,-2.99999999999999));
#7844=CARTESIAN_POINT('',(-57.499895758276,208.002533156322,-2.99999999999999));
#7845=CARTESIAN_POINT('Origin',(-54.499895758276,208.002533156322,8.88178419700125E-15));
#7846=UNCERTAINTY_MEASURE_WITH_UNIT(LENGTH_MEASURE(0.01),#7850,
'DISTANCE_ACCURACY_VALUE',
'Maximum model space distance between geometric entities at asserted c
onnectivities');
#7847=UNCERTAINTY_MEASURE_WITH_UNIT(LENGTH_MEASURE(0.01),#7850,
'DISTANCE_ACCURACY_VALUE',
'Maximum model space distance between geometric entities at asserted c
onnectivities');
#7848=(
GEOMETRIC_REPRESENTATION_CONTEXT(3)
GLOBAL_UNCERTAINTY_ASSIGNED_CONTEXT((#7846))
GLOBAL_UNIT_ASSIGNED_CONTEXT((#7850,#7852,#7853))
REPRESENTATION_CONTEXT('','3D')
);
#7849=(
GEOMETRIC_REPRESENTATION_CONTEXT(3)
GLOBAL_UNCERTAINTY_ASSIGNED_CONTEXT((#7847))
GLOBAL_UNIT_ASSIGNED_CONTEXT((#7850,#7852,#7853))
REPRESENTATION_CONTEXT('','3D')
);
#7850=(
LENGTH_UNIT()
NAMED_UNIT(*)
SI_UNIT(.MILLI.,.METRE.)
);
#7851=(
LENGTH_UNIT()
NAMED_UNIT(*)
SI_UNIT($,.METRE.)
);
#7852=(
NAMED_UNIT(*)
PLANE_ANGLE_UNIT()
SI_UNIT($,.RADIAN.)
);
#7853=(
NAMED_UNIT(*)
SI_UNIT($,.STERADIAN.)
SOLID_ANGLE_UNIT()
);
#7854=SHAPE_DEFINITION_REPRESENTATION(#7855,#7856);
#7855=PRODUCT_DEFINITION_SHAPE('',$,#7858);
#7856=SHAPE_REPRESENTATION('',(#2465),#7848);
#7857=PRODUCT_DEFINITION_CONTEXT('part definition',#7862,'design');
#7858=PRODUCT_DEFINITION('FinnishTrainProject',
'FinnishTrainProject v64',#7859,#7857);
#7859=PRODUCT_DEFINITION_FORMATION('',$,#7864);
#7860=PRODUCT_RELATED_PRODUCT_CATEGORY('FinnishTrainProject v64',
'FinnishTrainProject v64',(#7864));
#7861=APPLICATION_PROTOCOL_DEFINITION('international standard',
'automotive_design',2009,#7862);
#7862=APPLICATION_CONTEXT(
'Core Data for Automotive Mechanical Design Process');
#7863=PRODUCT_CONTEXT('part definition',#7862,'mechanical');
#7864=PRODUCT('FinnishTrainProject','FinnishTrainProject v64',$,(#7863));
#7865=PRESENTATION_STYLE_ASSIGNMENT((#7868));
#7866=PRESENTATION_STYLE_ASSIGNMENT((#7869));
#7867=PRESENTATION_STYLE_ASSIGNMENT((#7870));
#7868=SURFACE_STYLE_USAGE(.BOTH.,#7871);
#7869=SURFACE_STYLE_USAGE(.BOTH.,#7872);
#7870=SURFACE_STYLE_USAGE(.BOTH.,#7873);
#7871=SURFACE_SIDE_STYLE('',(#7874));
#7872=SURFACE_SIDE_STYLE('',(#7875));
#7873=SURFACE_SIDE_STYLE('',(#7876));
#7874=SURFACE_STYLE_FILL_AREA(#7877);
#7875=SURFACE_STYLE_FILL_AREA(#7878);
#7876=SURFACE_STYLE_FILL_AREA(#7879);
#7877=FILL_AREA_STYLE('Steel - Satin',(#7880));
#7878=FILL_AREA_STYLE('Opaque(52,52,52)',(#7881));
#7879=FILL_AREA_STYLE('Plastic - Matte (Black)',(#7882));
#7880=FILL_AREA_STYLE_COLOUR('Steel - Satin',#7883);
#7881=FILL_AREA_STYLE_COLOUR('Opaque(52,52,52)',#7884);
#7882=FILL_AREA_STYLE_COLOUR('Plastic - Matte (Black)',#7885);
#7883=COLOUR_RGB('Steel - Satin',0.627450980392157,0.627450980392157,0.627450980392157);
#7884=COLOUR_RGB('Opaque(52,52,52)',0.203921568627451,0.203921568627451,
0.203921568627451);
#7885=COLOUR_RGB('Plastic - Matte (Black)',0.0980392156862745,0.0980392156862745,
0.0980392156862745);
ENDSEC;
END-ISO-10303-21;
