ISO-10303-21;
HEADER;
/* Generated by software containing ST-Developer
 * from STEP Tools, Inc. (www.steptools.com) 
 */

FILE_DESCRIPTION(
/* description */ (''),
/* implementation_level */ '2;1');

FILE_NAME(
/* name */ 'PCBWallmountFullProject.step',
/* time_stamp */ '2026-06-17T18:07:07+03:00',
/* author */ (''),
/* organization */ (''),
/* preprocessor_version */ 'ST-DEVELOPER v20.1',
/* originating_system */ 'Autodesk Translation Framework v15.8.0.0',
/* authorisation */ '');

FILE_SCHEMA (('AUTOMOTIVE_DESIGN { 1 0 10303 214 3 1 1 }'));
ENDSEC;

DATA;
#10=MECHANICAL_DESIGN_GEOMETRIC_PRESENTATION_REPRESENTATION('',(#13,#14),
#3898);
#11=SHAPE_REPRESENTATION_RELATIONSHIP('SRR','None',#3905,#12);
#12=ADVANCED_BREP_SHAPE_REPRESENTATION('',(#15,#16),#3897);
#13=STYLED_ITEM('',(#3915),#15);
#14=STYLED_ITEM('',(#3914),#16);
#15=MANIFOLD_SOLID_BREP('PCB',#2360);
#16=MANIFOLD_SOLID_BREP('Body5',#2361);
#17=FACE_BOUND('',#252,.T.);
#18=FACE_BOUND('',#253,.T.);
#19=FACE_BOUND('',#254,.T.);
#20=FACE_BOUND('',#255,.T.);
#21=FACE_BOUND('',#256,.T.);
#22=FACE_BOUND('',#257,.T.);
#23=FACE_BOUND('',#258,.T.);
#24=FACE_BOUND('',#259,.T.);
#25=FACE_BOUND('',#260,.T.);
#26=FACE_BOUND('',#261,.T.);
#27=FACE_BOUND('',#262,.T.);
#28=FACE_BOUND('',#263,.T.);
#29=FACE_BOUND('',#264,.T.);
#30=FACE_BOUND('',#265,.T.);
#31=FACE_BOUND('',#266,.T.);
#32=FACE_BOUND('',#267,.T.);
#33=FACE_BOUND('',#268,.T.);
#34=FACE_BOUND('',#269,.T.);
#35=FACE_BOUND('',#270,.T.);
#36=FACE_BOUND('',#272,.T.);
#37=FACE_BOUND('',#273,.T.);
#38=FACE_BOUND('',#274,.T.);
#39=FACE_BOUND('',#275,.T.);
#40=FACE_BOUND('',#276,.T.);
#41=FACE_BOUND('',#277,.T.);
#42=FACE_BOUND('',#278,.T.);
#43=FACE_BOUND('',#279,.T.);
#44=FACE_BOUND('',#280,.T.);
#45=FACE_BOUND('',#281,.T.);
#46=FACE_BOUND('',#282,.T.);
#47=FACE_BOUND('',#283,.T.);
#48=FACE_BOUND('',#284,.T.);
#49=FACE_BOUND('',#285,.T.);
#50=FACE_BOUND('',#286,.T.);
#51=FACE_BOUND('',#287,.T.);
#52=FACE_BOUND('',#288,.T.);
#53=FACE_BOUND('',#289,.T.);
#54=FACE_BOUND('',#290,.T.);
#55=FACE_BOUND('',#367,.T.);
#56=FACE_BOUND('',#392,.T.);
#57=FACE_BOUND('',#393,.T.);
#58=PLANE('',#2378);
#59=PLANE('',#2379);
#60=PLANE('',#2380);
#61=PLANE('',#2407);
#62=PLANE('',#2436);
#63=PLANE('',#2437);
#64=PLANE('',#2441);
#65=PLANE('',#2443);
#66=PLANE('',#2446);
#67=PLANE('',#2448);
#68=PLANE('',#2453);
#69=PLANE('',#2455);
#70=PLANE('',#2458);
#71=PLANE('',#2460);
#72=PLANE('',#2470);
#73=PLANE('',#2471);
#74=PLANE('',#2472);
#75=PLANE('',#2474);
#76=PLANE('',#2475);
#77=PLANE('',#2477);
#78=PLANE('',#2478);
#79=PLANE('',#2479);
#80=PLANE('',#2481);
#81=PLANE('',#2482);
#82=PLANE('',#2483);
#83=PLANE('',#2484);
#84=PLANE('',#2489);
#85=PLANE('',#2493);
#86=PLANE('',#2498);
#87=PLANE('',#2502);
#88=PLANE('',#2504);
#89=PLANE('',#2510);
#90=PLANE('',#2514);
#91=PLANE('',#2518);
#92=PLANE('',#2524);
#93=PLANE('',#2525);
#94=PLANE('',#2527);
#95=PLANE('',#2528);
#96=PLANE('',#2533);
#97=PLANE('',#2536);
#98=PLANE('',#2537);
#99=PLANE('',#2540);
#100=PLANE('',#2541);
#101=PLANE('',#2542);
#102=PLANE('',#2543);
#103=PLANE('',#2544);
#104=PLANE('',#2545);
#105=PLANE('',#2546);
#106=PLANE('',#2547);
#107=PLANE('',#2548);
#108=PLANE('',#2549);
#109=PLANE('',#2550);
#110=PLANE('',#2551);
#111=PLANE('',#2552);
#112=PLANE('',#2553);
#113=PLANE('',#2554);
#114=PLANE('',#2555);
#115=PLANE('',#2556);
#116=PLANE('',#2557);
#117=PLANE('',#2559);
#118=PLANE('',#2560);
#119=PLANE('',#2561);
#120=PLANE('',#2562);
#121=PLANE('',#2563);
#122=PLANE('',#2564);
#123=PLANE('',#2565);
#124=PLANE('',#2566);
#125=PLANE('',#2568);
#126=PLANE('',#2569);
#127=PLANE('',#2570);
#128=PLANE('',#2571);
#129=PLANE('',#2572);
#130=PLANE('',#2573);
#131=PLANE('',#2574);
#132=FACE_OUTER_BOUND('',#248,.T.);
#133=FACE_OUTER_BOUND('',#249,.T.);
#134=FACE_OUTER_BOUND('',#250,.T.);
#135=FACE_OUTER_BOUND('',#251,.T.);
#136=FACE_OUTER_BOUND('',#271,.T.);
#137=FACE_OUTER_BOUND('',#291,.T.);
#138=FACE_OUTER_BOUND('',#292,.T.);
#139=FACE_OUTER_BOUND('',#293,.T.);
#140=FACE_OUTER_BOUND('',#294,.T.);
#141=FACE_OUTER_BOUND('',#295,.T.);
#142=FACE_OUTER_BOUND('',#296,.T.);
#143=FACE_OUTER_BOUND('',#297,.T.);
#144=FACE_OUTER_BOUND('',#298,.T.);
#145=FACE_OUTER_BOUND('',#299,.T.);
#146=FACE_OUTER_BOUND('',#300,.T.);
#147=FACE_OUTER_BOUND('',#301,.T.);
#148=FACE_OUTER_BOUND('',#302,.T.);
#149=FACE_OUTER_BOUND('',#303,.T.);
#150=FACE_OUTER_BOUND('',#304,.T.);
#151=FACE_OUTER_BOUND('',#305,.T.);
#152=FACE_OUTER_BOUND('',#306,.T.);
#153=FACE_OUTER_BOUND('',#307,.T.);
#154=FACE_OUTER_BOUND('',#308,.T.);
#155=FACE_OUTER_BOUND('',#309,.T.);
#156=FACE_OUTER_BOUND('',#310,.T.);
#157=FACE_OUTER_BOUND('',#311,.T.);
#158=FACE_OUTER_BOUND('',#312,.T.);
#159=FACE_OUTER_BOUND('',#313,.T.);
#160=FACE_OUTER_BOUND('',#314,.T.);
#161=FACE_OUTER_BOUND('',#315,.T.);
#162=FACE_OUTER_BOUND('',#316,.T.);
#163=FACE_OUTER_BOUND('',#317,.T.);
#164=FACE_OUTER_BOUND('',#318,.T.);
#165=FACE_OUTER_BOUND('',#319,.T.);
#166=FACE_OUTER_BOUND('',#320,.T.);
#167=FACE_OUTER_BOUND('',#321,.T.);
#168=FACE_OUTER_BOUND('',#322,.T.);
#169=FACE_OUTER_BOUND('',#323,.T.);
#170=FACE_OUTER_BOUND('',#324,.T.);
#171=FACE_OUTER_BOUND('',#325,.T.);
#172=FACE_OUTER_BOUND('',#326,.T.);
#173=FACE_OUTER_BOUND('',#327,.T.);
#174=FACE_OUTER_BOUND('',#328,.T.);
#175=FACE_OUTER_BOUND('',#329,.T.);
#176=FACE_OUTER_BOUND('',#330,.T.);
#177=FACE_OUTER_BOUND('',#331,.T.);
#178=FACE_OUTER_BOUND('',#332,.T.);
#179=FACE_OUTER_BOUND('',#333,.T.);
#180=FACE_OUTER_BOUND('',#334,.T.);
#181=FACE_OUTER_BOUND('',#335,.T.);
#182=FACE_OUTER_BOUND('',#336,.T.);
#183=FACE_OUTER_BOUND('',#337,.T.);
#184=FACE_OUTER_BOUND('',#338,.T.);
#185=FACE_OUTER_BOUND('',#339,.T.);
#186=FACE_OUTER_BOUND('',#340,.T.);
#187=FACE_OUTER_BOUND('',#341,.T.);
#188=FACE_OUTER_BOUND('',#342,.T.);
#189=FACE_OUTER_BOUND('',#343,.T.);
#190=FACE_OUTER_BOUND('',#344,.T.);
#191=FACE_OUTER_BOUND('',#345,.T.);
#192=FACE_OUTER_BOUND('',#346,.T.);
#193=FACE_OUTER_BOUND('',#347,.T.);
#194=FACE_OUTER_BOUND('',#348,.T.);
#195=FACE_OUTER_BOUND('',#349,.T.);
#196=FACE_OUTER_BOUND('',#350,.T.);
#197=FACE_OUTER_BOUND('',#351,.T.);
#198=FACE_OUTER_BOUND('',#352,.T.);
#199=FACE_OUTER_BOUND('',#353,.T.);
#200=FACE_OUTER_BOUND('',#354,.T.);
#201=FACE_OUTER_BOUND('',#355,.T.);
#202=FACE_OUTER_BOUND('',#356,.T.);
#203=FACE_OUTER_BOUND('',#357,.T.);
#204=FACE_OUTER_BOUND('',#358,.T.);
#205=FACE_OUTER_BOUND('',#359,.T.);
#206=FACE_OUTER_BOUND('',#360,.T.);
#207=FACE_OUTER_BOUND('',#361,.T.);
#208=FACE_OUTER_BOUND('',#362,.T.);
#209=FACE_OUTER_BOUND('',#363,.T.);
#210=FACE_OUTER_BOUND('',#364,.T.);
#211=FACE_OUTER_BOUND('',#365,.T.);
#212=FACE_OUTER_BOUND('',#366,.T.);
#213=FACE_OUTER_BOUND('',#368,.T.);
#214=FACE_OUTER_BOUND('',#369,.T.);
#215=FACE_OUTER_BOUND('',#370,.T.);
#216=FACE_OUTER_BOUND('',#371,.T.);
#217=FACE_OUTER_BOUND('',#372,.T.);
#218=FACE_OUTER_BOUND('',#373,.T.);
#219=FACE_OUTER_BOUND('',#374,.T.);
#220=FACE_OUTER_BOUND('',#375,.T.);
#221=FACE_OUTER_BOUND('',#376,.T.);
#222=FACE_OUTER_BOUND('',#377,.T.);
#223=FACE_OUTER_BOUND('',#378,.T.);
#224=FACE_OUTER_BOUND('',#379,.T.);
#225=FACE_OUTER_BOUND('',#380,.T.);
#226=FACE_OUTER_BOUND('',#381,.T.);
#227=FACE_OUTER_BOUND('',#382,.T.);
#228=FACE_OUTER_BOUND('',#383,.T.);
#229=FACE_OUTER_BOUND('',#384,.T.);
#230=FACE_OUTER_BOUND('',#385,.T.);
#231=FACE_OUTER_BOUND('',#386,.T.);
#232=FACE_OUTER_BOUND('',#387,.T.);
#233=FACE_OUTER_BOUND('',#388,.T.);
#234=FACE_OUTER_BOUND('',#389,.T.);
#235=FACE_OUTER_BOUND('',#390,.T.);
#236=FACE_OUTER_BOUND('',#391,.T.);
#237=FACE_OUTER_BOUND('',#394,.T.);
#238=FACE_OUTER_BOUND('',#395,.T.);
#239=FACE_OUTER_BOUND('',#396,.T.);
#240=FACE_OUTER_BOUND('',#397,.T.);
#241=FACE_OUTER_BOUND('',#398,.T.);
#242=FACE_OUTER_BOUND('',#399,.T.);
#243=FACE_OUTER_BOUND('',#400,.T.);
#244=FACE_OUTER_BOUND('',#401,.T.);
#245=FACE_OUTER_BOUND('',#402,.T.);
#246=FACE_OUTER_BOUND('',#403,.T.);
#247=FACE_OUTER_BOUND('',#404,.T.);
#248=EDGE_LOOP('',(#1538,#1539,#1540,#1541));
#249=EDGE_LOOP('',(#1542,#1543,#1544,#1545));
#250=EDGE_LOOP('',(#1546,#1547,#1548,#1549));
#251=EDGE_LOOP('',(#1550,#1551,#1552,#1553,#1554,#1555,#1556,#1557));
#252=EDGE_LOOP('',(#1558));
#253=EDGE_LOOP('',(#1559,#1560,#1561,#1562));
#254=EDGE_LOOP('',(#1563));
#255=EDGE_LOOP('',(#1564,#1565,#1566,#1567));
#256=EDGE_LOOP('',(#1568));
#257=EDGE_LOOP('',(#1569));
#258=EDGE_LOOP('',(#1570));
#259=EDGE_LOOP('',(#1571,#1572,#1573,#1574));
#260=EDGE_LOOP('',(#1575));
#261=EDGE_LOOP('',(#1576,#1577,#1578,#1579));
#262=EDGE_LOOP('',(#1580));
#263=EDGE_LOOP('',(#1581));
#264=EDGE_LOOP('',(#1582));
#265=EDGE_LOOP('',(#1583));
#266=EDGE_LOOP('',(#1584));
#267=EDGE_LOOP('',(#1585));
#268=EDGE_LOOP('',(#1586));
#269=EDGE_LOOP('',(#1587));
#270=EDGE_LOOP('',(#1588));
#271=EDGE_LOOP('',(#1589,#1590,#1591,#1592,#1593,#1594,#1595,#1596));
#272=EDGE_LOOP('',(#1597));
#273=EDGE_LOOP('',(#1598,#1599,#1600,#1601));
#274=EDGE_LOOP('',(#1602));
#275=EDGE_LOOP('',(#1603,#1604,#1605,#1606));
#276=EDGE_LOOP('',(#1607));
#277=EDGE_LOOP('',(#1608));
#278=EDGE_LOOP('',(#1609));
#279=EDGE_LOOP('',(#1610,#1611,#1612,#1613));
#280=EDGE_LOOP('',(#1614));
#281=EDGE_LOOP('',(#1615,#1616,#1617,#1618));
#282=EDGE_LOOP('',(#1619));
#283=EDGE_LOOP('',(#1620));
#284=EDGE_LOOP('',(#1621));
#285=EDGE_LOOP('',(#1622));
#286=EDGE_LOOP('',(#1623));
#287=EDGE_LOOP('',(#1624));
#288=EDGE_LOOP('',(#1625));
#289=EDGE_LOOP('',(#1626));
#290=EDGE_LOOP('',(#1627));
#291=EDGE_LOOP('',(#1628,#1629,#1630,#1631));
#292=EDGE_LOOP('',(#1632,#1633,#1634,#1635));
#293=EDGE_LOOP('',(#1636,#1637,#1638,#1639));
#294=EDGE_LOOP('',(#1640,#1641,#1642,#1643));
#295=EDGE_LOOP('',(#1644,#1645,#1646,#1647));
#296=EDGE_LOOP('',(#1648,#1649,#1650,#1651));
#297=EDGE_LOOP('',(#1652,#1653,#1654,#1655));
#298=EDGE_LOOP('',(#1656,#1657,#1658,#1659));
#299=EDGE_LOOP('',(#1660,#1661,#1662,#1663));
#300=EDGE_LOOP('',(#1664,#1665,#1666,#1667));
#301=EDGE_LOOP('',(#1668,#1669,#1670,#1671));
#302=EDGE_LOOP('',(#1672,#1673,#1674,#1675));
#303=EDGE_LOOP('',(#1676,#1677,#1678,#1679));
#304=EDGE_LOOP('',(#1680,#1681,#1682,#1683));
#305=EDGE_LOOP('',(#1684,#1685,#1686,#1687));
#306=EDGE_LOOP('',(#1688,#1689,#1690,#1691));
#307=EDGE_LOOP('',(#1692,#1693,#1694,#1695));
#308=EDGE_LOOP('',(#1696,#1697,#1698,#1699));
#309=EDGE_LOOP('',(#1700,#1701,#1702,#1703));
#310=EDGE_LOOP('',(#1704,#1705,#1706,#1707));
#311=EDGE_LOOP('',(#1708,#1709,#1710,#1711));
#312=EDGE_LOOP('',(#1712,#1713,#1714,#1715));
#313=EDGE_LOOP('',(#1716,#1717,#1718,#1719));
#314=EDGE_LOOP('',(#1720,#1721,#1722,#1723));
#315=EDGE_LOOP('',(#1724,#1725,#1726,#1727));
#316=EDGE_LOOP('',(#1728,#1729,#1730,#1731));
#317=EDGE_LOOP('',(#1732,#1733,#1734,#1735));
#318=EDGE_LOOP('',(#1736,#1737,#1738,#1739));
#319=EDGE_LOOP('',(#1740,#1741,#1742,#1743));
#320=EDGE_LOOP('',(#1744,#1745,#1746,#1747));
#321=EDGE_LOOP('',(#1748,#1749,#1750,#1751));
#322=EDGE_LOOP('',(#1752,#1753,#1754,#1755));
#323=EDGE_LOOP('',(#1756,#1757,#1758,#1759));
#324=EDGE_LOOP('',(#1760,#1761,#1762,#1763));
#325=EDGE_LOOP('',(#1764,#1765,#1766,#1767));
#326=EDGE_LOOP('',(#1768,#1769,#1770,#1771));
#327=EDGE_LOOP('',(#1772,#1773,#1774,#1775));
#328=EDGE_LOOP('',(#1776,#1777,#1778,#1779,#1780,#1781,#1782,#1783));
#329=EDGE_LOOP('',(#1784,#1785,#1786,#1787,#1788,#1789));
#330=EDGE_LOOP('',(#1790,#1791,#1792,#1793));
#331=EDGE_LOOP('',(#1794,#1795,#1796,#1797,#1798,#1799));
#332=EDGE_LOOP('',(#1800,#1801,#1802,#1803));
#333=EDGE_LOOP('',(#1804,#1805,#1806,#1807));
#334=EDGE_LOOP('',(#1808,#1809,#1810,#1811,#1812,#1813));
#335=EDGE_LOOP('',(#1814,#1815,#1816,#1817,#1818,#1819,#1820,#1821));
#336=EDGE_LOOP('',(#1822,#1823,#1824,#1825));
#337=EDGE_LOOP('',(#1826,#1827,#1828,#1829,#1830,#1831,#1832,#1833));
#338=EDGE_LOOP('',(#1834,#1835,#1836,#1837,#1838,#1839));
#339=EDGE_LOOP('',(#1840,#1841,#1842,#1843));
#340=EDGE_LOOP('',(#1844,#1845,#1846,#1847));
#341=EDGE_LOOP('',(#1848,#1849,#1850,#1851));
#342=EDGE_LOOP('',(#1852,#1853,#1854,#1855,#1856,#1857));
#343=EDGE_LOOP('',(#1858,#1859,#1860,#1861));
#344=EDGE_LOOP('',(#1862,#1863,#1864,#1865));
#345=EDGE_LOOP('',(#1866,#1867,#1868,#1869));
#346=EDGE_LOOP('',(#1870,#1871,#1872,#1873,#1874,#1875));
#347=EDGE_LOOP('',(#1876,#1877,#1878,#1879,#1880,#1881,#1882,#1883));
#348=EDGE_LOOP('',(#1884,#1885,#1886,#1887));
#349=EDGE_LOOP('',(#1888,#1889,#1890,#1891));
#350=EDGE_LOOP('',(#1892,#1893,#1894,#1895));
#351=EDGE_LOOP('',(#1896,#1897,#1898,#1899));
#352=EDGE_LOOP('',(#1900,#1901,#1902,#1903,#1904,#1905));
#353=EDGE_LOOP('',(#1906,#1907,#1908,#1909));
#354=EDGE_LOOP('',(#1910,#1911,#1912,#1913));
#355=EDGE_LOOP('',(#1914,#1915,#1916,#1917));
#356=EDGE_LOOP('',(#1918,#1919,#1920,#1921));
#357=EDGE_LOOP('',(#1922,#1923,#1924,#1925,#1926,#1927));
#358=EDGE_LOOP('',(#1928,#1929,#1930,#1931,#1932,#1933,#1934,#1935,#1936,
#1937));
#359=EDGE_LOOP('',(#1938,#1939,#1940,#1941,#1942,#1943,#1944,#1945,#1946,
#1947,#1948,#1949));
#360=EDGE_LOOP('',(#1950,#1951,#1952,#1953,#1954,#1955,#1956,#1957));
#361=EDGE_LOOP('',(#1958,#1959,#1960,#1961));
#362=EDGE_LOOP('',(#1962,#1963,#1964,#1965));
#363=EDGE_LOOP('',(#1966,#1967,#1968,#1969));
#364=EDGE_LOOP('',(#1970,#1971,#1972,#1973));
#365=EDGE_LOOP('',(#1974,#1975,#1976,#1977));
#366=EDGE_LOOP('',(#1978,#1979,#1980,#1981,#1982,#1983,#1984,#1985,#1986,
#1987,#1988,#1989,#1990,#1991,#1992,#1993,#1994,#1995,#1996,#1997,#1998,
#1999,#2000,#2001,#2002,#2003));
#367=EDGE_LOOP('',(#2004,#2005,#2006));
#368=EDGE_LOOP('',(#2007,#2008,#2009,#2010));
#369=EDGE_LOOP('',(#2011,#2012,#2013,#2014));
#370=EDGE_LOOP('',(#2015,#2016,#2017,#2018,#2019,#2020));
#371=EDGE_LOOP('',(#2021,#2022,#2023,#2024));
#372=EDGE_LOOP('',(#2025,#2026,#2027,#2028));
#373=EDGE_LOOP('',(#2029,#2030,#2031,#2032));
#374=EDGE_LOOP('',(#2033,#2034,#2035,#2036));
#375=EDGE_LOOP('',(#2037,#2038,#2039,#2040));
#376=EDGE_LOOP('',(#2041,#2042,#2043,#2044));
#377=EDGE_LOOP('',(#2045,#2046,#2047,#2048));
#378=EDGE_LOOP('',(#2049,#2050,#2051,#2052));
#379=EDGE_LOOP('',(#2053,#2054,#2055,#2056));
#380=EDGE_LOOP('',(#2057,#2058,#2059,#2060));
#381=EDGE_LOOP('',(#2061,#2062,#2063,#2064));
#382=EDGE_LOOP('',(#2065,#2066,#2067,#2068,#2069,#2070,#2071,#2072));
#383=EDGE_LOOP('',(#2073,#2074,#2075,#2076,#2077));
#384=EDGE_LOOP('',(#2078,#2079,#2080,#2081,#2082,#2083,#2084,#2085));
#385=EDGE_LOOP('',(#2086,#2087,#2088,#2089));
#386=EDGE_LOOP('',(#2090,#2091,#2092,#2093));
#387=EDGE_LOOP('',(#2094,#2095,#2096,#2097));
#388=EDGE_LOOP('',(#2098,#2099,#2100,#2101));
#389=EDGE_LOOP('',(#2102,#2103,#2104,#2105));
#390=EDGE_LOOP('',(#2106,#2107,#2108,#2109,#2110));
#391=EDGE_LOOP('',(#2111,#2112,#2113,#2114,#2115,#2116,#2117,#2118,#2119,
#2120,#2121,#2122,#2123,#2124,#2125,#2126,#2127,#2128,#2129,#2130,#2131,
#2132));
#392=EDGE_LOOP('',(#2133,#2134,#2135,#2136,#2137,#2138,#2139,#2140,#2141,
#2142));
#393=EDGE_LOOP('',(#2143,#2144,#2145));
#394=EDGE_LOOP('',(#2146,#2147,#2148,#2149,#2150,#2151,#2152,#2153));
#395=EDGE_LOOP('',(#2154,#2155,#2156,#2157));
#396=EDGE_LOOP('',(#2158,#2159,#2160,#2161));
#397=EDGE_LOOP('',(#2162,#2163,#2164,#2165));
#398=EDGE_LOOP('',(#2166,#2167,#2168,#2169));
#399=EDGE_LOOP('',(#2170,#2171,#2172,#2173));
#400=EDGE_LOOP('',(#2174,#2175,#2176,#2177));
#401=EDGE_LOOP('',(#2178,#2179,#2180,#2181,#2182,#2183));
#402=EDGE_LOOP('',(#2184,#2185,#2186,#2187,#2188));
#403=EDGE_LOOP('',(#2189,#2190,#2191,#2192,#2193,#2194,#2195,#2196));
#404=EDGE_LOOP('',(#2197,#2198,#2199,#2200,#2201));
#405=CIRCLE('',#2376,7.499999518251);
#406=CIRCLE('',#2377,7.499999518251);
#407=CIRCLE('',#2381,7.499999518251);
#408=CIRCLE('',#2382,7.500001225358);
#409=CIRCLE('',#2383,7.499999518251);
#410=CIRCLE('',#2384,0.15);
#411=CIRCLE('',#2385,0.25);
#412=CIRCLE('',#2386,0.25);
#413=CIRCLE('',#2387,0.15);
#414=CIRCLE('',#2388,0.25);
#415=CIRCLE('',#2389,0.25);
#416=CIRCLE('',#2390,0.15);
#417=CIRCLE('',#2391,0.15);
#418=CIRCLE('',#2392,0.3);
#419=CIRCLE('',#2393,0.25);
#420=CIRCLE('',#2394,0.25);
#421=CIRCLE('',#2395,0.3);
#422=CIRCLE('',#2396,0.25);
#423=CIRCLE('',#2397,0.25);
#424=CIRCLE('',#2398,0.15);
#425=CIRCLE('',#2399,0.15);
#426=CIRCLE('',#2400,0.15);
#427=CIRCLE('',#2401,0.15);
#428=CIRCLE('',#2402,0.15);
#429=CIRCLE('',#2403,0.15);
#430=CIRCLE('',#2404,0.15);
#431=CIRCLE('',#2405,0.15);
#432=CIRCLE('',#2406,0.15);
#433=CIRCLE('',#2408,7.499999518251);
#434=CIRCLE('',#2409,7.500001225358);
#435=CIRCLE('',#2410,7.499999518251);
#436=CIRCLE('',#2411,0.15);
#437=CIRCLE('',#2412,0.25);
#438=CIRCLE('',#2413,0.25);
#439=CIRCLE('',#2414,0.15);
#440=CIRCLE('',#2415,0.25);
#441=CIRCLE('',#2416,0.25);
#442=CIRCLE('',#2417,0.15);
#443=CIRCLE('',#2418,0.15);
#444=CIRCLE('',#2419,0.3);
#445=CIRCLE('',#2420,0.25);
#446=CIRCLE('',#2421,0.25);
#447=CIRCLE('',#2422,0.3);
#448=CIRCLE('',#2423,0.25);
#449=CIRCLE('',#2424,0.25);
#450=CIRCLE('',#2425,0.15);
#451=CIRCLE('',#2426,0.15);
#452=CIRCLE('',#2427,0.15);
#453=CIRCLE('',#2428,0.15);
#454=CIRCLE('',#2429,0.15);
#455=CIRCLE('',#2430,0.15);
#456=CIRCLE('',#2431,0.15);
#457=CIRCLE('',#2432,0.15);
#458=CIRCLE('',#2433,0.15);
#459=CIRCLE('',#2473,7.499999518251);
#460=CIRCLE('',#2476,7.499999518251);
#461=CIRCLE('',#2480,7.499999518251);
#462=CIRCLE('',#2485,7.500001225358);
#463=CIRCLE('',#2487,4.);
#464=CIRCLE('',#2488,4.);
#465=CIRCLE('',#2491,1.99999999999999);
#466=CIRCLE('',#2492,1.99999999999999);
#467=CIRCLE('',#2494,1.99999999999999);
#468=CIRCLE('',#2496,1.99999999999999);
#469=CIRCLE('',#2497,1.99999999999999);
#470=CIRCLE('',#2500,4.);
#471=CIRCLE('',#2501,4.);
#472=CIRCLE('',#2503,2.);
#473=CIRCLE('',#2506,2.);
#474=CIRCLE('',#2508,4.);
#475=CIRCLE('',#2509,4.);
#476=CIRCLE('',#2512,1.99999999999999);
#477=CIRCLE('',#2513,1.99999999999999);
#478=CIRCLE('',#2516,1.99999999999999);
#479=CIRCLE('',#2517,1.99999999999999);
#480=CIRCLE('',#2520,4.);
#481=CIRCLE('',#2521,4.);
#482=CIRCLE('',#2523,1.99999999999999);
#483=CIRCLE('',#2526,4.);
#484=CIRCLE('',#2530,4.);
#485=CIRCLE('',#2532,7.499999518251);
#486=CIRCLE('',#2535,7.499999518251);
#487=CIRCLE('',#2538,7.500001225358);
#488=CIRCLE('',#2539,7.499999518251);
#489=LINE('',#3229,#737);
#490=LINE('',#3233,#738);
#491=LINE('',#3238,#739);
#492=LINE('',#3239,#740);
#493=LINE('',#3240,#741);
#494=LINE('',#3243,#742);
#495=LINE('',#3245,#743);
#496=LINE('',#3246,#744);
#497=LINE('',#3251,#745);
#498=LINE('',#3255,#746);
#499=LINE('',#3263,#747);
#500=LINE('',#3266,#748);
#501=LINE('',#3273,#749);
#502=LINE('',#3276,#750);
#503=LINE('',#3287,#751);
#504=LINE('',#3290,#752);
#505=LINE('',#3297,#753);
#506=LINE('',#3300,#754);
#507=LINE('',#3323,#755);
#508=LINE('',#3327,#756);
#509=LINE('',#3335,#757);
#510=LINE('',#3338,#758);
#511=LINE('',#3345,#759);
#512=LINE('',#3348,#760);
#513=LINE('',#3359,#761);
#514=LINE('',#3362,#762);
#515=LINE('',#3369,#763);
#516=LINE('',#3372,#764);
#517=LINE('',#3392,#765);
#518=LINE('',#3394,#766);
#519=LINE('',#3396,#767);
#520=LINE('',#3398,#768);
#521=LINE('',#3401,#769);
#522=LINE('',#3403,#770);
#523=LINE('',#3404,#771);
#524=LINE('',#3406,#772);
#525=LINE('',#3408,#773);
#526=LINE('',#3411,#774);
#527=LINE('',#3413,#775);
#528=LINE('',#3414,#776);
#529=LINE('',#3416,#777);
#530=LINE('',#3418,#778);
#531=LINE('',#3421,#779);
#532=LINE('',#3423,#780);
#533=LINE('',#3425,#781);
#534=LINE('',#3427,#782);
#535=LINE('',#3428,#783);
#536=LINE('',#3430,#784);
#537=LINE('',#3432,#785);
#538=LINE('',#3435,#786);
#539=LINE('',#3437,#787);
#540=LINE('',#3438,#788);
#541=LINE('',#3440,#789);
#542=LINE('',#3442,#790);
#543=LINE('',#3445,#791);
#544=LINE('',#3447,#792);
#545=LINE('',#3449,#793);
#546=LINE('',#3451,#794);
#547=LINE('',#3453,#795);
#548=LINE('',#3455,#796);
#549=LINE('',#3457,#797);
#550=LINE('',#3459,#798);
#551=LINE('',#3461,#799);
#552=LINE('',#3465,#800);
#553=LINE('',#3467,#801);
#554=LINE('',#3469,#802);
#555=LINE('',#3470,#803);
#556=LINE('',#3473,#804);
#557=LINE('',#3475,#805);
#558=LINE('',#3477,#806);
#559=LINE('',#3479,#807);
#560=LINE('',#3481,#808);
#561=LINE('',#3483,#809);
#562=LINE('',#3484,#810);
#563=LINE('',#3487,#811);
#564=LINE('',#3489,#812);
#565=LINE('',#3492,#813);
#566=LINE('',#3496,#814);
#567=LINE('',#3498,#815);
#568=LINE('',#3500,#816);
#569=LINE('',#3501,#817);
#570=LINE('',#3504,#818);
#571=LINE('',#3506,#819);
#572=LINE('',#3510,#820);
#573=LINE('',#3511,#821);
#574=LINE('',#3514,#822);
#575=LINE('',#3515,#823);
#576=LINE('',#3519,#824);
#577=LINE('',#3521,#825);
#578=LINE('',#3523,#826);
#579=LINE('',#3524,#827);
#580=LINE('',#3527,#828);
#581=LINE('',#3529,#829);
#582=LINE('',#3533,#830);
#583=LINE('',#3534,#831);
#584=LINE('',#3537,#832);
#585=LINE('',#3539,#833);
#586=LINE('',#3541,#834);
#587=LINE('',#3543,#835);
#588=LINE('',#3545,#836);
#589=LINE('',#3546,#837);
#590=LINE('',#3550,#838);
#591=LINE('',#3552,#839);
#592=LINE('',#3554,#840);
#593=LINE('',#3555,#841);
#594=LINE('',#3558,#842);
#595=LINE('',#3560,#843);
#596=LINE('',#3562,#844);
#597=LINE('',#3564,#845);
#598=LINE('',#3566,#846);
#599=LINE('',#3568,#847);
#600=LINE('',#3569,#848);
#601=LINE('',#3572,#849);
#602=LINE('',#3574,#850);
#603=LINE('',#3577,#851);
#604=LINE('',#3583,#852);
#605=LINE('',#3586,#853);
#606=LINE('',#3589,#854);
#607=LINE('',#3591,#855);
#608=LINE('',#3592,#856);
#609=LINE('',#3598,#857);
#610=LINE('',#3601,#858);
#611=LINE('',#3603,#859);
#612=LINE('',#3610,#860);
#613=LINE('',#3613,#861);
#614=LINE('',#3616,#862);
#615=LINE('',#3618,#863);
#616=LINE('',#3619,#864);
#617=LINE('',#3625,#865);
#618=LINE('',#3628,#866);
#619=LINE('',#3630,#867);
#620=LINE('',#3634,#868);
#621=LINE('',#3636,#869);
#622=LINE('',#3638,#870);
#623=LINE('',#3640,#871);
#624=LINE('',#3642,#872);
#625=LINE('',#3643,#873);
#626=LINE('',#3646,#874);
#627=LINE('',#3653,#875);
#628=LINE('',#3656,#876);
#629=LINE('',#3658,#877);
#630=LINE('',#3659,#878);
#631=LINE('',#3665,#879);
#632=LINE('',#3667,#880);
#633=LINE('',#3673,#881);
#634=LINE('',#3676,#882);
#635=LINE('',#3679,#883);
#636=LINE('',#3681,#884);
#637=LINE('',#3682,#885);
#638=LINE('',#3688,#886);
#639=LINE('',#3691,#887);
#640=LINE('',#3694,#888);
#641=LINE('',#3696,#889);
#642=LINE('',#3697,#890);
#643=LINE('',#3699,#891);
#644=LINE('',#3701,#892);
#645=LINE('',#3704,#893);
#646=LINE('',#3707,#894);
#647=LINE('',#3708,#895);
#648=LINE('',#3713,#896);
#649=LINE('',#3716,#897);
#650=LINE('',#3719,#898);
#651=LINE('',#3720,#899);
#652=LINE('',#3723,#900);
#653=LINE('',#3725,#901);
#654=LINE('',#3729,#902);
#655=LINE('',#3730,#903);
#656=LINE('',#3734,#904);
#657=LINE('',#3736,#905);
#658=LINE('',#3737,#906);
#659=LINE('',#3739,#907);
#660=LINE('',#3741,#908);
#661=LINE('',#3743,#909);
#662=LINE('',#3744,#910);
#663=LINE('',#3745,#911);
#664=LINE('',#3747,#912);
#665=LINE('',#3748,#913);
#666=LINE('',#3750,#914);
#667=LINE('',#3754,#915);
#668=LINE('',#3756,#916);
#669=LINE('',#3758,#917);
#670=LINE('',#3759,#918);
#671=LINE('',#3761,#919);
#672=LINE('',#3765,#920);
#673=LINE('',#3766,#921);
#674=LINE('',#3769,#922);
#675=LINE('',#3771,#923);
#676=LINE('',#3772,#924);
#677=LINE('',#3776,#925);
#678=LINE('',#3777,#926);
#679=LINE('',#3778,#927);
#680=LINE('',#3782,#928);
#681=LINE('',#3783,#929);
#682=LINE('',#3784,#930);
#683=LINE('',#3787,#931);
#684=LINE('',#3788,#932);
#685=LINE('',#3791,#933);
#686=LINE('',#3792,#934);
#687=LINE('',#3795,#935);
#688=LINE('',#3796,#936);
#689=LINE('',#3799,#937);
#690=LINE('',#3800,#938);
#691=LINE('',#3803,#939);
#692=LINE('',#3805,#940);
#693=LINE('',#3806,#941);
#694=LINE('',#3809,#942);
#695=LINE('',#3811,#943);
#696=LINE('',#3812,#944);
#697=LINE('',#3814,#945);
#698=LINE('',#3817,#946);
#699=LINE('',#3818,#947);
#700=LINE('',#3820,#948);
#701=LINE('',#3822,#949);
#702=LINE('',#3826,#950);
#703=LINE('',#3828,#951);
#704=LINE('',#3829,#952);
#705=LINE('',#3831,#953);
#706=LINE('',#3832,#954);
#707=LINE('',#3836,#955);
#708=LINE('',#3838,#956);
#709=LINE('',#3839,#957);
#710=LINE('',#3840,#958);
#711=LINE('',#3842,#959);
#712=LINE('',#3844,#960);
#713=LINE('',#3848,#961);
#714=LINE('',#3850,#962);
#715=LINE('',#3851,#963);
#716=LINE('',#3853,#964);
#717=LINE('',#3854,#965);
#718=LINE('',#3858,#966);
#719=LINE('',#3859,#967);
#720=LINE('',#3861,#968);
#721=LINE('',#3863,#969);
#722=LINE('',#3865,#970);
#723=LINE('',#3866,#971);
#724=LINE('',#3869,#972);
#725=LINE('',#3870,#973);
#726=LINE('',#3871,#974);
#727=LINE('',#3873,#975);
#728=LINE('',#3875,#976);
#729=LINE('',#3879,#977);
#730=LINE('',#3880,#978);
#731=LINE('',#3883,#979);
#732=LINE('',#3884,#980);
#733=LINE('',#3886,#981);
#734=LINE('',#3890,#982);
#735=LINE('',#3891,#983);
#736=LINE('',#3893,#984);
#737=VECTOR('',#2579,1.);
#738=VECTOR('',#2582,1.);
#739=VECTOR('',#2587,1.);
#740=VECTOR('',#2588,1.00000000000024);
#741=VECTOR('',#2589,1.00000000000024);
#742=VECTOR('',#2592,0.99999999999971);
#743=VECTOR('',#2593,1.);
#744=VECTOR('',#2594,0.99999999999971);
#745=VECTOR('',#2599,1.00000000000009);
#746=VECTOR('',#2602,1.);
#747=VECTOR('',#2609,1.);
#748=VECTOR('',#2612,1.);
#749=VECTOR('',#2617,1.);
#750=VECTOR('',#2620,1.);
#751=VECTOR('',#2629,1.);
#752=VECTOR('',#2632,1.);
#753=VECTOR('',#2637,1.);
#754=VECTOR('',#2640,1.);
#755=VECTOR('',#2663,1.);
#756=VECTOR('',#2666,1.00000000000009);
#757=VECTOR('',#2673,1.);
#758=VECTOR('',#2676,1.);
#759=VECTOR('',#2681,1.);
#760=VECTOR('',#2684,1.);
#761=VECTOR('',#2693,1.);
#762=VECTOR('',#2696,1.);
#763=VECTOR('',#2701,1.);
#764=VECTOR('',#2704,1.);
#765=VECTOR('',#2725,1.);
#766=VECTOR('',#2728,1.);
#767=VECTOR('',#2731,1.);
#768=VECTOR('',#2734,1.);
#769=VECTOR('',#2739,0.15);
#770=VECTOR('',#2742,1.);
#771=VECTOR('',#2743,1.);
#772=VECTOR('',#2746,1.);
#773=VECTOR('',#2749,1.);
#774=VECTOR('',#2754,0.15);
#775=VECTOR('',#2757,1.);
#776=VECTOR('',#2758,1.);
#777=VECTOR('',#2761,1.);
#778=VECTOR('',#2764,1.);
#779=VECTOR('',#2769,0.15);
#780=VECTOR('',#2772,0.15);
#781=VECTOR('',#2775,0.3);
#782=VECTOR('',#2778,1.);
#783=VECTOR('',#2779,1.);
#784=VECTOR('',#2782,1.);
#785=VECTOR('',#2785,1.);
#786=VECTOR('',#2790,0.3);
#787=VECTOR('',#2793,1.);
#788=VECTOR('',#2794,1.);
#789=VECTOR('',#2797,1.);
#790=VECTOR('',#2800,1.);
#791=VECTOR('',#2805,0.15);
#792=VECTOR('',#2808,0.15);
#793=VECTOR('',#2811,0.15);
#794=VECTOR('',#2814,0.15);
#795=VECTOR('',#2817,0.15);
#796=VECTOR('',#2820,0.15);
#797=VECTOR('',#2823,0.15);
#798=VECTOR('',#2826,0.15);
#799=VECTOR('',#2829,0.15);
#800=VECTOR('',#2832,10.);
#801=VECTOR('',#2833,10.);
#802=VECTOR('',#2834,10.);
#803=VECTOR('',#2835,10.);
#804=VECTOR('',#2838,10.);
#805=VECTOR('',#2839,10.);
#806=VECTOR('',#2840,10.);
#807=VECTOR('',#2841,10.);
#808=VECTOR('',#2842,10.);
#809=VECTOR('',#2843,10.);
#810=VECTOR('',#2844,10.);
#811=VECTOR('',#2847,10.);
#812=VECTOR('',#2848,0.999999999999709);
#813=VECTOR('',#2851,1.00000000000009);
#814=VECTOR('',#2854,10.);
#815=VECTOR('',#2855,10.);
#816=VECTOR('',#2856,10.);
#817=VECTOR('',#2857,10.);
#818=VECTOR('',#2860,10.);
#819=VECTOR('',#2861,10.);
#820=VECTOR('',#2864,0.99999999999971);
#821=VECTOR('',#2865,10.);
#822=VECTOR('',#2868,10.);
#823=VECTOR('',#2869,10.);
#824=VECTOR('',#2872,10.);
#825=VECTOR('',#2873,10.);
#826=VECTOR('',#2874,10.);
#827=VECTOR('',#2875,10.);
#828=VECTOR('',#2878,10.);
#829=VECTOR('',#2879,1.);
#830=VECTOR('',#2882,10.);
#831=VECTOR('',#2883,10.);
#832=VECTOR('',#2886,10.);
#833=VECTOR('',#2887,10.);
#834=VECTOR('',#2888,10.);
#835=VECTOR('',#2889,10.);
#836=VECTOR('',#2890,10.);
#837=VECTOR('',#2891,10.);
#838=VECTOR('',#2894,10.);
#839=VECTOR('',#2895,10.);
#840=VECTOR('',#2896,10.);
#841=VECTOR('',#2897,10.);
#842=VECTOR('',#2900,10.);
#843=VECTOR('',#2901,10.);
#844=VECTOR('',#2902,10.);
#845=VECTOR('',#2903,10.);
#846=VECTOR('',#2904,10.);
#847=VECTOR('',#2905,10.);
#848=VECTOR('',#2906,10.);
#849=VECTOR('',#2909,10.);
#850=VECTOR('',#2910,1.00000000000009);
#851=VECTOR('',#2913,1.);
#852=VECTOR('',#2918,10.);
#853=VECTOR('',#2921,10.);
#854=VECTOR('',#2924,10.);
#855=VECTOR('',#2925,10.);
#856=VECTOR('',#2926,10.);
#857=VECTOR('',#2933,10.);
#858=VECTOR('',#2936,10.);
#859=VECTOR('',#2937,10.);
#860=VECTOR('',#2944,10.);
#861=VECTOR('',#2947,10.);
#862=VECTOR('',#2950,10.);
#863=VECTOR('',#2951,10.);
#864=VECTOR('',#2952,10.);
#865=VECTOR('',#2959,10.);
#866=VECTOR('',#2962,10.);
#867=VECTOR('',#2963,10.);
#868=VECTOR('',#2968,10.);
#869=VECTOR('',#2969,10.);
#870=VECTOR('',#2970,10.);
#871=VECTOR('',#2971,10.);
#872=VECTOR('',#2972,10.);
#873=VECTOR('',#2973,10.);
#874=VECTOR('',#2976,10.);
#875=VECTOR('',#2985,10.);
#876=VECTOR('',#2988,10.);
#877=VECTOR('',#2989,10.);
#878=VECTOR('',#2990,10.);
#879=VECTOR('',#2997,10.);
#880=VECTOR('',#3000,10.);
#881=VECTOR('',#3005,10.);
#882=VECTOR('',#3008,10.);
#883=VECTOR('',#3011,10.);
#884=VECTOR('',#3012,10.);
#885=VECTOR('',#3013,10.);
#886=VECTOR('',#3020,10.);
#887=VECTOR('',#3023,10.);
#888=VECTOR('',#3026,10.);
#889=VECTOR('',#3029,10.);
#890=VECTOR('',#3030,10.);
#891=VECTOR('',#3033,10.);
#892=VECTOR('',#3034,10.);
#893=VECTOR('',#3039,10.);
#894=VECTOR('',#3042,10.);
#895=VECTOR('',#3043,10.);
#896=VECTOR('',#3050,10.);
#897=VECTOR('',#3053,1.);
#898=VECTOR('',#3056,10.);
#899=VECTOR('',#3057,0.99999999999971);
#900=VECTOR('',#3060,10.);
#901=VECTOR('',#3061,1.);
#902=VECTOR('',#3066,10.);
#903=VECTOR('',#3067,10.);
#904=VECTOR('',#3070,10.);
#905=VECTOR('',#3071,10.);
#906=VECTOR('',#3072,10.);
#907=VECTOR('',#3073,10.);
#908=VECTOR('',#3074,10.);
#909=VECTOR('',#3075,10.);
#910=VECTOR('',#3076,10.);
#911=VECTOR('',#3077,1.);
#912=VECTOR('',#3078,10.);
#913=VECTOR('',#3079,10.);
#914=VECTOR('',#3080,1.);
#915=VECTOR('',#3083,1.00000000000009);
#916=VECTOR('',#3084,10.);
#917=VECTOR('',#3085,10.);
#918=VECTOR('',#3086,10.);
#919=VECTOR('',#3087,1.00000000000009);
#920=VECTOR('',#3090,0.999999999999709);
#921=VECTOR('',#3091,10.);
#922=VECTOR('',#3092,10.);
#923=VECTOR('',#3093,10.);
#924=VECTOR('',#3094,10.);
#925=VECTOR('',#3097,10.);
#926=VECTOR('',#3098,10.);
#927=VECTOR('',#3099,10.);
#928=VECTOR('',#3102,10.);
#929=VECTOR('',#3103,10.);
#930=VECTOR('',#3104,10.);
#931=VECTOR('',#3107,10.);
#932=VECTOR('',#3108,10.);
#933=VECTOR('',#3111,10.);
#934=VECTOR('',#3112,10.);
#935=VECTOR('',#3115,10.);
#936=VECTOR('',#3116,10.);
#937=VECTOR('',#3119,10.);
#938=VECTOR('',#3120,10.);
#939=VECTOR('',#3123,10.);
#940=VECTOR('',#3124,10.);
#941=VECTOR('',#3125,10.);
#942=VECTOR('',#3128,10.);
#943=VECTOR('',#3129,10.);
#944=VECTOR('',#3130,10.);
#945=VECTOR('',#3133,10.);
#946=VECTOR('',#3136,10.);
#947=VECTOR('',#3137,10.);
#948=VECTOR('',#3140,10.);
#949=VECTOR('',#3143,10.);
#950=VECTOR('',#3148,10.);
#951=VECTOR('',#3149,10.);
#952=VECTOR('',#3150,10.);
#953=VECTOR('',#3153,10.);
#954=VECTOR('',#3154,10.);
#955=VECTOR('',#3159,10.);
#956=VECTOR('',#3160,10.);
#957=VECTOR('',#3161,10.);
#958=VECTOR('',#3162,10.);
#959=VECTOR('',#3165,1.);
#960=VECTOR('',#3168,1.);
#961=VECTOR('',#3173,10.);
#962=VECTOR('',#3174,10.);
#963=VECTOR('',#3175,10.);
#964=VECTOR('',#3178,10.);
#965=VECTOR('',#3179,10.);
#966=VECTOR('',#3184,10.);
#967=VECTOR('',#3185,10.);
#968=VECTOR('',#3186,10.);
#969=VECTOR('',#3187,10.);
#970=VECTOR('',#3188,10.);
#971=VECTOR('',#3189,10.);
#972=VECTOR('',#3192,10.);
#973=VECTOR('',#3193,10.);
#974=VECTOR('',#3194,10.);
#975=VECTOR('',#3197,1.);
#976=VECTOR('',#3200,1.);
#977=VECTOR('',#3205,10.);
#978=VECTOR('',#3206,10.);
#979=VECTOR('',#3209,10.);
#980=VECTOR('',#3210,10.);
#981=VECTOR('',#3213,10.);
#982=VECTOR('',#3218,10.);
#983=VECTOR('',#3219,10.);
#984=VECTOR('',#3222,10.);
#985=VERTEX_POINT('',#3227);
#986=VERTEX_POINT('',#3228);
#987=VERTEX_POINT('',#3230);
#988=VERTEX_POINT('',#3232);
#989=VERTEX_POINT('',#3236);
#990=VERTEX_POINT('',#3237);
#991=VERTEX_POINT('',#3242);
#992=VERTEX_POINT('',#3244);
#993=VERTEX_POINT('',#3248);
#994=VERTEX_POINT('',#3250);
#995=VERTEX_POINT('',#3252);
#996=VERTEX_POINT('',#3254);
#997=VERTEX_POINT('',#3257);
#998=VERTEX_POINT('',#3259);
#999=VERTEX_POINT('',#3260);
#1000=VERTEX_POINT('',#3262);
#1001=VERTEX_POINT('',#3264);
#1002=VERTEX_POINT('',#3267);
#1003=VERTEX_POINT('',#3269);
#1004=VERTEX_POINT('',#3270);
#1005=VERTEX_POINT('',#3272);
#1006=VERTEX_POINT('',#3274);
#1007=VERTEX_POINT('',#3277);
#1008=VERTEX_POINT('',#3279);
#1009=VERTEX_POINT('',#3281);
#1010=VERTEX_POINT('',#3283);
#1011=VERTEX_POINT('',#3284);
#1012=VERTEX_POINT('',#3286);
#1013=VERTEX_POINT('',#3288);
#1014=VERTEX_POINT('',#3291);
#1015=VERTEX_POINT('',#3293);
#1016=VERTEX_POINT('',#3294);
#1017=VERTEX_POINT('',#3296);
#1018=VERTEX_POINT('',#3298);
#1019=VERTEX_POINT('',#3301);
#1020=VERTEX_POINT('',#3303);
#1021=VERTEX_POINT('',#3305);
#1022=VERTEX_POINT('',#3307);
#1023=VERTEX_POINT('',#3309);
#1024=VERTEX_POINT('',#3311);
#1025=VERTEX_POINT('',#3313);
#1026=VERTEX_POINT('',#3315);
#1027=VERTEX_POINT('',#3317);
#1028=VERTEX_POINT('',#3320);
#1029=VERTEX_POINT('',#3322);
#1030=VERTEX_POINT('',#3324);
#1031=VERTEX_POINT('',#3326);
#1032=VERTEX_POINT('',#3329);
#1033=VERTEX_POINT('',#3331);
#1034=VERTEX_POINT('',#3332);
#1035=VERTEX_POINT('',#3334);
#1036=VERTEX_POINT('',#3336);
#1037=VERTEX_POINT('',#3339);
#1038=VERTEX_POINT('',#3341);
#1039=VERTEX_POINT('',#3342);
#1040=VERTEX_POINT('',#3344);
#1041=VERTEX_POINT('',#3346);
#1042=VERTEX_POINT('',#3349);
#1043=VERTEX_POINT('',#3351);
#1044=VERTEX_POINT('',#3353);
#1045=VERTEX_POINT('',#3355);
#1046=VERTEX_POINT('',#3356);
#1047=VERTEX_POINT('',#3358);
#1048=VERTEX_POINT('',#3360);
#1049=VERTEX_POINT('',#3363);
#1050=VERTEX_POINT('',#3365);
#1051=VERTEX_POINT('',#3366);
#1052=VERTEX_POINT('',#3368);
#1053=VERTEX_POINT('',#3370);
#1054=VERTEX_POINT('',#3373);
#1055=VERTEX_POINT('',#3375);
#1056=VERTEX_POINT('',#3377);
#1057=VERTEX_POINT('',#3379);
#1058=VERTEX_POINT('',#3381);
#1059=VERTEX_POINT('',#3383);
#1060=VERTEX_POINT('',#3385);
#1061=VERTEX_POINT('',#3387);
#1062=VERTEX_POINT('',#3389);
#1063=VERTEX_POINT('',#3463);
#1064=VERTEX_POINT('',#3464);
#1065=VERTEX_POINT('',#3466);
#1066=VERTEX_POINT('',#3468);
#1067=VERTEX_POINT('',#3472);
#1068=VERTEX_POINT('',#3474);
#1069=VERTEX_POINT('',#3476);
#1070=VERTEX_POINT('',#3478);
#1071=VERTEX_POINT('',#3480);
#1072=VERTEX_POINT('',#3482);
#1073=VERTEX_POINT('',#3486);
#1074=VERTEX_POINT('',#3488);
#1075=VERTEX_POINT('',#3490);
#1076=VERTEX_POINT('',#3494);
#1077=VERTEX_POINT('',#3495);
#1078=VERTEX_POINT('',#3497);
#1079=VERTEX_POINT('',#3499);
#1080=VERTEX_POINT('',#3503);
#1081=VERTEX_POINT('',#3505);
#1082=VERTEX_POINT('',#3507);
#1083=VERTEX_POINT('',#3509);
#1084=VERTEX_POINT('',#3513);
#1085=VERTEX_POINT('',#3517);
#1086=VERTEX_POINT('',#3518);
#1087=VERTEX_POINT('',#3520);
#1088=VERTEX_POINT('',#3522);
#1089=VERTEX_POINT('',#3526);
#1090=VERTEX_POINT('',#3528);
#1091=VERTEX_POINT('',#3530);
#1092=VERTEX_POINT('',#3532);
#1093=VERTEX_POINT('',#3536);
#1094=VERTEX_POINT('',#3538);
#1095=VERTEX_POINT('',#3540);
#1096=VERTEX_POINT('',#3542);
#1097=VERTEX_POINT('',#3544);
#1098=VERTEX_POINT('',#3548);
#1099=VERTEX_POINT('',#3549);
#1100=VERTEX_POINT('',#3551);
#1101=VERTEX_POINT('',#3553);
#1102=VERTEX_POINT('',#3557);
#1103=VERTEX_POINT('',#3559);
#1104=VERTEX_POINT('',#3561);
#1105=VERTEX_POINT('',#3563);
#1106=VERTEX_POINT('',#3565);
#1107=VERTEX_POINT('',#3567);
#1108=VERTEX_POINT('',#3571);
#1109=VERTEX_POINT('',#3573);
#1110=VERTEX_POINT('',#3575);
#1111=VERTEX_POINT('',#3579);
#1112=VERTEX_POINT('',#3580);
#1113=VERTEX_POINT('',#3582);
#1114=VERTEX_POINT('',#3584);
#1115=VERTEX_POINT('',#3588);
#1116=VERTEX_POINT('',#3590);
#1117=VERTEX_POINT('',#3594);
#1118=VERTEX_POINT('',#3596);
#1119=VERTEX_POINT('',#3600);
#1120=VERTEX_POINT('',#3602);
#1121=VERTEX_POINT('',#3606);
#1122=VERTEX_POINT('',#3607);
#1123=VERTEX_POINT('',#3609);
#1124=VERTEX_POINT('',#3611);
#1125=VERTEX_POINT('',#3615);
#1126=VERTEX_POINT('',#3617);
#1127=VERTEX_POINT('',#3621);
#1128=VERTEX_POINT('',#3623);
#1129=VERTEX_POINT('',#3627);
#1130=VERTEX_POINT('',#3629);
#1131=VERTEX_POINT('',#3633);
#1132=VERTEX_POINT('',#3635);
#1133=VERTEX_POINT('',#3637);
#1134=VERTEX_POINT('',#3639);
#1135=VERTEX_POINT('',#3641);
#1136=VERTEX_POINT('',#3645);
#1137=VERTEX_POINT('',#3649);
#1138=VERTEX_POINT('',#3651);
#1139=VERTEX_POINT('',#3655);
#1140=VERTEX_POINT('',#3657);
#1141=VERTEX_POINT('',#3661);
#1142=VERTEX_POINT('',#3663);
#1143=VERTEX_POINT('',#3669);
#1144=VERTEX_POINT('',#3670);
#1145=VERTEX_POINT('',#3672);
#1146=VERTEX_POINT('',#3674);
#1147=VERTEX_POINT('',#3678);
#1148=VERTEX_POINT('',#3680);
#1149=VERTEX_POINT('',#3684);
#1150=VERTEX_POINT('',#3686);
#1151=VERTEX_POINT('',#3690);
#1152=VERTEX_POINT('',#3692);
#1153=VERTEX_POINT('',#3700);
#1154=VERTEX_POINT('',#3706);
#1155=VERTEX_POINT('',#3712);
#1156=VERTEX_POINT('',#3714);
#1157=VERTEX_POINT('',#3718);
#1158=VERTEX_POINT('',#3722);
#1159=VERTEX_POINT('',#3724);
#1160=VERTEX_POINT('',#3728);
#1161=VERTEX_POINT('',#3732);
#1162=VERTEX_POINT('',#3733);
#1163=VERTEX_POINT('',#3735);
#1164=VERTEX_POINT('',#3738);
#1165=VERTEX_POINT('',#3740);
#1166=VERTEX_POINT('',#3742);
#1167=VERTEX_POINT('',#3746);
#1168=VERTEX_POINT('',#3749);
#1169=VERTEX_POINT('',#3751);
#1170=VERTEX_POINT('',#3753);
#1171=VERTEX_POINT('',#3755);
#1172=VERTEX_POINT('',#3757);
#1173=VERTEX_POINT('',#3760);
#1174=VERTEX_POINT('',#3762);
#1175=VERTEX_POINT('',#3764);
#1176=VERTEX_POINT('',#3767);
#1177=VERTEX_POINT('',#3768);
#1178=VERTEX_POINT('',#3770);
#1179=VERTEX_POINT('',#3774);
#1180=VERTEX_POINT('',#3775);
#1181=VERTEX_POINT('',#3780);
#1182=VERTEX_POINT('',#3781);
#1183=VERTEX_POINT('',#3786);
#1184=VERTEX_POINT('',#3790);
#1185=VERTEX_POINT('',#3794);
#1186=VERTEX_POINT('',#3798);
#1187=VERTEX_POINT('',#3802);
#1188=VERTEX_POINT('',#3804);
#1189=VERTEX_POINT('',#3808);
#1190=VERTEX_POINT('',#3810);
#1191=VERTEX_POINT('',#3816);
#1192=VERTEX_POINT('',#3825);
#1193=VERTEX_POINT('',#3827);
#1194=VERTEX_POINT('',#3835);
#1195=VERTEX_POINT('',#3837);
#1196=VERTEX_POINT('',#3847);
#1197=VERTEX_POINT('',#3849);
#1198=VERTEX_POINT('',#3857);
#1199=VERTEX_POINT('',#3860);
#1200=VERTEX_POINT('',#3862);
#1201=VERTEX_POINT('',#3864);
#1202=VERTEX_POINT('',#3868);
#1203=VERTEX_POINT('',#3878);
#1204=VERTEX_POINT('',#3882);
#1205=VERTEX_POINT('',#3889);
#1206=EDGE_CURVE('',#985,#986,#489,.T.);
#1207=EDGE_CURVE('',#986,#987,#405,.T.);
#1208=EDGE_CURVE('',#988,#987,#490,.T.);
#1209=EDGE_CURVE('',#985,#988,#406,.T.);
#1210=EDGE_CURVE('',#989,#990,#491,.T.);
#1211=EDGE_CURVE('',#990,#986,#492,.T.);
#1212=EDGE_CURVE('',#989,#985,#493,.T.);
#1213=EDGE_CURVE('',#987,#991,#494,.T.);
#1214=EDGE_CURVE('',#992,#991,#495,.T.);
#1215=EDGE_CURVE('',#988,#992,#496,.T.);
#1216=EDGE_CURVE('',#992,#993,#407,.T.);
#1217=EDGE_CURVE('',#993,#994,#497,.T.);
#1218=EDGE_CURVE('',#994,#995,#408,.T.);
#1219=EDGE_CURVE('',#995,#996,#498,.T.);
#1220=EDGE_CURVE('',#996,#989,#409,.T.);
#1221=EDGE_CURVE('',#997,#997,#410,.T.);
#1222=EDGE_CURVE('',#998,#999,#411,.T.);
#1223=EDGE_CURVE('',#1000,#998,#499,.T.);
#1224=EDGE_CURVE('',#1001,#1000,#412,.T.);
#1225=EDGE_CURVE('',#999,#1001,#500,.T.);
#1226=EDGE_CURVE('',#1002,#1002,#413,.T.);
#1227=EDGE_CURVE('',#1003,#1004,#414,.T.);
#1228=EDGE_CURVE('',#1005,#1003,#501,.T.);
#1229=EDGE_CURVE('',#1006,#1005,#415,.T.);
#1230=EDGE_CURVE('',#1004,#1006,#502,.T.);
#1231=EDGE_CURVE('',#1007,#1007,#416,.T.);
#1232=EDGE_CURVE('',#1008,#1008,#417,.T.);
#1233=EDGE_CURVE('',#1009,#1009,#418,.T.);
#1234=EDGE_CURVE('',#1010,#1011,#419,.T.);
#1235=EDGE_CURVE('',#1012,#1010,#503,.T.);
#1236=EDGE_CURVE('',#1013,#1012,#420,.T.);
#1237=EDGE_CURVE('',#1011,#1013,#504,.T.);
#1238=EDGE_CURVE('',#1014,#1014,#421,.T.);
#1239=EDGE_CURVE('',#1015,#1016,#422,.T.);
#1240=EDGE_CURVE('',#1017,#1015,#505,.T.);
#1241=EDGE_CURVE('',#1018,#1017,#423,.T.);
#1242=EDGE_CURVE('',#1016,#1018,#506,.T.);
#1243=EDGE_CURVE('',#1019,#1019,#424,.T.);
#1244=EDGE_CURVE('',#1020,#1020,#425,.T.);
#1245=EDGE_CURVE('',#1021,#1021,#426,.T.);
#1246=EDGE_CURVE('',#1022,#1022,#427,.T.);
#1247=EDGE_CURVE('',#1023,#1023,#428,.T.);
#1248=EDGE_CURVE('',#1024,#1024,#429,.T.);
#1249=EDGE_CURVE('',#1025,#1025,#430,.T.);
#1250=EDGE_CURVE('',#1026,#1026,#431,.T.);
#1251=EDGE_CURVE('',#1027,#1027,#432,.T.);
#1252=EDGE_CURVE('',#1028,#990,#433,.T.);
#1253=EDGE_CURVE('',#1029,#1028,#507,.T.);
#1254=EDGE_CURVE('',#1030,#1029,#434,.T.);
#1255=EDGE_CURVE('',#1031,#1030,#508,.T.);
#1256=EDGE_CURVE('',#991,#1031,#435,.T.);
#1257=EDGE_CURVE('',#1032,#1032,#436,.T.);
#1258=EDGE_CURVE('',#1033,#1034,#437,.T.);
#1259=EDGE_CURVE('',#1034,#1035,#509,.T.);
#1260=EDGE_CURVE('',#1035,#1036,#438,.T.);
#1261=EDGE_CURVE('',#1036,#1033,#510,.T.);
#1262=EDGE_CURVE('',#1037,#1037,#439,.T.);
#1263=EDGE_CURVE('',#1038,#1039,#440,.T.);
#1264=EDGE_CURVE('',#1039,#1040,#511,.T.);
#1265=EDGE_CURVE('',#1040,#1041,#441,.T.);
#1266=EDGE_CURVE('',#1041,#1038,#512,.T.);
#1267=EDGE_CURVE('',#1042,#1042,#442,.T.);
#1268=EDGE_CURVE('',#1043,#1043,#443,.T.);
#1269=EDGE_CURVE('',#1044,#1044,#444,.T.);
#1270=EDGE_CURVE('',#1045,#1046,#445,.T.);
#1271=EDGE_CURVE('',#1046,#1047,#513,.T.);
#1272=EDGE_CURVE('',#1047,#1048,#446,.T.);
#1273=EDGE_CURVE('',#1048,#1045,#514,.T.);
#1274=EDGE_CURVE('',#1049,#1049,#447,.T.);
#1275=EDGE_CURVE('',#1050,#1051,#448,.T.);
#1276=EDGE_CURVE('',#1051,#1052,#515,.T.);
#1277=EDGE_CURVE('',#1052,#1053,#449,.T.);
#1278=EDGE_CURVE('',#1053,#1050,#516,.T.);
#1279=EDGE_CURVE('',#1054,#1054,#450,.T.);
#1280=EDGE_CURVE('',#1055,#1055,#451,.T.);
#1281=EDGE_CURVE('',#1056,#1056,#452,.T.);
#1282=EDGE_CURVE('',#1057,#1057,#453,.T.);
#1283=EDGE_CURVE('',#1058,#1058,#454,.T.);
#1284=EDGE_CURVE('',#1059,#1059,#455,.T.);
#1285=EDGE_CURVE('',#1060,#1060,#456,.T.);
#1286=EDGE_CURVE('',#1061,#1061,#457,.T.);
#1287=EDGE_CURVE('',#1062,#1062,#458,.T.);
#1288=EDGE_CURVE('',#996,#1028,#517,.T.);
#1289=EDGE_CURVE('',#993,#1031,#518,.T.);
#1290=EDGE_CURVE('',#995,#1029,#519,.T.);
#1291=EDGE_CURVE('',#994,#1030,#520,.T.);
#1292=EDGE_CURVE('',#1032,#997,#521,.T.);
#1293=EDGE_CURVE('',#999,#1034,#522,.T.);
#1294=EDGE_CURVE('',#998,#1033,#523,.T.);
#1295=EDGE_CURVE('',#1000,#1036,#524,.T.);
#1296=EDGE_CURVE('',#1001,#1035,#525,.T.);
#1297=EDGE_CURVE('',#1037,#1002,#526,.T.);
#1298=EDGE_CURVE('',#1004,#1039,#527,.T.);
#1299=EDGE_CURVE('',#1003,#1038,#528,.T.);
#1300=EDGE_CURVE('',#1005,#1041,#529,.T.);
#1301=EDGE_CURVE('',#1006,#1040,#530,.T.);
#1302=EDGE_CURVE('',#1042,#1007,#531,.T.);
#1303=EDGE_CURVE('',#1043,#1008,#532,.T.);
#1304=EDGE_CURVE('',#1044,#1009,#533,.T.);
#1305=EDGE_CURVE('',#1011,#1046,#534,.T.);
#1306=EDGE_CURVE('',#1010,#1045,#535,.T.);
#1307=EDGE_CURVE('',#1012,#1048,#536,.T.);
#1308=EDGE_CURVE('',#1013,#1047,#537,.T.);
#1309=EDGE_CURVE('',#1049,#1014,#538,.T.);
#1310=EDGE_CURVE('',#1016,#1051,#539,.T.);
#1311=EDGE_CURVE('',#1015,#1050,#540,.T.);
#1312=EDGE_CURVE('',#1017,#1053,#541,.T.);
#1313=EDGE_CURVE('',#1018,#1052,#542,.T.);
#1314=EDGE_CURVE('',#1054,#1019,#543,.T.);
#1315=EDGE_CURVE('',#1055,#1020,#544,.T.);
#1316=EDGE_CURVE('',#1056,#1021,#545,.T.);
#1317=EDGE_CURVE('',#1057,#1022,#546,.T.);
#1318=EDGE_CURVE('',#1058,#1023,#547,.T.);
#1319=EDGE_CURVE('',#1059,#1024,#548,.T.);
#1320=EDGE_CURVE('',#1060,#1025,#549,.T.);
#1321=EDGE_CURVE('',#1061,#1026,#550,.T.);
#1322=EDGE_CURVE('',#1062,#1027,#551,.T.);
#1323=EDGE_CURVE('',#1063,#1064,#552,.T.);
#1324=EDGE_CURVE('',#1064,#1065,#553,.T.);
#1325=EDGE_CURVE('',#1065,#1066,#554,.T.);
#1326=EDGE_CURVE('',#1066,#1063,#555,.T.);
#1327=EDGE_CURVE('',#1066,#1067,#556,.T.);
#1328=EDGE_CURVE('',#1067,#1068,#557,.T.);
#1329=EDGE_CURVE('',#1068,#1069,#558,.T.);
#1330=EDGE_CURVE('',#1070,#1069,#559,.T.);
#1331=EDGE_CURVE('',#1070,#1071,#560,.T.);
#1332=EDGE_CURVE('',#1072,#1071,#561,.T.);
#1333=EDGE_CURVE('',#1063,#1072,#562,.T.);
#1334=EDGE_CURVE('',#1073,#1065,#563,.T.);
#1335=EDGE_CURVE('',#1073,#1074,#564,.T.);
#1336=EDGE_CURVE('',#1074,#1075,#459,.T.);
#1337=EDGE_CURVE('',#1075,#1067,#565,.T.);
#1338=EDGE_CURVE('',#1076,#1077,#566,.T.);
#1339=EDGE_CURVE('',#1077,#1078,#567,.T.);
#1340=EDGE_CURVE('',#1078,#1079,#568,.T.);
#1341=EDGE_CURVE('',#1079,#1076,#569,.T.);
#1342=EDGE_CURVE('',#1080,#1078,#570,.T.);
#1343=EDGE_CURVE('',#1081,#1080,#571,.T.);
#1344=EDGE_CURVE('',#1081,#1082,#460,.T.);
#1345=EDGE_CURVE('',#1082,#1083,#572,.T.);
#1346=EDGE_CURVE('',#1079,#1083,#573,.T.);
#1347=EDGE_CURVE('',#1077,#1084,#574,.T.);
#1348=EDGE_CURVE('',#1080,#1084,#575,.T.);
#1349=EDGE_CURVE('',#1085,#1086,#576,.T.);
#1350=EDGE_CURVE('',#1086,#1087,#577,.T.);
#1351=EDGE_CURVE('',#1087,#1088,#578,.T.);
#1352=EDGE_CURVE('',#1088,#1085,#579,.T.);
#1353=EDGE_CURVE('',#1089,#1087,#580,.T.);
#1354=EDGE_CURVE('',#1089,#1090,#581,.T.);
#1355=EDGE_CURVE('',#1090,#1091,#461,.T.);
#1356=EDGE_CURVE('',#1092,#1091,#582,.T.);
#1357=EDGE_CURVE('',#1088,#1092,#583,.T.);
#1358=EDGE_CURVE('',#1086,#1093,#584,.T.);
#1359=EDGE_CURVE('',#1094,#1093,#585,.T.);
#1360=EDGE_CURVE('',#1095,#1094,#586,.F.);
#1361=EDGE_CURVE('',#1096,#1095,#587,.T.);
#1362=EDGE_CURVE('',#1096,#1097,#588,.T.);
#1363=EDGE_CURVE('',#1097,#1089,#589,.T.);
#1364=EDGE_CURVE('',#1098,#1099,#590,.T.);
#1365=EDGE_CURVE('',#1099,#1100,#591,.T.);
#1366=EDGE_CURVE('',#1100,#1101,#592,.T.);
#1367=EDGE_CURVE('',#1101,#1098,#593,.T.);
#1368=EDGE_CURVE('',#1101,#1102,#594,.T.);
#1369=EDGE_CURVE('',#1102,#1103,#595,.T.);
#1370=EDGE_CURVE('',#1103,#1104,#596,.T.);
#1371=EDGE_CURVE('',#1105,#1104,#597,.T.);
#1372=EDGE_CURVE('',#1105,#1106,#598,.T.);
#1373=EDGE_CURVE('',#1107,#1106,#599,.T.);
#1374=EDGE_CURVE('',#1098,#1107,#600,.T.);
#1375=EDGE_CURVE('',#1108,#1100,#601,.T.);
#1376=EDGE_CURVE('',#1108,#1109,#602,.T.);
#1377=EDGE_CURVE('',#1109,#1110,#462,.T.);
#1378=EDGE_CURVE('',#1110,#1102,#603,.T.);
#1379=EDGE_CURVE('',#1111,#1112,#463,.T.);
#1380=EDGE_CURVE('',#1113,#1112,#604,.T.);
#1381=EDGE_CURVE('',#1114,#1113,#464,.T.);
#1382=EDGE_CURVE('',#1111,#1114,#605,.T.);
#1383=EDGE_CURVE('',#1111,#1115,#606,.F.);
#1384=EDGE_CURVE('',#1116,#1114,#607,.T.);
#1385=EDGE_CURVE('',#1115,#1116,#608,.T.);
#1386=EDGE_CURVE('',#1117,#1115,#465,.T.);
#1387=EDGE_CURVE('',#1118,#1116,#466,.T.);
#1388=EDGE_CURVE('',#1117,#1118,#609,.T.);
#1389=EDGE_CURVE('',#1118,#1119,#610,.T.);
#1390=EDGE_CURVE('',#1120,#1113,#611,.T.);
#1391=EDGE_CURVE('',#1119,#1120,#467,.T.);
#1392=EDGE_CURVE('',#1121,#1122,#468,.T.);
#1393=EDGE_CURVE('',#1123,#1122,#612,.T.);
#1394=EDGE_CURVE('',#1124,#1123,#469,.T.);
#1395=EDGE_CURVE('',#1121,#1124,#613,.T.);
#1396=EDGE_CURVE('',#1121,#1125,#614,.F.);
#1397=EDGE_CURVE('',#1126,#1124,#615,.T.);
#1398=EDGE_CURVE('',#1125,#1126,#616,.T.);
#1399=EDGE_CURVE('',#1127,#1125,#470,.T.);
#1400=EDGE_CURVE('',#1128,#1126,#471,.T.);
#1401=EDGE_CURVE('',#1127,#1128,#617,.T.);
#1402=EDGE_CURVE('',#1128,#1129,#618,.T.);
#1403=EDGE_CURVE('',#1130,#1123,#619,.T.);
#1404=EDGE_CURVE('',#1129,#1130,#472,.T.);
#1405=EDGE_CURVE('',#1129,#1131,#620,.T.);
#1406=EDGE_CURVE('',#1131,#1132,#621,.T.);
#1407=EDGE_CURVE('',#1133,#1132,#622,.T.);
#1408=EDGE_CURVE('',#1133,#1134,#623,.T.);
#1409=EDGE_CURVE('',#1135,#1134,#624,.T.);
#1410=EDGE_CURVE('',#1127,#1135,#625,.T.);
#1411=EDGE_CURVE('',#1130,#1136,#626,.T.);
#1412=EDGE_CURVE('',#1136,#1131,#473,.T.);
#1413=EDGE_CURVE('',#1137,#1133,#474,.T.);
#1414=EDGE_CURVE('',#1132,#1138,#475,.T.);
#1415=EDGE_CURVE('',#1137,#1138,#627,.T.);
#1416=EDGE_CURVE('',#1139,#1137,#628,.T.);
#1417=EDGE_CURVE('',#1138,#1140,#629,.T.);
#1418=EDGE_CURVE('',#1139,#1140,#630,.T.);
#1419=EDGE_CURVE('',#1141,#1139,#476,.T.);
#1420=EDGE_CURVE('',#1140,#1142,#477,.T.);
#1421=EDGE_CURVE('',#1141,#1142,#631,.T.);
#1422=EDGE_CURVE('',#1142,#1136,#632,.T.);
#1423=EDGE_CURVE('',#1143,#1144,#478,.T.);
#1424=EDGE_CURVE('',#1144,#1145,#633,.T.);
#1425=EDGE_CURVE('',#1145,#1146,#479,.T.);
#1426=EDGE_CURVE('',#1143,#1146,#634,.T.);
#1427=EDGE_CURVE('',#1147,#1143,#635,.T.);
#1428=EDGE_CURVE('',#1146,#1148,#636,.T.);
#1429=EDGE_CURVE('',#1147,#1148,#637,.T.);
#1430=EDGE_CURVE('',#1149,#1147,#480,.T.);
#1431=EDGE_CURVE('',#1148,#1150,#481,.T.);
#1432=EDGE_CURVE('',#1149,#1150,#638,.T.);
#1433=EDGE_CURVE('',#1120,#1151,#639,.T.);
#1434=EDGE_CURVE('',#1151,#1152,#482,.T.);
#1435=EDGE_CURVE('',#1119,#1152,#640,.T.);
#1436=EDGE_CURVE('',#1152,#1145,#641,.T.);
#1437=EDGE_CURVE('',#1150,#1151,#642,.T.);
#1438=EDGE_CURVE('',#1144,#1141,#643,.T.);
#1439=EDGE_CURVE('',#1153,#1149,#644,.T.);
#1440=EDGE_CURVE('',#1134,#1153,#483,.T.);
#1441=EDGE_CURVE('',#1117,#1122,#645,.T.);
#1442=EDGE_CURVE('',#1154,#1112,#646,.T.);
#1443=EDGE_CURVE('',#1154,#1153,#647,.T.);
#1444=EDGE_CURVE('',#1135,#1154,#484,.T.);
#1445=EDGE_CURVE('',#1155,#1081,#648,.T.);
#1446=EDGE_CURVE('',#1155,#1156,#485,.T.);
#1447=EDGE_CURVE('',#1156,#1082,#649,.T.);
#1448=EDGE_CURVE('',#1083,#1157,#650,.T.);
#1449=EDGE_CURVE('',#1156,#1157,#651,.T.);
#1450=EDGE_CURVE('',#1091,#1158,#652,.T.);
#1451=EDGE_CURVE('',#1159,#1090,#653,.T.);
#1452=EDGE_CURVE('',#1159,#1158,#486,.T.);
#1453=EDGE_CURVE('',#1160,#1092,#654,.T.);
#1454=EDGE_CURVE('',#1085,#1160,#655,.T.);
#1455=EDGE_CURVE('',#1161,#1162,#656,.T.);
#1456=EDGE_CURVE('',#1161,#1163,#657,.T.);
#1457=EDGE_CURVE('',#1157,#1163,#658,.T.);
#1458=EDGE_CURVE('',#1164,#1155,#659,.T.);
#1459=EDGE_CURVE('',#1164,#1165,#660,.T.);
#1460=EDGE_CURVE('',#1166,#1165,#661,.T.);
#1461=EDGE_CURVE('',#1158,#1166,#662,.T.);
#1462=EDGE_CURVE('',#1097,#1159,#663,.T.);
#1463=EDGE_CURVE('',#1096,#1167,#664,.T.);
#1464=EDGE_CURVE('',#1104,#1167,#665,.T.);
#1465=EDGE_CURVE('',#1168,#1103,#666,.T.);
#1466=EDGE_CURVE('',#1169,#1168,#487,.T.);
#1467=EDGE_CURVE('',#1170,#1169,#667,.T.);
#1468=EDGE_CURVE('',#1171,#1170,#668,.T.);
#1469=EDGE_CURVE('',#1171,#1172,#669,.T.);
#1470=EDGE_CURVE('',#1172,#1069,#670,.T.);
#1471=EDGE_CURVE('',#1173,#1068,#671,.T.);
#1472=EDGE_CURVE('',#1174,#1173,#488,.T.);
#1473=EDGE_CURVE('',#1175,#1174,#672,.T.);
#1474=EDGE_CURVE('',#1162,#1175,#673,.T.);
#1475=EDGE_CURVE('',#1176,#1177,#674,.T.);
#1476=EDGE_CURVE('',#1178,#1176,#675,.T.);
#1477=EDGE_CURVE('',#1178,#1177,#676,.T.);
#1478=EDGE_CURVE('',#1179,#1180,#677,.T.);
#1479=EDGE_CURVE('',#1165,#1180,#678,.T.);
#1480=EDGE_CURVE('',#1179,#1164,#679,.T.);
#1481=EDGE_CURVE('',#1181,#1182,#680,.T.);
#1482=EDGE_CURVE('',#1177,#1182,#681,.T.);
#1483=EDGE_CURVE('',#1181,#1178,#682,.T.);
#1484=EDGE_CURVE('',#1084,#1183,#683,.T.);
#1485=EDGE_CURVE('',#1164,#1183,#684,.T.);
#1486=EDGE_CURVE('',#1184,#1180,#685,.F.);
#1487=EDGE_CURVE('',#1166,#1184,#686,.T.);
#1488=EDGE_CURVE('',#1185,#1182,#687,.T.);
#1489=EDGE_CURVE('',#1176,#1185,#688,.T.);
#1490=EDGE_CURVE('',#1186,#1167,#689,.T.);
#1491=EDGE_CURVE('',#1105,#1186,#690,.T.);
#1492=EDGE_CURVE('',#1187,#1161,#691,.T.);
#1493=EDGE_CURVE('',#1187,#1188,#692,.F.);
#1494=EDGE_CURVE('',#1188,#1163,#693,.T.);
#1495=EDGE_CURVE('',#1172,#1189,#694,.T.);
#1496=EDGE_CURVE('',#1171,#1190,#695,.T.);
#1497=EDGE_CURVE('',#1190,#1189,#696,.F.);
#1498=EDGE_CURVE('',#1189,#1070,#697,.F.);
#1499=EDGE_CURVE('',#1162,#1191,#698,.T.);
#1500=EDGE_CURVE('',#1187,#1191,#699,.T.);
#1501=EDGE_CURVE('',#1095,#1186,#700,.F.);
#1502=EDGE_CURVE('',#1181,#1185,#701,.T.);
#1503=EDGE_CURVE('',#1192,#1094,#702,.T.);
#1504=EDGE_CURVE('',#1093,#1193,#703,.T.);
#1505=EDGE_CURVE('',#1193,#1192,#704,.T.);
#1506=EDGE_CURVE('',#1184,#1192,#705,.T.);
#1507=EDGE_CURVE('',#1160,#1193,#706,.T.);
#1508=EDGE_CURVE('',#1194,#1064,#707,.T.);
#1509=EDGE_CURVE('',#1195,#1194,#708,.T.);
#1510=EDGE_CURVE('',#1191,#1195,#709,.F.);
#1511=EDGE_CURVE('',#1175,#1073,#710,.T.);
#1512=EDGE_CURVE('',#1174,#1074,#711,.T.);
#1513=EDGE_CURVE('',#1173,#1075,#712,.T.);
#1514=EDGE_CURVE('',#1071,#1196,#713,.T.);
#1515=EDGE_CURVE('',#1196,#1197,#714,.T.);
#1516=EDGE_CURVE('',#1197,#1072,#715,.T.);
#1517=EDGE_CURVE('',#1195,#1196,#716,.F.);
#1518=EDGE_CURVE('',#1194,#1197,#717,.T.);
#1519=EDGE_CURVE('',#1198,#1179,#718,.T.);
#1520=EDGE_CURVE('',#1188,#1198,#719,.T.);
#1521=EDGE_CURVE('',#1199,#1190,#720,.T.);
#1522=EDGE_CURVE('',#1200,#1199,#721,.T.);
#1523=EDGE_CURVE('',#1200,#1201,#722,.F.);
#1524=EDGE_CURVE('',#1106,#1201,#723,.T.);
#1525=EDGE_CURVE('',#1202,#1099,#724,.T.);
#1526=EDGE_CURVE('',#1199,#1202,#725,.T.);
#1527=EDGE_CURVE('',#1170,#1108,#726,.T.);
#1528=EDGE_CURVE('',#1169,#1109,#727,.T.);
#1529=EDGE_CURVE('',#1168,#1110,#728,.T.);
#1530=EDGE_CURVE('',#1201,#1203,#729,.T.);
#1531=EDGE_CURVE('',#1203,#1107,#730,.T.);
#1532=EDGE_CURVE('',#1204,#1202,#731,.F.);
#1533=EDGE_CURVE('',#1200,#1204,#732,.T.);
#1534=EDGE_CURVE('',#1204,#1203,#733,.T.);
#1535=EDGE_CURVE('',#1183,#1205,#734,.T.);
#1536=EDGE_CURVE('',#1205,#1198,#735,.T.);
#1537=EDGE_CURVE('',#1076,#1205,#736,.T.);
#1538=ORIENTED_EDGE('',*,*,#1206,.T.);
#1539=ORIENTED_EDGE('',*,*,#1207,.T.);
#1540=ORIENTED_EDGE('',*,*,#1208,.F.);
#1541=ORIENTED_EDGE('',*,*,#1209,.F.);
#1542=ORIENTED_EDGE('',*,*,#1210,.T.);
#1543=ORIENTED_EDGE('',*,*,#1211,.T.);
#1544=ORIENTED_EDGE('',*,*,#1206,.F.);
#1545=ORIENTED_EDGE('',*,*,#1212,.F.);
#1546=ORIENTED_EDGE('',*,*,#1208,.T.);
#1547=ORIENTED_EDGE('',*,*,#1213,.T.);
#1548=ORIENTED_EDGE('',*,*,#1214,.F.);
#1549=ORIENTED_EDGE('',*,*,#1215,.F.);
#1550=ORIENTED_EDGE('',*,*,#1209,.T.);
#1551=ORIENTED_EDGE('',*,*,#1215,.T.);
#1552=ORIENTED_EDGE('',*,*,#1216,.T.);
#1553=ORIENTED_EDGE('',*,*,#1217,.T.);
#1554=ORIENTED_EDGE('',*,*,#1218,.T.);
#1555=ORIENTED_EDGE('',*,*,#1219,.T.);
#1556=ORIENTED_EDGE('',*,*,#1220,.T.);
#1557=ORIENTED_EDGE('',*,*,#1212,.T.);
#1558=ORIENTED_EDGE('',*,*,#1221,.F.);
#1559=ORIENTED_EDGE('',*,*,#1222,.F.);
#1560=ORIENTED_EDGE('',*,*,#1223,.F.);
#1561=ORIENTED_EDGE('',*,*,#1224,.F.);
#1562=ORIENTED_EDGE('',*,*,#1225,.F.);
#1563=ORIENTED_EDGE('',*,*,#1226,.F.);
#1564=ORIENTED_EDGE('',*,*,#1227,.F.);
#1565=ORIENTED_EDGE('',*,*,#1228,.F.);
#1566=ORIENTED_EDGE('',*,*,#1229,.F.);
#1567=ORIENTED_EDGE('',*,*,#1230,.F.);
#1568=ORIENTED_EDGE('',*,*,#1231,.F.);
#1569=ORIENTED_EDGE('',*,*,#1232,.F.);
#1570=ORIENTED_EDGE('',*,*,#1233,.F.);
#1571=ORIENTED_EDGE('',*,*,#1234,.F.);
#1572=ORIENTED_EDGE('',*,*,#1235,.F.);
#1573=ORIENTED_EDGE('',*,*,#1236,.F.);
#1574=ORIENTED_EDGE('',*,*,#1237,.F.);
#1575=ORIENTED_EDGE('',*,*,#1238,.F.);
#1576=ORIENTED_EDGE('',*,*,#1239,.F.);
#1577=ORIENTED_EDGE('',*,*,#1240,.F.);
#1578=ORIENTED_EDGE('',*,*,#1241,.F.);
#1579=ORIENTED_EDGE('',*,*,#1242,.F.);
#1580=ORIENTED_EDGE('',*,*,#1243,.F.);
#1581=ORIENTED_EDGE('',*,*,#1244,.F.);
#1582=ORIENTED_EDGE('',*,*,#1245,.F.);
#1583=ORIENTED_EDGE('',*,*,#1246,.F.);
#1584=ORIENTED_EDGE('',*,*,#1247,.F.);
#1585=ORIENTED_EDGE('',*,*,#1248,.F.);
#1586=ORIENTED_EDGE('',*,*,#1249,.F.);
#1587=ORIENTED_EDGE('',*,*,#1250,.F.);
#1588=ORIENTED_EDGE('',*,*,#1251,.F.);
#1589=ORIENTED_EDGE('',*,*,#1207,.F.);
#1590=ORIENTED_EDGE('',*,*,#1211,.F.);
#1591=ORIENTED_EDGE('',*,*,#1252,.F.);
#1592=ORIENTED_EDGE('',*,*,#1253,.F.);
#1593=ORIENTED_EDGE('',*,*,#1254,.F.);
#1594=ORIENTED_EDGE('',*,*,#1255,.F.);
#1595=ORIENTED_EDGE('',*,*,#1256,.F.);
#1596=ORIENTED_EDGE('',*,*,#1213,.F.);
#1597=ORIENTED_EDGE('',*,*,#1257,.T.);
#1598=ORIENTED_EDGE('',*,*,#1258,.T.);
#1599=ORIENTED_EDGE('',*,*,#1259,.T.);
#1600=ORIENTED_EDGE('',*,*,#1260,.T.);
#1601=ORIENTED_EDGE('',*,*,#1261,.T.);
#1602=ORIENTED_EDGE('',*,*,#1262,.T.);
#1603=ORIENTED_EDGE('',*,*,#1263,.T.);
#1604=ORIENTED_EDGE('',*,*,#1264,.T.);
#1605=ORIENTED_EDGE('',*,*,#1265,.T.);
#1606=ORIENTED_EDGE('',*,*,#1266,.T.);
#1607=ORIENTED_EDGE('',*,*,#1267,.T.);
#1608=ORIENTED_EDGE('',*,*,#1268,.T.);
#1609=ORIENTED_EDGE('',*,*,#1269,.T.);
#1610=ORIENTED_EDGE('',*,*,#1270,.T.);
#1611=ORIENTED_EDGE('',*,*,#1271,.T.);
#1612=ORIENTED_EDGE('',*,*,#1272,.T.);
#1613=ORIENTED_EDGE('',*,*,#1273,.T.);
#1614=ORIENTED_EDGE('',*,*,#1274,.T.);
#1615=ORIENTED_EDGE('',*,*,#1275,.T.);
#1616=ORIENTED_EDGE('',*,*,#1276,.T.);
#1617=ORIENTED_EDGE('',*,*,#1277,.T.);
#1618=ORIENTED_EDGE('',*,*,#1278,.T.);
#1619=ORIENTED_EDGE('',*,*,#1279,.T.);
#1620=ORIENTED_EDGE('',*,*,#1280,.T.);
#1621=ORIENTED_EDGE('',*,*,#1281,.T.);
#1622=ORIENTED_EDGE('',*,*,#1282,.T.);
#1623=ORIENTED_EDGE('',*,*,#1283,.T.);
#1624=ORIENTED_EDGE('',*,*,#1284,.T.);
#1625=ORIENTED_EDGE('',*,*,#1285,.T.);
#1626=ORIENTED_EDGE('',*,*,#1286,.T.);
#1627=ORIENTED_EDGE('',*,*,#1287,.T.);
#1628=ORIENTED_EDGE('',*,*,#1288,.T.);
#1629=ORIENTED_EDGE('',*,*,#1252,.T.);
#1630=ORIENTED_EDGE('',*,*,#1210,.F.);
#1631=ORIENTED_EDGE('',*,*,#1220,.F.);
#1632=ORIENTED_EDGE('',*,*,#1214,.T.);
#1633=ORIENTED_EDGE('',*,*,#1256,.T.);
#1634=ORIENTED_EDGE('',*,*,#1289,.F.);
#1635=ORIENTED_EDGE('',*,*,#1216,.F.);
#1636=ORIENTED_EDGE('',*,*,#1290,.T.);
#1637=ORIENTED_EDGE('',*,*,#1253,.T.);
#1638=ORIENTED_EDGE('',*,*,#1288,.F.);
#1639=ORIENTED_EDGE('',*,*,#1219,.F.);
#1640=ORIENTED_EDGE('',*,*,#1289,.T.);
#1641=ORIENTED_EDGE('',*,*,#1255,.T.);
#1642=ORIENTED_EDGE('',*,*,#1291,.F.);
#1643=ORIENTED_EDGE('',*,*,#1217,.F.);
#1644=ORIENTED_EDGE('',*,*,#1291,.T.);
#1645=ORIENTED_EDGE('',*,*,#1254,.T.);
#1646=ORIENTED_EDGE('',*,*,#1290,.F.);
#1647=ORIENTED_EDGE('',*,*,#1218,.F.);
#1648=ORIENTED_EDGE('',*,*,#1257,.F.);
#1649=ORIENTED_EDGE('',*,*,#1292,.T.);
#1650=ORIENTED_EDGE('',*,*,#1221,.T.);
#1651=ORIENTED_EDGE('',*,*,#1292,.F.);
#1652=ORIENTED_EDGE('',*,*,#1222,.T.);
#1653=ORIENTED_EDGE('',*,*,#1293,.T.);
#1654=ORIENTED_EDGE('',*,*,#1258,.F.);
#1655=ORIENTED_EDGE('',*,*,#1294,.F.);
#1656=ORIENTED_EDGE('',*,*,#1223,.T.);
#1657=ORIENTED_EDGE('',*,*,#1294,.T.);
#1658=ORIENTED_EDGE('',*,*,#1261,.F.);
#1659=ORIENTED_EDGE('',*,*,#1295,.F.);
#1660=ORIENTED_EDGE('',*,*,#1224,.T.);
#1661=ORIENTED_EDGE('',*,*,#1295,.T.);
#1662=ORIENTED_EDGE('',*,*,#1260,.F.);
#1663=ORIENTED_EDGE('',*,*,#1296,.F.);
#1664=ORIENTED_EDGE('',*,*,#1225,.T.);
#1665=ORIENTED_EDGE('',*,*,#1296,.T.);
#1666=ORIENTED_EDGE('',*,*,#1259,.F.);
#1667=ORIENTED_EDGE('',*,*,#1293,.F.);
#1668=ORIENTED_EDGE('',*,*,#1262,.F.);
#1669=ORIENTED_EDGE('',*,*,#1297,.T.);
#1670=ORIENTED_EDGE('',*,*,#1226,.T.);
#1671=ORIENTED_EDGE('',*,*,#1297,.F.);
#1672=ORIENTED_EDGE('',*,*,#1227,.T.);
#1673=ORIENTED_EDGE('',*,*,#1298,.T.);
#1674=ORIENTED_EDGE('',*,*,#1263,.F.);
#1675=ORIENTED_EDGE('',*,*,#1299,.F.);
#1676=ORIENTED_EDGE('',*,*,#1228,.T.);
#1677=ORIENTED_EDGE('',*,*,#1299,.T.);
#1678=ORIENTED_EDGE('',*,*,#1266,.F.);
#1679=ORIENTED_EDGE('',*,*,#1300,.F.);
#1680=ORIENTED_EDGE('',*,*,#1229,.T.);
#1681=ORIENTED_EDGE('',*,*,#1300,.T.);
#1682=ORIENTED_EDGE('',*,*,#1265,.F.);
#1683=ORIENTED_EDGE('',*,*,#1301,.F.);
#1684=ORIENTED_EDGE('',*,*,#1230,.T.);
#1685=ORIENTED_EDGE('',*,*,#1301,.T.);
#1686=ORIENTED_EDGE('',*,*,#1264,.F.);
#1687=ORIENTED_EDGE('',*,*,#1298,.F.);
#1688=ORIENTED_EDGE('',*,*,#1267,.F.);
#1689=ORIENTED_EDGE('',*,*,#1302,.T.);
#1690=ORIENTED_EDGE('',*,*,#1231,.T.);
#1691=ORIENTED_EDGE('',*,*,#1302,.F.);
#1692=ORIENTED_EDGE('',*,*,#1268,.F.);
#1693=ORIENTED_EDGE('',*,*,#1303,.T.);
#1694=ORIENTED_EDGE('',*,*,#1232,.T.);
#1695=ORIENTED_EDGE('',*,*,#1303,.F.);
#1696=ORIENTED_EDGE('',*,*,#1269,.F.);
#1697=ORIENTED_EDGE('',*,*,#1304,.T.);
#1698=ORIENTED_EDGE('',*,*,#1233,.T.);
#1699=ORIENTED_EDGE('',*,*,#1304,.F.);
#1700=ORIENTED_EDGE('',*,*,#1234,.T.);
#1701=ORIENTED_EDGE('',*,*,#1305,.T.);
#1702=ORIENTED_EDGE('',*,*,#1270,.F.);
#1703=ORIENTED_EDGE('',*,*,#1306,.F.);
#1704=ORIENTED_EDGE('',*,*,#1235,.T.);
#1705=ORIENTED_EDGE('',*,*,#1306,.T.);
#1706=ORIENTED_EDGE('',*,*,#1273,.F.);
#1707=ORIENTED_EDGE('',*,*,#1307,.F.);
#1708=ORIENTED_EDGE('',*,*,#1236,.T.);
#1709=ORIENTED_EDGE('',*,*,#1307,.T.);
#1710=ORIENTED_EDGE('',*,*,#1272,.F.);
#1711=ORIENTED_EDGE('',*,*,#1308,.F.);
#1712=ORIENTED_EDGE('',*,*,#1237,.T.);
#1713=ORIENTED_EDGE('',*,*,#1308,.T.);
#1714=ORIENTED_EDGE('',*,*,#1271,.F.);
#1715=ORIENTED_EDGE('',*,*,#1305,.F.);
#1716=ORIENTED_EDGE('',*,*,#1274,.F.);
#1717=ORIENTED_EDGE('',*,*,#1309,.T.);
#1718=ORIENTED_EDGE('',*,*,#1238,.T.);
#1719=ORIENTED_EDGE('',*,*,#1309,.F.);
#1720=ORIENTED_EDGE('',*,*,#1239,.T.);
#1721=ORIENTED_EDGE('',*,*,#1310,.T.);
#1722=ORIENTED_EDGE('',*,*,#1275,.F.);
#1723=ORIENTED_EDGE('',*,*,#1311,.F.);
#1724=ORIENTED_EDGE('',*,*,#1240,.T.);
#1725=ORIENTED_EDGE('',*,*,#1311,.T.);
#1726=ORIENTED_EDGE('',*,*,#1278,.F.);
#1727=ORIENTED_EDGE('',*,*,#1312,.F.);
#1728=ORIENTED_EDGE('',*,*,#1241,.T.);
#1729=ORIENTED_EDGE('',*,*,#1312,.T.);
#1730=ORIENTED_EDGE('',*,*,#1277,.F.);
#1731=ORIENTED_EDGE('',*,*,#1313,.F.);
#1732=ORIENTED_EDGE('',*,*,#1242,.T.);
#1733=ORIENTED_EDGE('',*,*,#1313,.T.);
#1734=ORIENTED_EDGE('',*,*,#1276,.F.);
#1735=ORIENTED_EDGE('',*,*,#1310,.F.);
#1736=ORIENTED_EDGE('',*,*,#1279,.F.);
#1737=ORIENTED_EDGE('',*,*,#1314,.T.);
#1738=ORIENTED_EDGE('',*,*,#1243,.T.);
#1739=ORIENTED_EDGE('',*,*,#1314,.F.);
#1740=ORIENTED_EDGE('',*,*,#1280,.F.);
#1741=ORIENTED_EDGE('',*,*,#1315,.T.);
#1742=ORIENTED_EDGE('',*,*,#1244,.T.);
#1743=ORIENTED_EDGE('',*,*,#1315,.F.);
#1744=ORIENTED_EDGE('',*,*,#1281,.F.);
#1745=ORIENTED_EDGE('',*,*,#1316,.T.);
#1746=ORIENTED_EDGE('',*,*,#1245,.T.);
#1747=ORIENTED_EDGE('',*,*,#1316,.F.);
#1748=ORIENTED_EDGE('',*,*,#1282,.F.);
#1749=ORIENTED_EDGE('',*,*,#1317,.T.);
#1750=ORIENTED_EDGE('',*,*,#1246,.T.);
#1751=ORIENTED_EDGE('',*,*,#1317,.F.);
#1752=ORIENTED_EDGE('',*,*,#1283,.F.);
#1753=ORIENTED_EDGE('',*,*,#1318,.T.);
#1754=ORIENTED_EDGE('',*,*,#1247,.T.);
#1755=ORIENTED_EDGE('',*,*,#1318,.F.);
#1756=ORIENTED_EDGE('',*,*,#1284,.F.);
#1757=ORIENTED_EDGE('',*,*,#1319,.T.);
#1758=ORIENTED_EDGE('',*,*,#1248,.T.);
#1759=ORIENTED_EDGE('',*,*,#1319,.F.);
#1760=ORIENTED_EDGE('',*,*,#1285,.F.);
#1761=ORIENTED_EDGE('',*,*,#1320,.T.);
#1762=ORIENTED_EDGE('',*,*,#1249,.T.);
#1763=ORIENTED_EDGE('',*,*,#1320,.F.);
#1764=ORIENTED_EDGE('',*,*,#1286,.F.);
#1765=ORIENTED_EDGE('',*,*,#1321,.T.);
#1766=ORIENTED_EDGE('',*,*,#1250,.T.);
#1767=ORIENTED_EDGE('',*,*,#1321,.F.);
#1768=ORIENTED_EDGE('',*,*,#1287,.F.);
#1769=ORIENTED_EDGE('',*,*,#1322,.T.);
#1770=ORIENTED_EDGE('',*,*,#1251,.T.);
#1771=ORIENTED_EDGE('',*,*,#1322,.F.);
#1772=ORIENTED_EDGE('',*,*,#1323,.T.);
#1773=ORIENTED_EDGE('',*,*,#1324,.T.);
#1774=ORIENTED_EDGE('',*,*,#1325,.T.);
#1775=ORIENTED_EDGE('',*,*,#1326,.T.);
#1776=ORIENTED_EDGE('',*,*,#1326,.F.);
#1777=ORIENTED_EDGE('',*,*,#1327,.T.);
#1778=ORIENTED_EDGE('',*,*,#1328,.T.);
#1779=ORIENTED_EDGE('',*,*,#1329,.T.);
#1780=ORIENTED_EDGE('',*,*,#1330,.F.);
#1781=ORIENTED_EDGE('',*,*,#1331,.T.);
#1782=ORIENTED_EDGE('',*,*,#1332,.F.);
#1783=ORIENTED_EDGE('',*,*,#1333,.F.);
#1784=ORIENTED_EDGE('',*,*,#1325,.F.);
#1785=ORIENTED_EDGE('',*,*,#1334,.F.);
#1786=ORIENTED_EDGE('',*,*,#1335,.T.);
#1787=ORIENTED_EDGE('',*,*,#1336,.T.);
#1788=ORIENTED_EDGE('',*,*,#1337,.T.);
#1789=ORIENTED_EDGE('',*,*,#1327,.F.);
#1790=ORIENTED_EDGE('',*,*,#1338,.T.);
#1791=ORIENTED_EDGE('',*,*,#1339,.T.);
#1792=ORIENTED_EDGE('',*,*,#1340,.T.);
#1793=ORIENTED_EDGE('',*,*,#1341,.T.);
#1794=ORIENTED_EDGE('',*,*,#1340,.F.);
#1795=ORIENTED_EDGE('',*,*,#1342,.F.);
#1796=ORIENTED_EDGE('',*,*,#1343,.F.);
#1797=ORIENTED_EDGE('',*,*,#1344,.T.);
#1798=ORIENTED_EDGE('',*,*,#1345,.T.);
#1799=ORIENTED_EDGE('',*,*,#1346,.F.);
#1800=ORIENTED_EDGE('',*,*,#1339,.F.);
#1801=ORIENTED_EDGE('',*,*,#1347,.T.);
#1802=ORIENTED_EDGE('',*,*,#1348,.F.);
#1803=ORIENTED_EDGE('',*,*,#1342,.T.);
#1804=ORIENTED_EDGE('',*,*,#1349,.T.);
#1805=ORIENTED_EDGE('',*,*,#1350,.T.);
#1806=ORIENTED_EDGE('',*,*,#1351,.T.);
#1807=ORIENTED_EDGE('',*,*,#1352,.T.);
#1808=ORIENTED_EDGE('',*,*,#1351,.F.);
#1809=ORIENTED_EDGE('',*,*,#1353,.F.);
#1810=ORIENTED_EDGE('',*,*,#1354,.T.);
#1811=ORIENTED_EDGE('',*,*,#1355,.T.);
#1812=ORIENTED_EDGE('',*,*,#1356,.F.);
#1813=ORIENTED_EDGE('',*,*,#1357,.F.);
#1814=ORIENTED_EDGE('',*,*,#1350,.F.);
#1815=ORIENTED_EDGE('',*,*,#1358,.T.);
#1816=ORIENTED_EDGE('',*,*,#1359,.F.);
#1817=ORIENTED_EDGE('',*,*,#1360,.F.);
#1818=ORIENTED_EDGE('',*,*,#1361,.F.);
#1819=ORIENTED_EDGE('',*,*,#1362,.T.);
#1820=ORIENTED_EDGE('',*,*,#1363,.T.);
#1821=ORIENTED_EDGE('',*,*,#1353,.T.);
#1822=ORIENTED_EDGE('',*,*,#1364,.T.);
#1823=ORIENTED_EDGE('',*,*,#1365,.T.);
#1824=ORIENTED_EDGE('',*,*,#1366,.T.);
#1825=ORIENTED_EDGE('',*,*,#1367,.T.);
#1826=ORIENTED_EDGE('',*,*,#1367,.F.);
#1827=ORIENTED_EDGE('',*,*,#1368,.T.);
#1828=ORIENTED_EDGE('',*,*,#1369,.T.);
#1829=ORIENTED_EDGE('',*,*,#1370,.T.);
#1830=ORIENTED_EDGE('',*,*,#1371,.F.);
#1831=ORIENTED_EDGE('',*,*,#1372,.T.);
#1832=ORIENTED_EDGE('',*,*,#1373,.F.);
#1833=ORIENTED_EDGE('',*,*,#1374,.F.);
#1834=ORIENTED_EDGE('',*,*,#1366,.F.);
#1835=ORIENTED_EDGE('',*,*,#1375,.F.);
#1836=ORIENTED_EDGE('',*,*,#1376,.T.);
#1837=ORIENTED_EDGE('',*,*,#1377,.T.);
#1838=ORIENTED_EDGE('',*,*,#1378,.T.);
#1839=ORIENTED_EDGE('',*,*,#1368,.F.);
#1840=ORIENTED_EDGE('',*,*,#1379,.T.);
#1841=ORIENTED_EDGE('',*,*,#1380,.F.);
#1842=ORIENTED_EDGE('',*,*,#1381,.F.);
#1843=ORIENTED_EDGE('',*,*,#1382,.F.);
#1844=ORIENTED_EDGE('',*,*,#1383,.F.);
#1845=ORIENTED_EDGE('',*,*,#1382,.T.);
#1846=ORIENTED_EDGE('',*,*,#1384,.F.);
#1847=ORIENTED_EDGE('',*,*,#1385,.F.);
#1848=ORIENTED_EDGE('',*,*,#1386,.T.);
#1849=ORIENTED_EDGE('',*,*,#1385,.T.);
#1850=ORIENTED_EDGE('',*,*,#1387,.F.);
#1851=ORIENTED_EDGE('',*,*,#1388,.F.);
#1852=ORIENTED_EDGE('',*,*,#1389,.F.);
#1853=ORIENTED_EDGE('',*,*,#1387,.T.);
#1854=ORIENTED_EDGE('',*,*,#1384,.T.);
#1855=ORIENTED_EDGE('',*,*,#1381,.T.);
#1856=ORIENTED_EDGE('',*,*,#1390,.F.);
#1857=ORIENTED_EDGE('',*,*,#1391,.F.);
#1858=ORIENTED_EDGE('',*,*,#1392,.T.);
#1859=ORIENTED_EDGE('',*,*,#1393,.F.);
#1860=ORIENTED_EDGE('',*,*,#1394,.F.);
#1861=ORIENTED_EDGE('',*,*,#1395,.F.);
#1862=ORIENTED_EDGE('',*,*,#1396,.F.);
#1863=ORIENTED_EDGE('',*,*,#1395,.T.);
#1864=ORIENTED_EDGE('',*,*,#1397,.F.);
#1865=ORIENTED_EDGE('',*,*,#1398,.F.);
#1866=ORIENTED_EDGE('',*,*,#1399,.T.);
#1867=ORIENTED_EDGE('',*,*,#1398,.T.);
#1868=ORIENTED_EDGE('',*,*,#1400,.F.);
#1869=ORIENTED_EDGE('',*,*,#1401,.F.);
#1870=ORIENTED_EDGE('',*,*,#1402,.F.);
#1871=ORIENTED_EDGE('',*,*,#1400,.T.);
#1872=ORIENTED_EDGE('',*,*,#1397,.T.);
#1873=ORIENTED_EDGE('',*,*,#1394,.T.);
#1874=ORIENTED_EDGE('',*,*,#1403,.F.);
#1875=ORIENTED_EDGE('',*,*,#1404,.F.);
#1876=ORIENTED_EDGE('',*,*,#1401,.T.);
#1877=ORIENTED_EDGE('',*,*,#1402,.T.);
#1878=ORIENTED_EDGE('',*,*,#1405,.T.);
#1879=ORIENTED_EDGE('',*,*,#1406,.T.);
#1880=ORIENTED_EDGE('',*,*,#1407,.F.);
#1881=ORIENTED_EDGE('',*,*,#1408,.T.);
#1882=ORIENTED_EDGE('',*,*,#1409,.F.);
#1883=ORIENTED_EDGE('',*,*,#1410,.F.);
#1884=ORIENTED_EDGE('',*,*,#1404,.T.);
#1885=ORIENTED_EDGE('',*,*,#1411,.T.);
#1886=ORIENTED_EDGE('',*,*,#1412,.T.);
#1887=ORIENTED_EDGE('',*,*,#1405,.F.);
#1888=ORIENTED_EDGE('',*,*,#1413,.T.);
#1889=ORIENTED_EDGE('',*,*,#1407,.T.);
#1890=ORIENTED_EDGE('',*,*,#1414,.T.);
#1891=ORIENTED_EDGE('',*,*,#1415,.F.);
#1892=ORIENTED_EDGE('',*,*,#1416,.T.);
#1893=ORIENTED_EDGE('',*,*,#1415,.T.);
#1894=ORIENTED_EDGE('',*,*,#1417,.T.);
#1895=ORIENTED_EDGE('',*,*,#1418,.F.);
#1896=ORIENTED_EDGE('',*,*,#1419,.T.);
#1897=ORIENTED_EDGE('',*,*,#1418,.T.);
#1898=ORIENTED_EDGE('',*,*,#1420,.T.);
#1899=ORIENTED_EDGE('',*,*,#1421,.F.);
#1900=ORIENTED_EDGE('',*,*,#1406,.F.);
#1901=ORIENTED_EDGE('',*,*,#1412,.F.);
#1902=ORIENTED_EDGE('',*,*,#1422,.F.);
#1903=ORIENTED_EDGE('',*,*,#1420,.F.);
#1904=ORIENTED_EDGE('',*,*,#1417,.F.);
#1905=ORIENTED_EDGE('',*,*,#1414,.F.);
#1906=ORIENTED_EDGE('',*,*,#1423,.T.);
#1907=ORIENTED_EDGE('',*,*,#1424,.T.);
#1908=ORIENTED_EDGE('',*,*,#1425,.T.);
#1909=ORIENTED_EDGE('',*,*,#1426,.F.);
#1910=ORIENTED_EDGE('',*,*,#1427,.T.);
#1911=ORIENTED_EDGE('',*,*,#1426,.T.);
#1912=ORIENTED_EDGE('',*,*,#1428,.T.);
#1913=ORIENTED_EDGE('',*,*,#1429,.F.);
#1914=ORIENTED_EDGE('',*,*,#1430,.T.);
#1915=ORIENTED_EDGE('',*,*,#1429,.T.);
#1916=ORIENTED_EDGE('',*,*,#1431,.T.);
#1917=ORIENTED_EDGE('',*,*,#1432,.F.);
#1918=ORIENTED_EDGE('',*,*,#1391,.T.);
#1919=ORIENTED_EDGE('',*,*,#1433,.T.);
#1920=ORIENTED_EDGE('',*,*,#1434,.T.);
#1921=ORIENTED_EDGE('',*,*,#1435,.F.);
#1922=ORIENTED_EDGE('',*,*,#1436,.F.);
#1923=ORIENTED_EDGE('',*,*,#1434,.F.);
#1924=ORIENTED_EDGE('',*,*,#1437,.F.);
#1925=ORIENTED_EDGE('',*,*,#1431,.F.);
#1926=ORIENTED_EDGE('',*,*,#1428,.F.);
#1927=ORIENTED_EDGE('',*,*,#1425,.F.);
#1928=ORIENTED_EDGE('',*,*,#1438,.F.);
#1929=ORIENTED_EDGE('',*,*,#1423,.F.);
#1930=ORIENTED_EDGE('',*,*,#1427,.F.);
#1931=ORIENTED_EDGE('',*,*,#1430,.F.);
#1932=ORIENTED_EDGE('',*,*,#1439,.F.);
#1933=ORIENTED_EDGE('',*,*,#1440,.F.);
#1934=ORIENTED_EDGE('',*,*,#1408,.F.);
#1935=ORIENTED_EDGE('',*,*,#1413,.F.);
#1936=ORIENTED_EDGE('',*,*,#1416,.F.);
#1937=ORIENTED_EDGE('',*,*,#1419,.F.);
#1938=ORIENTED_EDGE('',*,*,#1389,.T.);
#1939=ORIENTED_EDGE('',*,*,#1435,.T.);
#1940=ORIENTED_EDGE('',*,*,#1436,.T.);
#1941=ORIENTED_EDGE('',*,*,#1424,.F.);
#1942=ORIENTED_EDGE('',*,*,#1438,.T.);
#1943=ORIENTED_EDGE('',*,*,#1421,.T.);
#1944=ORIENTED_EDGE('',*,*,#1422,.T.);
#1945=ORIENTED_EDGE('',*,*,#1411,.F.);
#1946=ORIENTED_EDGE('',*,*,#1403,.T.);
#1947=ORIENTED_EDGE('',*,*,#1393,.T.);
#1948=ORIENTED_EDGE('',*,*,#1441,.F.);
#1949=ORIENTED_EDGE('',*,*,#1388,.T.);
#1950=ORIENTED_EDGE('',*,*,#1380,.T.);
#1951=ORIENTED_EDGE('',*,*,#1442,.F.);
#1952=ORIENTED_EDGE('',*,*,#1443,.T.);
#1953=ORIENTED_EDGE('',*,*,#1439,.T.);
#1954=ORIENTED_EDGE('',*,*,#1432,.T.);
#1955=ORIENTED_EDGE('',*,*,#1437,.T.);
#1956=ORIENTED_EDGE('',*,*,#1433,.F.);
#1957=ORIENTED_EDGE('',*,*,#1390,.T.);
#1958=ORIENTED_EDGE('',*,*,#1444,.F.);
#1959=ORIENTED_EDGE('',*,*,#1409,.T.);
#1960=ORIENTED_EDGE('',*,*,#1440,.T.);
#1961=ORIENTED_EDGE('',*,*,#1443,.F.);
#1962=ORIENTED_EDGE('',*,*,#1445,.F.);
#1963=ORIENTED_EDGE('',*,*,#1446,.T.);
#1964=ORIENTED_EDGE('',*,*,#1447,.T.);
#1965=ORIENTED_EDGE('',*,*,#1344,.F.);
#1966=ORIENTED_EDGE('',*,*,#1448,.F.);
#1967=ORIENTED_EDGE('',*,*,#1345,.F.);
#1968=ORIENTED_EDGE('',*,*,#1447,.F.);
#1969=ORIENTED_EDGE('',*,*,#1449,.T.);
#1970=ORIENTED_EDGE('',*,*,#1450,.F.);
#1971=ORIENTED_EDGE('',*,*,#1355,.F.);
#1972=ORIENTED_EDGE('',*,*,#1451,.F.);
#1973=ORIENTED_EDGE('',*,*,#1452,.T.);
#1974=ORIENTED_EDGE('',*,*,#1352,.F.);
#1975=ORIENTED_EDGE('',*,*,#1357,.T.);
#1976=ORIENTED_EDGE('',*,*,#1453,.F.);
#1977=ORIENTED_EDGE('',*,*,#1454,.F.);
#1978=ORIENTED_EDGE('',*,*,#1455,.F.);
#1979=ORIENTED_EDGE('',*,*,#1456,.T.);
#1980=ORIENTED_EDGE('',*,*,#1457,.F.);
#1981=ORIENTED_EDGE('',*,*,#1449,.F.);
#1982=ORIENTED_EDGE('',*,*,#1446,.F.);
#1983=ORIENTED_EDGE('',*,*,#1458,.F.);
#1984=ORIENTED_EDGE('',*,*,#1459,.T.);
#1985=ORIENTED_EDGE('',*,*,#1460,.F.);
#1986=ORIENTED_EDGE('',*,*,#1461,.F.);
#1987=ORIENTED_EDGE('',*,*,#1452,.F.);
#1988=ORIENTED_EDGE('',*,*,#1462,.F.);
#1989=ORIENTED_EDGE('',*,*,#1362,.F.);
#1990=ORIENTED_EDGE('',*,*,#1463,.T.);
#1991=ORIENTED_EDGE('',*,*,#1464,.F.);
#1992=ORIENTED_EDGE('',*,*,#1370,.F.);
#1993=ORIENTED_EDGE('',*,*,#1465,.F.);
#1994=ORIENTED_EDGE('',*,*,#1466,.F.);
#1995=ORIENTED_EDGE('',*,*,#1467,.F.);
#1996=ORIENTED_EDGE('',*,*,#1468,.F.);
#1997=ORIENTED_EDGE('',*,*,#1469,.T.);
#1998=ORIENTED_EDGE('',*,*,#1470,.T.);
#1999=ORIENTED_EDGE('',*,*,#1329,.F.);
#2000=ORIENTED_EDGE('',*,*,#1471,.F.);
#2001=ORIENTED_EDGE('',*,*,#1472,.F.);
#2002=ORIENTED_EDGE('',*,*,#1473,.F.);
#2003=ORIENTED_EDGE('',*,*,#1474,.F.);
#2004=ORIENTED_EDGE('',*,*,#1475,.F.);
#2005=ORIENTED_EDGE('',*,*,#1476,.F.);
#2006=ORIENTED_EDGE('',*,*,#1477,.T.);
#2007=ORIENTED_EDGE('',*,*,#1478,.T.);
#2008=ORIENTED_EDGE('',*,*,#1479,.F.);
#2009=ORIENTED_EDGE('',*,*,#1459,.F.);
#2010=ORIENTED_EDGE('',*,*,#1480,.F.);
#2011=ORIENTED_EDGE('',*,*,#1481,.T.);
#2012=ORIENTED_EDGE('',*,*,#1482,.F.);
#2013=ORIENTED_EDGE('',*,*,#1477,.F.);
#2014=ORIENTED_EDGE('',*,*,#1483,.F.);
#2015=ORIENTED_EDGE('',*,*,#1343,.T.);
#2016=ORIENTED_EDGE('',*,*,#1348,.T.);
#2017=ORIENTED_EDGE('',*,*,#1484,.T.);
#2018=ORIENTED_EDGE('',*,*,#1485,.F.);
#2019=ORIENTED_EDGE('',*,*,#1458,.T.);
#2020=ORIENTED_EDGE('',*,*,#1445,.T.);
#2021=ORIENTED_EDGE('',*,*,#1460,.T.);
#2022=ORIENTED_EDGE('',*,*,#1479,.T.);
#2023=ORIENTED_EDGE('',*,*,#1486,.F.);
#2024=ORIENTED_EDGE('',*,*,#1487,.F.);
#2025=ORIENTED_EDGE('',*,*,#1482,.T.);
#2026=ORIENTED_EDGE('',*,*,#1488,.F.);
#2027=ORIENTED_EDGE('',*,*,#1489,.F.);
#2028=ORIENTED_EDGE('',*,*,#1475,.T.);
#2029=ORIENTED_EDGE('',*,*,#1490,.F.);
#2030=ORIENTED_EDGE('',*,*,#1491,.F.);
#2031=ORIENTED_EDGE('',*,*,#1371,.T.);
#2032=ORIENTED_EDGE('',*,*,#1464,.T.);
#2033=ORIENTED_EDGE('',*,*,#1492,.F.);
#2034=ORIENTED_EDGE('',*,*,#1493,.T.);
#2035=ORIENTED_EDGE('',*,*,#1494,.T.);
#2036=ORIENTED_EDGE('',*,*,#1456,.F.);
#2037=ORIENTED_EDGE('',*,*,#1495,.F.);
#2038=ORIENTED_EDGE('',*,*,#1469,.F.);
#2039=ORIENTED_EDGE('',*,*,#1496,.T.);
#2040=ORIENTED_EDGE('',*,*,#1497,.T.);
#2041=ORIENTED_EDGE('',*,*,#1495,.T.);
#2042=ORIENTED_EDGE('',*,*,#1498,.T.);
#2043=ORIENTED_EDGE('',*,*,#1330,.T.);
#2044=ORIENTED_EDGE('',*,*,#1470,.F.);
#2045=ORIENTED_EDGE('',*,*,#1492,.T.);
#2046=ORIENTED_EDGE('',*,*,#1455,.T.);
#2047=ORIENTED_EDGE('',*,*,#1499,.T.);
#2048=ORIENTED_EDGE('',*,*,#1500,.F.);
#2049=ORIENTED_EDGE('',*,*,#1490,.T.);
#2050=ORIENTED_EDGE('',*,*,#1463,.F.);
#2051=ORIENTED_EDGE('',*,*,#1361,.T.);
#2052=ORIENTED_EDGE('',*,*,#1501,.T.);
#2053=ORIENTED_EDGE('',*,*,#1483,.T.);
#2054=ORIENTED_EDGE('',*,*,#1476,.T.);
#2055=ORIENTED_EDGE('',*,*,#1489,.T.);
#2056=ORIENTED_EDGE('',*,*,#1502,.F.);
#2057=ORIENTED_EDGE('',*,*,#1363,.F.);
#2058=ORIENTED_EDGE('',*,*,#1462,.T.);
#2059=ORIENTED_EDGE('',*,*,#1451,.T.);
#2060=ORIENTED_EDGE('',*,*,#1354,.F.);
#2061=ORIENTED_EDGE('',*,*,#1503,.T.);
#2062=ORIENTED_EDGE('',*,*,#1359,.T.);
#2063=ORIENTED_EDGE('',*,*,#1504,.T.);
#2064=ORIENTED_EDGE('',*,*,#1505,.T.);
#2065=ORIENTED_EDGE('',*,*,#1461,.T.);
#2066=ORIENTED_EDGE('',*,*,#1487,.T.);
#2067=ORIENTED_EDGE('',*,*,#1506,.T.);
#2068=ORIENTED_EDGE('',*,*,#1505,.F.);
#2069=ORIENTED_EDGE('',*,*,#1507,.F.);
#2070=ORIENTED_EDGE('',*,*,#1453,.T.);
#2071=ORIENTED_EDGE('',*,*,#1356,.T.);
#2072=ORIENTED_EDGE('',*,*,#1450,.T.);
#2073=ORIENTED_EDGE('',*,*,#1349,.F.);
#2074=ORIENTED_EDGE('',*,*,#1454,.T.);
#2075=ORIENTED_EDGE('',*,*,#1507,.T.);
#2076=ORIENTED_EDGE('',*,*,#1504,.F.);
#2077=ORIENTED_EDGE('',*,*,#1358,.F.);
#2078=ORIENTED_EDGE('',*,*,#1324,.F.);
#2079=ORIENTED_EDGE('',*,*,#1508,.F.);
#2080=ORIENTED_EDGE('',*,*,#1509,.F.);
#2081=ORIENTED_EDGE('',*,*,#1510,.F.);
#2082=ORIENTED_EDGE('',*,*,#1499,.F.);
#2083=ORIENTED_EDGE('',*,*,#1474,.T.);
#2084=ORIENTED_EDGE('',*,*,#1511,.T.);
#2085=ORIENTED_EDGE('',*,*,#1334,.T.);
#2086=ORIENTED_EDGE('',*,*,#1511,.F.);
#2087=ORIENTED_EDGE('',*,*,#1473,.T.);
#2088=ORIENTED_EDGE('',*,*,#1512,.T.);
#2089=ORIENTED_EDGE('',*,*,#1335,.F.);
#2090=ORIENTED_EDGE('',*,*,#1512,.F.);
#2091=ORIENTED_EDGE('',*,*,#1472,.T.);
#2092=ORIENTED_EDGE('',*,*,#1513,.T.);
#2093=ORIENTED_EDGE('',*,*,#1336,.F.);
#2094=ORIENTED_EDGE('',*,*,#1328,.F.);
#2095=ORIENTED_EDGE('',*,*,#1337,.F.);
#2096=ORIENTED_EDGE('',*,*,#1513,.F.);
#2097=ORIENTED_EDGE('',*,*,#1471,.T.);
#2098=ORIENTED_EDGE('',*,*,#1514,.T.);
#2099=ORIENTED_EDGE('',*,*,#1515,.T.);
#2100=ORIENTED_EDGE('',*,*,#1516,.T.);
#2101=ORIENTED_EDGE('',*,*,#1332,.T.);
#2102=ORIENTED_EDGE('',*,*,#1517,.F.);
#2103=ORIENTED_EDGE('',*,*,#1509,.T.);
#2104=ORIENTED_EDGE('',*,*,#1518,.T.);
#2105=ORIENTED_EDGE('',*,*,#1515,.F.);
#2106=ORIENTED_EDGE('',*,*,#1323,.F.);
#2107=ORIENTED_EDGE('',*,*,#1333,.T.);
#2108=ORIENTED_EDGE('',*,*,#1516,.F.);
#2109=ORIENTED_EDGE('',*,*,#1518,.F.);
#2110=ORIENTED_EDGE('',*,*,#1508,.T.);
#2111=ORIENTED_EDGE('',*,*,#1519,.F.);
#2112=ORIENTED_EDGE('',*,*,#1520,.F.);
#2113=ORIENTED_EDGE('',*,*,#1493,.F.);
#2114=ORIENTED_EDGE('',*,*,#1500,.T.);
#2115=ORIENTED_EDGE('',*,*,#1510,.T.);
#2116=ORIENTED_EDGE('',*,*,#1517,.T.);
#2117=ORIENTED_EDGE('',*,*,#1514,.F.);
#2118=ORIENTED_EDGE('',*,*,#1331,.F.);
#2119=ORIENTED_EDGE('',*,*,#1498,.F.);
#2120=ORIENTED_EDGE('',*,*,#1497,.F.);
#2121=ORIENTED_EDGE('',*,*,#1521,.F.);
#2122=ORIENTED_EDGE('',*,*,#1522,.F.);
#2123=ORIENTED_EDGE('',*,*,#1523,.T.);
#2124=ORIENTED_EDGE('',*,*,#1524,.F.);
#2125=ORIENTED_EDGE('',*,*,#1372,.F.);
#2126=ORIENTED_EDGE('',*,*,#1491,.T.);
#2127=ORIENTED_EDGE('',*,*,#1501,.F.);
#2128=ORIENTED_EDGE('',*,*,#1360,.T.);
#2129=ORIENTED_EDGE('',*,*,#1503,.F.);
#2130=ORIENTED_EDGE('',*,*,#1506,.F.);
#2131=ORIENTED_EDGE('',*,*,#1486,.T.);
#2132=ORIENTED_EDGE('',*,*,#1478,.F.);
#2133=ORIENTED_EDGE('',*,*,#1410,.T.);
#2134=ORIENTED_EDGE('',*,*,#1444,.T.);
#2135=ORIENTED_EDGE('',*,*,#1442,.T.);
#2136=ORIENTED_EDGE('',*,*,#1379,.F.);
#2137=ORIENTED_EDGE('',*,*,#1383,.T.);
#2138=ORIENTED_EDGE('',*,*,#1386,.F.);
#2139=ORIENTED_EDGE('',*,*,#1441,.T.);
#2140=ORIENTED_EDGE('',*,*,#1392,.F.);
#2141=ORIENTED_EDGE('',*,*,#1396,.T.);
#2142=ORIENTED_EDGE('',*,*,#1399,.F.);
#2143=ORIENTED_EDGE('',*,*,#1481,.F.);
#2144=ORIENTED_EDGE('',*,*,#1502,.T.);
#2145=ORIENTED_EDGE('',*,*,#1488,.T.);
#2146=ORIENTED_EDGE('',*,*,#1365,.F.);
#2147=ORIENTED_EDGE('',*,*,#1525,.F.);
#2148=ORIENTED_EDGE('',*,*,#1526,.F.);
#2149=ORIENTED_EDGE('',*,*,#1521,.T.);
#2150=ORIENTED_EDGE('',*,*,#1496,.F.);
#2151=ORIENTED_EDGE('',*,*,#1468,.T.);
#2152=ORIENTED_EDGE('',*,*,#1527,.T.);
#2153=ORIENTED_EDGE('',*,*,#1375,.T.);
#2154=ORIENTED_EDGE('',*,*,#1527,.F.);
#2155=ORIENTED_EDGE('',*,*,#1467,.T.);
#2156=ORIENTED_EDGE('',*,*,#1528,.T.);
#2157=ORIENTED_EDGE('',*,*,#1376,.F.);
#2158=ORIENTED_EDGE('',*,*,#1369,.F.);
#2159=ORIENTED_EDGE('',*,*,#1378,.F.);
#2160=ORIENTED_EDGE('',*,*,#1529,.F.);
#2161=ORIENTED_EDGE('',*,*,#1465,.T.);
#2162=ORIENTED_EDGE('',*,*,#1528,.F.);
#2163=ORIENTED_EDGE('',*,*,#1466,.T.);
#2164=ORIENTED_EDGE('',*,*,#1529,.T.);
#2165=ORIENTED_EDGE('',*,*,#1377,.F.);
#2166=ORIENTED_EDGE('',*,*,#1524,.T.);
#2167=ORIENTED_EDGE('',*,*,#1530,.T.);
#2168=ORIENTED_EDGE('',*,*,#1531,.T.);
#2169=ORIENTED_EDGE('',*,*,#1373,.T.);
#2170=ORIENTED_EDGE('',*,*,#1522,.T.);
#2171=ORIENTED_EDGE('',*,*,#1526,.T.);
#2172=ORIENTED_EDGE('',*,*,#1532,.F.);
#2173=ORIENTED_EDGE('',*,*,#1533,.F.);
#2174=ORIENTED_EDGE('',*,*,#1523,.F.);
#2175=ORIENTED_EDGE('',*,*,#1533,.T.);
#2176=ORIENTED_EDGE('',*,*,#1534,.T.);
#2177=ORIENTED_EDGE('',*,*,#1530,.F.);
#2178=ORIENTED_EDGE('',*,*,#1364,.F.);
#2179=ORIENTED_EDGE('',*,*,#1374,.T.);
#2180=ORIENTED_EDGE('',*,*,#1531,.F.);
#2181=ORIENTED_EDGE('',*,*,#1534,.F.);
#2182=ORIENTED_EDGE('',*,*,#1532,.T.);
#2183=ORIENTED_EDGE('',*,*,#1525,.T.);
#2184=ORIENTED_EDGE('',*,*,#1519,.T.);
#2185=ORIENTED_EDGE('',*,*,#1480,.T.);
#2186=ORIENTED_EDGE('',*,*,#1485,.T.);
#2187=ORIENTED_EDGE('',*,*,#1535,.T.);
#2188=ORIENTED_EDGE('',*,*,#1536,.T.);
#2189=ORIENTED_EDGE('',*,*,#1341,.F.);
#2190=ORIENTED_EDGE('',*,*,#1346,.T.);
#2191=ORIENTED_EDGE('',*,*,#1448,.T.);
#2192=ORIENTED_EDGE('',*,*,#1457,.T.);
#2193=ORIENTED_EDGE('',*,*,#1494,.F.);
#2194=ORIENTED_EDGE('',*,*,#1520,.T.);
#2195=ORIENTED_EDGE('',*,*,#1536,.F.);
#2196=ORIENTED_EDGE('',*,*,#1537,.F.);
#2197=ORIENTED_EDGE('',*,*,#1338,.F.);
#2198=ORIENTED_EDGE('',*,*,#1537,.T.);
#2199=ORIENTED_EDGE('',*,*,#1535,.F.);
#2200=ORIENTED_EDGE('',*,*,#1484,.F.);
#2201=ORIENTED_EDGE('',*,*,#1347,.F.);
#2202=CYLINDRICAL_SURFACE('',#2375,7.499999518251);
#2203=CYLINDRICAL_SURFACE('',#2434,7.499999518251);
#2204=CYLINDRICAL_SURFACE('',#2435,7.499999518251);
#2205=CYLINDRICAL_SURFACE('',#2438,7.500001225358);
#2206=CYLINDRICAL_SURFACE('',#2439,0.15);
#2207=CYLINDRICAL_SURFACE('',#2440,0.25);
#2208=CYLINDRICAL_SURFACE('',#2442,0.25);
#2209=CYLINDRICAL_SURFACE('',#2444,0.15);
#2210=CYLINDRICAL_SURFACE('',#2445,0.25);
#2211=CYLINDRICAL_SURFACE('',#2447,0.25);
#2212=CYLINDRICAL_SURFACE('',#2449,0.15);
#2213=CYLINDRICAL_SURFACE('',#2450,0.15);
#2214=CYLINDRICAL_SURFACE('',#2451,0.3);
#2215=CYLINDRICAL_SURFACE('',#2452,0.25);
#2216=CYLINDRICAL_SURFACE('',#2454,0.25);
#2217=CYLINDRICAL_SURFACE('',#2456,0.3);
#2218=CYLINDRICAL_SURFACE('',#2457,0.25);
#2219=CYLINDRICAL_SURFACE('',#2459,0.25);
#2220=CYLINDRICAL_SURFACE('',#2461,0.15);
#2221=CYLINDRICAL_SURFACE('',#2462,0.15);
#2222=CYLINDRICAL_SURFACE('',#2463,0.15);
#2223=CYLINDRICAL_SURFACE('',#2464,0.15);
#2224=CYLINDRICAL_SURFACE('',#2465,0.15);
#2225=CYLINDRICAL_SURFACE('',#2466,0.15);
#2226=CYLINDRICAL_SURFACE('',#2467,0.15);
#2227=CYLINDRICAL_SURFACE('',#2468,0.15);
#2228=CYLINDRICAL_SURFACE('',#2469,0.15);
#2229=CYLINDRICAL_SURFACE('',#2486,4.);
#2230=CYLINDRICAL_SURFACE('',#2490,1.99999999999999);
#2231=CYLINDRICAL_SURFACE('',#2495,1.99999999999999);
#2232=CYLINDRICAL_SURFACE('',#2499,4.);
#2233=CYLINDRICAL_SURFACE('',#2505,2.);
#2234=CYLINDRICAL_SURFACE('',#2507,4.);
#2235=CYLINDRICAL_SURFACE('',#2511,1.99999999999999);
#2236=CYLINDRICAL_SURFACE('',#2515,1.99999999999999);
#2237=CYLINDRICAL_SURFACE('',#2519,4.);
#2238=CYLINDRICAL_SURFACE('',#2522,1.99999999999999);
#2239=CYLINDRICAL_SURFACE('',#2529,4.);
#2240=CYLINDRICAL_SURFACE('',#2531,7.499999518251);
#2241=CYLINDRICAL_SURFACE('',#2534,7.499999518251);
#2242=CYLINDRICAL_SURFACE('',#2558,7.499999518251);
#2243=CYLINDRICAL_SURFACE('',#2567,7.500001225358);
#2244=ADVANCED_FACE('',(#132),#2202,.T.);
#2245=ADVANCED_FACE('',(#133),#58,.T.);
#2246=ADVANCED_FACE('',(#134),#59,.T.);
#2247=ADVANCED_FACE('',(#135,#17,#18,#19,#20,#21,#22,#23,#24,#25,#26,#27,
#28,#29,#30,#31,#32,#33,#34,#35),#60,.F.);
#2248=ADVANCED_FACE('',(#136,#36,#37,#38,#39,#40,#41,#42,#43,#44,#45,#46,
#47,#48,#49,#50,#51,#52,#53,#54),#61,.T.);
#2249=ADVANCED_FACE('',(#137),#2203,.T.);
#2250=ADVANCED_FACE('',(#138),#2204,.T.);
#2251=ADVANCED_FACE('',(#139),#62,.T.);
#2252=ADVANCED_FACE('',(#140),#63,.T.);
#2253=ADVANCED_FACE('',(#141),#2205,.T.);
#2254=ADVANCED_FACE('',(#142),#2206,.F.);
#2255=ADVANCED_FACE('',(#143),#2207,.F.);
#2256=ADVANCED_FACE('',(#144),#64,.T.);
#2257=ADVANCED_FACE('',(#145),#2208,.F.);
#2258=ADVANCED_FACE('',(#146),#65,.T.);
#2259=ADVANCED_FACE('',(#147),#2209,.F.);
#2260=ADVANCED_FACE('',(#148),#2210,.F.);
#2261=ADVANCED_FACE('',(#149),#66,.T.);
#2262=ADVANCED_FACE('',(#150),#2211,.F.);
#2263=ADVANCED_FACE('',(#151),#67,.T.);
#2264=ADVANCED_FACE('',(#152),#2212,.F.);
#2265=ADVANCED_FACE('',(#153),#2213,.F.);
#2266=ADVANCED_FACE('',(#154),#2214,.F.);
#2267=ADVANCED_FACE('',(#155),#2215,.F.);
#2268=ADVANCED_FACE('',(#156),#68,.T.);
#2269=ADVANCED_FACE('',(#157),#2216,.F.);
#2270=ADVANCED_FACE('',(#158),#69,.T.);
#2271=ADVANCED_FACE('',(#159),#2217,.F.);
#2272=ADVANCED_FACE('',(#160),#2218,.F.);
#2273=ADVANCED_FACE('',(#161),#70,.T.);
#2274=ADVANCED_FACE('',(#162),#2219,.F.);
#2275=ADVANCED_FACE('',(#163),#71,.T.);
#2276=ADVANCED_FACE('',(#164),#2220,.F.);
#2277=ADVANCED_FACE('',(#165),#2221,.F.);
#2278=ADVANCED_FACE('',(#166),#2222,.F.);
#2279=ADVANCED_FACE('',(#167),#2223,.F.);
#2280=ADVANCED_FACE('',(#168),#2224,.F.);
#2281=ADVANCED_FACE('',(#169),#2225,.F.);
#2282=ADVANCED_FACE('',(#170),#2226,.F.);
#2283=ADVANCED_FACE('',(#171),#2227,.F.);
#2284=ADVANCED_FACE('',(#172),#2228,.F.);
#2285=ADVANCED_FACE('',(#173),#72,.T.);
#2286=ADVANCED_FACE('',(#174),#73,.T.);
#2287=ADVANCED_FACE('',(#175),#74,.F.);
#2288=ADVANCED_FACE('',(#176),#75,.T.);
#2289=ADVANCED_FACE('',(#177),#76,.F.);
#2290=ADVANCED_FACE('',(#178),#77,.T.);
#2291=ADVANCED_FACE('',(#179),#78,.T.);
#2292=ADVANCED_FACE('',(#180),#79,.F.);
#2293=ADVANCED_FACE('',(#181),#80,.T.);
#2294=ADVANCED_FACE('',(#182),#81,.T.);
#2295=ADVANCED_FACE('',(#183),#82,.T.);
#2296=ADVANCED_FACE('',(#184),#83,.F.);
#2297=ADVANCED_FACE('',(#185),#2229,.F.);
#2298=ADVANCED_FACE('',(#186),#84,.T.);
#2299=ADVANCED_FACE('',(#187),#2230,.F.);
#2300=ADVANCED_FACE('',(#188),#85,.F.);
#2301=ADVANCED_FACE('',(#189),#2231,.F.);
#2302=ADVANCED_FACE('',(#190),#86,.T.);
#2303=ADVANCED_FACE('',(#191),#2232,.F.);
#2304=ADVANCED_FACE('',(#192),#87,.F.);
#2305=ADVANCED_FACE('',(#193),#88,.F.);
#2306=ADVANCED_FACE('',(#194),#2233,.F.);
#2307=ADVANCED_FACE('',(#195),#2234,.T.);
#2308=ADVANCED_FACE('',(#196),#89,.F.);
#2309=ADVANCED_FACE('',(#197),#2235,.T.);
#2310=ADVANCED_FACE('',(#198),#90,.T.);
#2311=ADVANCED_FACE('',(#199),#2236,.T.);
#2312=ADVANCED_FACE('',(#200),#91,.F.);
#2313=ADVANCED_FACE('',(#201),#2237,.T.);
#2314=ADVANCED_FACE('',(#202),#2238,.F.);
#2315=ADVANCED_FACE('',(#203),#92,.T.);
#2316=ADVANCED_FACE('',(#204),#93,.T.);
#2317=ADVANCED_FACE('',(#205),#94,.F.);
#2318=ADVANCED_FACE('',(#206),#95,.F.);
#2319=ADVANCED_FACE('',(#207),#2239,.F.);
#2320=ADVANCED_FACE('',(#208),#2240,.F.);
#2321=ADVANCED_FACE('',(#209),#96,.F.);
#2322=ADVANCED_FACE('',(#210),#2241,.F.);
#2323=ADVANCED_FACE('',(#211),#97,.T.);
#2324=ADVANCED_FACE('',(#212,#55),#98,.T.);
#2325=ADVANCED_FACE('',(#213),#99,.T.);
#2326=ADVANCED_FACE('',(#214),#100,.T.);
#2327=ADVANCED_FACE('',(#215),#101,.T.);
#2328=ADVANCED_FACE('',(#216),#102,.T.);
#2329=ADVANCED_FACE('',(#217),#103,.F.);
#2330=ADVANCED_FACE('',(#218),#104,.F.);
#2331=ADVANCED_FACE('',(#219),#105,.F.);
#2332=ADVANCED_FACE('',(#220),#106,.F.);
#2333=ADVANCED_FACE('',(#221),#107,.F.);
#2334=ADVANCED_FACE('',(#222),#108,.F.);
#2335=ADVANCED_FACE('',(#223),#109,.F.);
#2336=ADVANCED_FACE('',(#224),#110,.F.);
#2337=ADVANCED_FACE('',(#225),#111,.F.);
#2338=ADVANCED_FACE('',(#226),#112,.T.);
#2339=ADVANCED_FACE('',(#227),#113,.T.);
#2340=ADVANCED_FACE('',(#228),#114,.T.);
#2341=ADVANCED_FACE('',(#229),#115,.T.);
#2342=ADVANCED_FACE('',(#230),#116,.F.);
#2343=ADVANCED_FACE('',(#231),#2242,.F.);
#2344=ADVANCED_FACE('',(#232),#117,.F.);
#2345=ADVANCED_FACE('',(#233),#118,.T.);
#2346=ADVANCED_FACE('',(#234),#119,.T.);
#2347=ADVANCED_FACE('',(#235),#120,.T.);
#2348=ADVANCED_FACE('',(#236,#56,#57),#121,.F.);
#2349=ADVANCED_FACE('',(#237),#122,.T.);
#2350=ADVANCED_FACE('',(#238),#123,.F.);
#2351=ADVANCED_FACE('',(#239),#124,.F.);
#2352=ADVANCED_FACE('',(#240),#2243,.F.);
#2353=ADVANCED_FACE('',(#241),#125,.T.);
#2354=ADVANCED_FACE('',(#242),#126,.T.);
#2355=ADVANCED_FACE('',(#243),#127,.T.);
#2356=ADVANCED_FACE('',(#244),#128,.T.);
#2357=ADVANCED_FACE('',(#245),#129,.T.);
#2358=ADVANCED_FACE('',(#246),#130,.T.);
#2359=ADVANCED_FACE('',(#247),#131,.T.);
#2360=CLOSED_SHELL('',(#2244,#2245,#2246,#2247,#2248,#2249,#2250,#2251,
#2252,#2253,#2254,#2255,#2256,#2257,#2258,#2259,#2260,#2261,#2262,#2263,
#2264,#2265,#2266,#2267,#2268,#2269,#2270,#2271,#2272,#2273,#2274,#2275,
#2276,#2277,#2278,#2279,#2280,#2281,#2282,#2283,#2284));
#2361=CLOSED_SHELL('',(#2285,#2286,#2287,#2288,#2289,#2290,#2291,#2292,
#2293,#2294,#2295,#2296,#2297,#2298,#2299,#2300,#2301,#2302,#2303,#2304,
#2305,#2306,#2307,#2308,#2309,#2310,#2311,#2312,#2313,#2314,#2315,#2316,
#2317,#2318,#2319,#2320,#2321,#2322,#2323,#2324,#2325,#2326,#2327,#2328,
#2329,#2330,#2331,#2332,#2333,#2334,#2335,#2336,#2337,#2338,#2339,#2340,
#2341,#2342,#2343,#2344,#2345,#2346,#2347,#2348,#2349,#2350,#2351,#2352,
#2353,#2354,#2355,#2356,#2357,#2358,#2359));
#2362=DERIVED_UNIT_ELEMENT(#2364,1.);
#2363=DERIVED_UNIT_ELEMENT(#3900,-3.);
#2364=(
MASS_UNIT()
NAMED_UNIT(*)
SI_UNIT(.KILO.,.GRAM.)
);
#2365=DERIVED_UNIT((#2362,#2363));
#2366=MEASURE_REPRESENTATION_ITEM('density measure',
POSITIVE_RATIO_MEASURE(7850.),#2365);
#2367=PROPERTY_DEFINITION_REPRESENTATION(#2372,#2369);
#2368=PROPERTY_DEFINITION_REPRESENTATION(#2373,#2370);
#2369=REPRESENTATION('material name',(#2371),#3897);
#2370=REPRESENTATION('density',(#2366),#3897);
#2371=DESCRIPTIVE_REPRESENTATION_ITEM('Steel','Steel');
#2372=PROPERTY_DEFINITION('material property','material name',#3907);
#2373=PROPERTY_DEFINITION('material property','density of part',#3907);
#2374=AXIS2_PLACEMENT_3D('',#3225,#2575,#2576);
#2375=AXIS2_PLACEMENT_3D('',#3226,#2577,#2578);
#2376=AXIS2_PLACEMENT_3D('',#3231,#2580,#2581);
#2377=AXIS2_PLACEMENT_3D('',#3234,#2583,#2584);
#2378=AXIS2_PLACEMENT_3D('',#3235,#2585,#2586);
#2379=AXIS2_PLACEMENT_3D('',#3241,#2590,#2591);
#2380=AXIS2_PLACEMENT_3D('',#3247,#2595,#2596);
#2381=AXIS2_PLACEMENT_3D('',#3249,#2597,#2598);
#2382=AXIS2_PLACEMENT_3D('',#3253,#2600,#2601);
#2383=AXIS2_PLACEMENT_3D('',#3256,#2603,#2604);
#2384=AXIS2_PLACEMENT_3D('',#3258,#2605,#2606);
#2385=AXIS2_PLACEMENT_3D('',#3261,#2607,#2608);
#2386=AXIS2_PLACEMENT_3D('',#3265,#2610,#2611);
#2387=AXIS2_PLACEMENT_3D('',#3268,#2613,#2614);
#2388=AXIS2_PLACEMENT_3D('',#3271,#2615,#2616);
#2389=AXIS2_PLACEMENT_3D('',#3275,#2618,#2619);
#2390=AXIS2_PLACEMENT_3D('',#3278,#2621,#2622);
#2391=AXIS2_PLACEMENT_3D('',#3280,#2623,#2624);
#2392=AXIS2_PLACEMENT_3D('',#3282,#2625,#2626);
#2393=AXIS2_PLACEMENT_3D('',#3285,#2627,#2628);
#2394=AXIS2_PLACEMENT_3D('',#3289,#2630,#2631);
#2395=AXIS2_PLACEMENT_3D('',#3292,#2633,#2634);
#2396=AXIS2_PLACEMENT_3D('',#3295,#2635,#2636);
#2397=AXIS2_PLACEMENT_3D('',#3299,#2638,#2639);
#2398=AXIS2_PLACEMENT_3D('',#3302,#2641,#2642);
#2399=AXIS2_PLACEMENT_3D('',#3304,#2643,#2644);
#2400=AXIS2_PLACEMENT_3D('',#3306,#2645,#2646);
#2401=AXIS2_PLACEMENT_3D('',#3308,#2647,#2648);
#2402=AXIS2_PLACEMENT_3D('',#3310,#2649,#2650);
#2403=AXIS2_PLACEMENT_3D('',#3312,#2651,#2652);
#2404=AXIS2_PLACEMENT_3D('',#3314,#2653,#2654);
#2405=AXIS2_PLACEMENT_3D('',#3316,#2655,#2656);
#2406=AXIS2_PLACEMENT_3D('',#3318,#2657,#2658);
#2407=AXIS2_PLACEMENT_3D('',#3319,#2659,#2660);
#2408=AXIS2_PLACEMENT_3D('',#3321,#2661,#2662);
#2409=AXIS2_PLACEMENT_3D('',#3325,#2664,#2665);
#2410=AXIS2_PLACEMENT_3D('',#3328,#2667,#2668);
#2411=AXIS2_PLACEMENT_3D('',#3330,#2669,#2670);
#2412=AXIS2_PLACEMENT_3D('',#3333,#2671,#2672);
#2413=AXIS2_PLACEMENT_3D('',#3337,#2674,#2675);
#2414=AXIS2_PLACEMENT_3D('',#3340,#2677,#2678);
#2415=AXIS2_PLACEMENT_3D('',#3343,#2679,#2680);
#2416=AXIS2_PLACEMENT_3D('',#3347,#2682,#2683);
#2417=AXIS2_PLACEMENT_3D('',#3350,#2685,#2686);
#2418=AXIS2_PLACEMENT_3D('',#3352,#2687,#2688);
#2419=AXIS2_PLACEMENT_3D('',#3354,#2689,#2690);
#2420=AXIS2_PLACEMENT_3D('',#3357,#2691,#2692);
#2421=AXIS2_PLACEMENT_3D('',#3361,#2694,#2695);
#2422=AXIS2_PLACEMENT_3D('',#3364,#2697,#2698);
#2423=AXIS2_PLACEMENT_3D('',#3367,#2699,#2700);
#2424=AXIS2_PLACEMENT_3D('',#3371,#2702,#2703);
#2425=AXIS2_PLACEMENT_3D('',#3374,#2705,#2706);
#2426=AXIS2_PLACEMENT_3D('',#3376,#2707,#2708);
#2427=AXIS2_PLACEMENT_3D('',#3378,#2709,#2710);
#2428=AXIS2_PLACEMENT_3D('',#3380,#2711,#2712);
#2429=AXIS2_PLACEMENT_3D('',#3382,#2713,#2714);
#2430=AXIS2_PLACEMENT_3D('',#3384,#2715,#2716);
#2431=AXIS2_PLACEMENT_3D('',#3386,#2717,#2718);
#2432=AXIS2_PLACEMENT_3D('',#3388,#2719,#2720);
#2433=AXIS2_PLACEMENT_3D('',#3390,#2721,#2722);
#2434=AXIS2_PLACEMENT_3D('',#3391,#2723,#2724);
#2435=AXIS2_PLACEMENT_3D('',#3393,#2726,#2727);
#2436=AXIS2_PLACEMENT_3D('',#3395,#2729,#2730);
#2437=AXIS2_PLACEMENT_3D('',#3397,#2732,#2733);
#2438=AXIS2_PLACEMENT_3D('',#3399,#2735,#2736);
#2439=AXIS2_PLACEMENT_3D('',#3400,#2737,#2738);
#2440=AXIS2_PLACEMENT_3D('',#3402,#2740,#2741);
#2441=AXIS2_PLACEMENT_3D('',#3405,#2744,#2745);
#2442=AXIS2_PLACEMENT_3D('',#3407,#2747,#2748);
#2443=AXIS2_PLACEMENT_3D('',#3409,#2750,#2751);
#2444=AXIS2_PLACEMENT_3D('',#3410,#2752,#2753);
#2445=AXIS2_PLACEMENT_3D('',#3412,#2755,#2756);
#2446=AXIS2_PLACEMENT_3D('',#3415,#2759,#2760);
#2447=AXIS2_PLACEMENT_3D('',#3417,#2762,#2763);
#2448=AXIS2_PLACEMENT_3D('',#3419,#2765,#2766);
#2449=AXIS2_PLACEMENT_3D('',#3420,#2767,#2768);
#2450=AXIS2_PLACEMENT_3D('',#3422,#2770,#2771);
#2451=AXIS2_PLACEMENT_3D('',#3424,#2773,#2774);
#2452=AXIS2_PLACEMENT_3D('',#3426,#2776,#2777);
#2453=AXIS2_PLACEMENT_3D('',#3429,#2780,#2781);
#2454=AXIS2_PLACEMENT_3D('',#3431,#2783,#2784);
#2455=AXIS2_PLACEMENT_3D('',#3433,#2786,#2787);
#2456=AXIS2_PLACEMENT_3D('',#3434,#2788,#2789);
#2457=AXIS2_PLACEMENT_3D('',#3436,#2791,#2792);
#2458=AXIS2_PLACEMENT_3D('',#3439,#2795,#2796);
#2459=AXIS2_PLACEMENT_3D('',#3441,#2798,#2799);
#2460=AXIS2_PLACEMENT_3D('',#3443,#2801,#2802);
#2461=AXIS2_PLACEMENT_3D('',#3444,#2803,#2804);
#2462=AXIS2_PLACEMENT_3D('',#3446,#2806,#2807);
#2463=AXIS2_PLACEMENT_3D('',#3448,#2809,#2810);
#2464=AXIS2_PLACEMENT_3D('',#3450,#2812,#2813);
#2465=AXIS2_PLACEMENT_3D('',#3452,#2815,#2816);
#2466=AXIS2_PLACEMENT_3D('',#3454,#2818,#2819);
#2467=AXIS2_PLACEMENT_3D('',#3456,#2821,#2822);
#2468=AXIS2_PLACEMENT_3D('',#3458,#2824,#2825);
#2469=AXIS2_PLACEMENT_3D('',#3460,#2827,#2828);
#2470=AXIS2_PLACEMENT_3D('',#3462,#2830,#2831);
#2471=AXIS2_PLACEMENT_3D('',#3471,#2836,#2837);
#2472=AXIS2_PLACEMENT_3D('',#3485,#2845,#2846);
#2473=AXIS2_PLACEMENT_3D('',#3491,#2849,#2850);
#2474=AXIS2_PLACEMENT_3D('',#3493,#2852,#2853);
#2475=AXIS2_PLACEMENT_3D('',#3502,#2858,#2859);
#2476=AXIS2_PLACEMENT_3D('',#3508,#2862,#2863);
#2477=AXIS2_PLACEMENT_3D('',#3512,#2866,#2867);
#2478=AXIS2_PLACEMENT_3D('',#3516,#2870,#2871);
#2479=AXIS2_PLACEMENT_3D('',#3525,#2876,#2877);
#2480=AXIS2_PLACEMENT_3D('',#3531,#2880,#2881);
#2481=AXIS2_PLACEMENT_3D('',#3535,#2884,#2885);
#2482=AXIS2_PLACEMENT_3D('',#3547,#2892,#2893);
#2483=AXIS2_PLACEMENT_3D('',#3556,#2898,#2899);
#2484=AXIS2_PLACEMENT_3D('',#3570,#2907,#2908);
#2485=AXIS2_PLACEMENT_3D('',#3576,#2911,#2912);
#2486=AXIS2_PLACEMENT_3D('',#3578,#2914,#2915);
#2487=AXIS2_PLACEMENT_3D('',#3581,#2916,#2917);
#2488=AXIS2_PLACEMENT_3D('',#3585,#2919,#2920);
#2489=AXIS2_PLACEMENT_3D('',#3587,#2922,#2923);
#2490=AXIS2_PLACEMENT_3D('',#3593,#2927,#2928);
#2491=AXIS2_PLACEMENT_3D('',#3595,#2929,#2930);
#2492=AXIS2_PLACEMENT_3D('',#3597,#2931,#2932);
#2493=AXIS2_PLACEMENT_3D('',#3599,#2934,#2935);
#2494=AXIS2_PLACEMENT_3D('',#3604,#2938,#2939);
#2495=AXIS2_PLACEMENT_3D('',#3605,#2940,#2941);
#2496=AXIS2_PLACEMENT_3D('',#3608,#2942,#2943);
#2497=AXIS2_PLACEMENT_3D('',#3612,#2945,#2946);
#2498=AXIS2_PLACEMENT_3D('',#3614,#2948,#2949);
#2499=AXIS2_PLACEMENT_3D('',#3620,#2953,#2954);
#2500=AXIS2_PLACEMENT_3D('',#3622,#2955,#2956);
#2501=AXIS2_PLACEMENT_3D('',#3624,#2957,#2958);
#2502=AXIS2_PLACEMENT_3D('',#3626,#2960,#2961);
#2503=AXIS2_PLACEMENT_3D('',#3631,#2964,#2965);
#2504=AXIS2_PLACEMENT_3D('',#3632,#2966,#2967);
#2505=AXIS2_PLACEMENT_3D('',#3644,#2974,#2975);
#2506=AXIS2_PLACEMENT_3D('',#3647,#2977,#2978);
#2507=AXIS2_PLACEMENT_3D('',#3648,#2979,#2980);
#2508=AXIS2_PLACEMENT_3D('',#3650,#2981,#2982);
#2509=AXIS2_PLACEMENT_3D('',#3652,#2983,#2984);
#2510=AXIS2_PLACEMENT_3D('',#3654,#2986,#2987);
#2511=AXIS2_PLACEMENT_3D('',#3660,#2991,#2992);
#2512=AXIS2_PLACEMENT_3D('',#3662,#2993,#2994);
#2513=AXIS2_PLACEMENT_3D('',#3664,#2995,#2996);
#2514=AXIS2_PLACEMENT_3D('',#3666,#2998,#2999);
#2515=AXIS2_PLACEMENT_3D('',#3668,#3001,#3002);
#2516=AXIS2_PLACEMENT_3D('',#3671,#3003,#3004);
#2517=AXIS2_PLACEMENT_3D('',#3675,#3006,#3007);
#2518=AXIS2_PLACEMENT_3D('',#3677,#3009,#3010);
#2519=AXIS2_PLACEMENT_3D('',#3683,#3014,#3015);
#2520=AXIS2_PLACEMENT_3D('',#3685,#3016,#3017);
#2521=AXIS2_PLACEMENT_3D('',#3687,#3018,#3019);
#2522=AXIS2_PLACEMENT_3D('',#3689,#3021,#3022);
#2523=AXIS2_PLACEMENT_3D('',#3693,#3024,#3025);
#2524=AXIS2_PLACEMENT_3D('',#3695,#3027,#3028);
#2525=AXIS2_PLACEMENT_3D('',#3698,#3031,#3032);
#2526=AXIS2_PLACEMENT_3D('',#3702,#3035,#3036);
#2527=AXIS2_PLACEMENT_3D('',#3703,#3037,#3038);
#2528=AXIS2_PLACEMENT_3D('',#3705,#3040,#3041);
#2529=AXIS2_PLACEMENT_3D('',#3709,#3044,#3045);
#2530=AXIS2_PLACEMENT_3D('',#3710,#3046,#3047);
#2531=AXIS2_PLACEMENT_3D('',#3711,#3048,#3049);
#2532=AXIS2_PLACEMENT_3D('',#3715,#3051,#3052);
#2533=AXIS2_PLACEMENT_3D('',#3717,#3054,#3055);
#2534=AXIS2_PLACEMENT_3D('',#3721,#3058,#3059);
#2535=AXIS2_PLACEMENT_3D('',#3726,#3062,#3063);
#2536=AXIS2_PLACEMENT_3D('',#3727,#3064,#3065);
#2537=AXIS2_PLACEMENT_3D('',#3731,#3068,#3069);
#2538=AXIS2_PLACEMENT_3D('',#3752,#3081,#3082);
#2539=AXIS2_PLACEMENT_3D('',#3763,#3088,#3089);
#2540=AXIS2_PLACEMENT_3D('',#3773,#3095,#3096);
#2541=AXIS2_PLACEMENT_3D('',#3779,#3100,#3101);
#2542=AXIS2_PLACEMENT_3D('',#3785,#3105,#3106);
#2543=AXIS2_PLACEMENT_3D('',#3789,#3109,#3110);
#2544=AXIS2_PLACEMENT_3D('',#3793,#3113,#3114);
#2545=AXIS2_PLACEMENT_3D('',#3797,#3117,#3118);
#2546=AXIS2_PLACEMENT_3D('',#3801,#3121,#3122);
#2547=AXIS2_PLACEMENT_3D('',#3807,#3126,#3127);
#2548=AXIS2_PLACEMENT_3D('',#3813,#3131,#3132);
#2549=AXIS2_PLACEMENT_3D('',#3815,#3134,#3135);
#2550=AXIS2_PLACEMENT_3D('',#3819,#3138,#3139);
#2551=AXIS2_PLACEMENT_3D('',#3821,#3141,#3142);
#2552=AXIS2_PLACEMENT_3D('',#3823,#3144,#3145);
#2553=AXIS2_PLACEMENT_3D('',#3824,#3146,#3147);
#2554=AXIS2_PLACEMENT_3D('',#3830,#3151,#3152);
#2555=AXIS2_PLACEMENT_3D('',#3833,#3155,#3156);
#2556=AXIS2_PLACEMENT_3D('',#3834,#3157,#3158);
#2557=AXIS2_PLACEMENT_3D('',#3841,#3163,#3164);
#2558=AXIS2_PLACEMENT_3D('',#3843,#3166,#3167);
#2559=AXIS2_PLACEMENT_3D('',#3845,#3169,#3170);
#2560=AXIS2_PLACEMENT_3D('',#3846,#3171,#3172);
#2561=AXIS2_PLACEMENT_3D('',#3852,#3176,#3177);
#2562=AXIS2_PLACEMENT_3D('',#3855,#3180,#3181);
#2563=AXIS2_PLACEMENT_3D('',#3856,#3182,#3183);
#2564=AXIS2_PLACEMENT_3D('',#3867,#3190,#3191);
#2565=AXIS2_PLACEMENT_3D('',#3872,#3195,#3196);
#2566=AXIS2_PLACEMENT_3D('',#3874,#3198,#3199);
#2567=AXIS2_PLACEMENT_3D('',#3876,#3201,#3202);
#2568=AXIS2_PLACEMENT_3D('',#3877,#3203,#3204);
#2569=AXIS2_PLACEMENT_3D('',#3881,#3207,#3208);
#2570=AXIS2_PLACEMENT_3D('',#3885,#3211,#3212);
#2571=AXIS2_PLACEMENT_3D('',#3887,#3214,#3215);
#2572=AXIS2_PLACEMENT_3D('',#3888,#3216,#3217);
#2573=AXIS2_PLACEMENT_3D('',#3892,#3220,#3221);
#2574=AXIS2_PLACEMENT_3D('',#3894,#3223,#3224);
#2575=DIRECTION('axis',(0.,0.,1.));
#2576=DIRECTION('refdir',(1.,0.,0.));
#2577=DIRECTION('center_axis',(0.,-0.0871557427476584,-0.996194698091746));
#2578=DIRECTION('ref_axis',(-6.42331451246199E-8,0.996194698091743,-0.0871557427476582));
#2579=DIRECTION('',(0.,0.0871557427476584,0.996194698091746));
#2580=DIRECTION('center_axis',(0.,-0.0871557427476584,-0.996194698091746));
#2581=DIRECTION('ref_axis',(-6.42331451246199E-8,0.996194698091743,-0.0871557427476582));
#2582=DIRECTION('',(0.,0.0871557427476584,0.996194698091746));
#2583=DIRECTION('center_axis',(0.,-0.0871557427476584,-0.996194698091746));
#2584=DIRECTION('ref_axis',(-6.42331451246199E-8,0.996194698091743,-0.0871557427476582));
#2585=DIRECTION('center_axis',(4.27607807984096E-5,0.996194697180982,-0.0871557426679769));
#2586=DIRECTION('ref_axis',(0.999999999085758,-4.2598063117639E-5,3.7268476109552E-6));
#2587=DIRECTION('',(0.,0.0871557427476584,0.996194698091746));
#2588=DIRECTION('',(0.999999999085758,-4.2598063117639E-5,3.7268476109552E-6));
#2589=DIRECTION('',(0.999999999085758,-4.2598063117639E-5,3.7268476109552E-6));
#2590=DIRECTION('center_axis',(0.999999999992291,3.91177212737298E-6,-3.42235715441823E-7));
#2591=DIRECTION('ref_axis',(3.92671446140614E-6,-0.996194698084065,0.0871557427469864));
#2592=DIRECTION('',(3.92671446140614E-6,-0.996194698084065,0.0871557427469864));
#2593=DIRECTION('',(0.,0.0871557427476584,0.996194698091746));
#2594=DIRECTION('',(3.92671446140614E-6,-0.996194698084065,0.0871557427469864));
#2595=DIRECTION('center_axis',(0.,0.0871557427476584,0.996194698091746));
#2596=DIRECTION('ref_axis',(1.,0.,0.));
#2597=DIRECTION('center_axis',(0.,-0.0871557427476584,-0.996194698091746));
#2598=DIRECTION('ref_axis',(0.999999999999998,6.39887205024738E-8,-5.59828763749533E-9));
#2599=DIRECTION('',(-0.999999999413912,-3.41067794705128E-5,2.9839565530486E-6));
#2600=DIRECTION('center_axis',(0.,-0.0871557427476584,-0.996194698091746));
#2601=DIRECTION('ref_axis',(-1.63381085679098E-7,-0.996194698091732,0.0871557427476572));
#2602=DIRECTION('',(0.,0.996194698091746,-0.0871557427476584));
#2603=DIRECTION('center_axis',(0.,-0.0871557427476584,-0.996194698091746));
#2604=DIRECTION('ref_axis',(-0.999999999999998,-6.39887167273242E-8,5.59828730721254E-9));
#2605=DIRECTION('center_axis',(0.,-0.0871557427476584,-0.996194698091746));
#2606=DIRECTION('ref_axis',(0.,-0.996194698091745,0.0871557427476583));
#2607=DIRECTION('center_axis',(0.,-0.0871557427476584,-0.996194698091746));
#2608=DIRECTION('ref_axis',(0.,0.996194698091746,-0.0871557427476584));
#2609=DIRECTION('',(-1.,0.,0.));
#2610=DIRECTION('center_axis',(0.,-0.0871557427476584,-0.996194698091746));
#2611=DIRECTION('ref_axis',(0.,-0.996194698091746,0.0871557427476584));
#2612=DIRECTION('',(1.,0.,0.));
#2613=DIRECTION('center_axis',(0.,-0.0871557427476584,-0.996194698091746));
#2614=DIRECTION('ref_axis',(0.,-0.996194698091745,0.0871557427476583));
#2615=DIRECTION('center_axis',(0.,-0.0871557427476584,-0.996194698091746));
#2616=DIRECTION('ref_axis',(0.,0.996194698091746,-0.0871557427476584));
#2617=DIRECTION('',(-1.,0.,0.));
#2618=DIRECTION('center_axis',(0.,-0.0871557427476584,-0.996194698091746));
#2619=DIRECTION('ref_axis',(0.,-0.996194698091746,0.0871557427476584));
#2620=DIRECTION('',(1.,0.,0.));
#2621=DIRECTION('center_axis',(0.,-0.0871557427476584,-0.996194698091746));
#2622=DIRECTION('ref_axis',(0.,-0.996194698091745,0.0871557427476583));
#2623=DIRECTION('center_axis',(0.,-0.0871557427476584,-0.996194698091746));
#2624=DIRECTION('ref_axis',(0.,-0.996194698091745,0.0871557427476583));
#2625=DIRECTION('center_axis',(0.,-0.0871557427476584,-0.996194698091746));
#2626=DIRECTION('ref_axis',(0.,-0.996194698091745,0.0871557427476583));
#2627=DIRECTION('center_axis',(0.,-0.0871557427476584,-0.996194698091746));
#2628=DIRECTION('ref_axis',(0.,0.996194698091746,-0.0871557427476584));
#2629=DIRECTION('',(-1.,0.,0.));
#2630=DIRECTION('center_axis',(0.,-0.0871557427476584,-0.996194698091746));
#2631=DIRECTION('ref_axis',(0.,-0.996194698091746,0.0871557427476584));
#2632=DIRECTION('',(1.,0.,0.));
#2633=DIRECTION('center_axis',(0.,-0.0871557427476584,-0.996194698091746));
#2634=DIRECTION('ref_axis',(0.,-0.996194698091745,0.0871557427476583));
#2635=DIRECTION('center_axis',(0.,-0.0871557427476584,-0.996194698091746));
#2636=DIRECTION('ref_axis',(0.,0.996194698091746,-0.0871557427476584));
#2637=DIRECTION('',(-1.,0.,0.));
#2638=DIRECTION('center_axis',(0.,-0.0871557427476584,-0.996194698091746));
#2639=DIRECTION('ref_axis',(0.,-0.996194698091746,0.0871557427476584));
#2640=DIRECTION('',(1.,0.,0.));
#2641=DIRECTION('center_axis',(0.,-0.0871557427476584,-0.996194698091746));
#2642=DIRECTION('ref_axis',(-4.736951571734E-14,-0.996194698091745,0.0871557427476583));
#2643=DIRECTION('center_axis',(0.,-0.0871557427476584,-0.996194698091746));
#2644=DIRECTION('ref_axis',(-4.736951571734E-14,-0.996194698091745,0.0871557427476583));
#2645=DIRECTION('center_axis',(0.,-0.0871557427476584,-0.996194698091746));
#2646=DIRECTION('ref_axis',(-4.736951571734E-14,-0.996194698091745,0.0871557427476583));
#2647=DIRECTION('center_axis',(0.,-0.0871557427476584,-0.996194698091746));
#2648=DIRECTION('ref_axis',(-4.736951571734E-14,-0.996194698091745,0.0871557427476583));
#2649=DIRECTION('center_axis',(0.,-0.0871557427476584,-0.996194698091746));
#2650=DIRECTION('ref_axis',(-4.736951571734E-14,-0.996194698091745,0.0871557427476583));
#2651=DIRECTION('center_axis',(0.,-0.0871557427476584,-0.996194698091746));
#2652=DIRECTION('ref_axis',(-4.736951571734E-14,-0.996194698091745,0.0871557427476583));
#2653=DIRECTION('center_axis',(0.,-0.0871557427476584,-0.996194698091746));
#2654=DIRECTION('ref_axis',(-4.736951571734E-14,-0.996194698091745,0.0871557427476583));
#2655=DIRECTION('center_axis',(0.,-0.0871557427476584,-0.996194698091746));
#2656=DIRECTION('ref_axis',(-4.736951571734E-14,-0.996194698091745,0.0871557427476583));
#2657=DIRECTION('center_axis',(0.,-0.0871557427476584,-0.996194698091746));
#2658=DIRECTION('ref_axis',(-4.736951571734E-14,-0.996194698091745,0.0871557427476583));
#2659=DIRECTION('center_axis',(0.,0.0871557427476584,0.996194698091746));
#2660=DIRECTION('ref_axis',(1.,0.,0.));
#2661=DIRECTION('center_axis',(0.,-0.0871557427476584,-0.996194698091746));
#2662=DIRECTION('ref_axis',(-0.999999999999998,-6.39887167273242E-8,5.59828730721254E-9));
#2663=DIRECTION('',(0.,0.996194698091746,-0.0871557427476584));
#2664=DIRECTION('center_axis',(0.,-0.0871557427476584,-0.996194698091746));
#2665=DIRECTION('ref_axis',(-1.63381085679098E-7,-0.996194698091732,0.0871557427476572));
#2666=DIRECTION('',(-0.999999999413912,-3.41067794705128E-5,2.9839565530486E-6));
#2667=DIRECTION('center_axis',(0.,-0.0871557427476584,-0.996194698091746));
#2668=DIRECTION('ref_axis',(0.999999999999998,6.39887205024738E-8,-5.59828763749533E-9));
#2669=DIRECTION('center_axis',(0.,-0.0871557427476584,-0.996194698091746));
#2670=DIRECTION('ref_axis',(0.,-0.996194698091745,0.0871557427476583));
#2671=DIRECTION('center_axis',(0.,-0.0871557427476584,-0.996194698091746));
#2672=DIRECTION('ref_axis',(0.,0.996194698091746,-0.0871557427476584));
#2673=DIRECTION('',(1.,0.,0.));
#2674=DIRECTION('center_axis',(0.,-0.0871557427476584,-0.996194698091746));
#2675=DIRECTION('ref_axis',(0.,-0.996194698091746,0.0871557427476584));
#2676=DIRECTION('',(-1.,0.,0.));
#2677=DIRECTION('center_axis',(0.,-0.0871557427476584,-0.996194698091746));
#2678=DIRECTION('ref_axis',(0.,-0.996194698091745,0.0871557427476583));
#2679=DIRECTION('center_axis',(0.,-0.0871557427476584,-0.996194698091746));
#2680=DIRECTION('ref_axis',(0.,0.996194698091746,-0.0871557427476584));
#2681=DIRECTION('',(1.,0.,0.));
#2682=DIRECTION('center_axis',(0.,-0.0871557427476584,-0.996194698091746));
#2683=DIRECTION('ref_axis',(0.,-0.996194698091746,0.0871557427476584));
#2684=DIRECTION('',(-1.,0.,0.));
#2685=DIRECTION('center_axis',(0.,-0.0871557427476584,-0.996194698091746));
#2686=DIRECTION('ref_axis',(0.,-0.996194698091745,0.0871557427476583));
#2687=DIRECTION('center_axis',(0.,-0.0871557427476584,-0.996194698091746));
#2688=DIRECTION('ref_axis',(0.,-0.996194698091745,0.0871557427476583));
#2689=DIRECTION('center_axis',(0.,-0.0871557427476584,-0.996194698091746));
#2690=DIRECTION('ref_axis',(0.,-0.996194698091745,0.0871557427476583));
#2691=DIRECTION('center_axis',(0.,-0.0871557427476584,-0.996194698091746));
#2692=DIRECTION('ref_axis',(0.,0.996194698091746,-0.0871557427476584));
#2693=DIRECTION('',(1.,0.,0.));
#2694=DIRECTION('center_axis',(0.,-0.0871557427476584,-0.996194698091746));
#2695=DIRECTION('ref_axis',(0.,-0.996194698091746,0.0871557427476584));
#2696=DIRECTION('',(-1.,0.,0.));
#2697=DIRECTION('center_axis',(0.,-0.0871557427476584,-0.996194698091746));
#2698=DIRECTION('ref_axis',(0.,-0.996194698091745,0.0871557427476583));
#2699=DIRECTION('center_axis',(0.,-0.0871557427476584,-0.996194698091746));
#2700=DIRECTION('ref_axis',(0.,0.996194698091746,-0.0871557427476584));
#2701=DIRECTION('',(1.,0.,0.));
#2702=DIRECTION('center_axis',(0.,-0.0871557427476584,-0.996194698091746));
#2703=DIRECTION('ref_axis',(0.,-0.996194698091746,0.0871557427476584));
#2704=DIRECTION('',(-1.,0.,0.));
#2705=DIRECTION('center_axis',(0.,-0.0871557427476584,-0.996194698091746));
#2706=DIRECTION('ref_axis',(-4.736951571734E-14,-0.996194698091745,0.0871557427476583));
#2707=DIRECTION('center_axis',(0.,-0.0871557427476584,-0.996194698091746));
#2708=DIRECTION('ref_axis',(-4.736951571734E-14,-0.996194698091745,0.0871557427476583));
#2709=DIRECTION('center_axis',(0.,-0.0871557427476584,-0.996194698091746));
#2710=DIRECTION('ref_axis',(-4.736951571734E-14,-0.996194698091745,0.0871557427476583));
#2711=DIRECTION('center_axis',(0.,-0.0871557427476584,-0.996194698091746));
#2712=DIRECTION('ref_axis',(-4.736951571734E-14,-0.996194698091745,0.0871557427476583));
#2713=DIRECTION('center_axis',(0.,-0.0871557427476584,-0.996194698091746));
#2714=DIRECTION('ref_axis',(-4.736951571734E-14,-0.996194698091745,0.0871557427476583));
#2715=DIRECTION('center_axis',(0.,-0.0871557427476584,-0.996194698091746));
#2716=DIRECTION('ref_axis',(-4.736951571734E-14,-0.996194698091745,0.0871557427476583));
#2717=DIRECTION('center_axis',(0.,-0.0871557427476584,-0.996194698091746));
#2718=DIRECTION('ref_axis',(-4.736951571734E-14,-0.996194698091745,0.0871557427476583));
#2719=DIRECTION('center_axis',(0.,-0.0871557427476584,-0.996194698091746));
#2720=DIRECTION('ref_axis',(-4.736951571734E-14,-0.996194698091745,0.0871557427476583));
#2721=DIRECTION('center_axis',(0.,-0.0871557427476584,-0.996194698091746));
#2722=DIRECTION('ref_axis',(-4.736951571734E-14,-0.996194698091745,0.0871557427476583));
#2723=DIRECTION('center_axis',(0.,-0.0871557427476584,-0.996194698091746));
#2724=DIRECTION('ref_axis',(-0.999999999999998,-6.39887167273242E-8,5.59828730721254E-9));
#2725=DIRECTION('',(0.,0.0871557427476584,0.996194698091746));
#2726=DIRECTION('center_axis',(0.,-0.0871557427476584,-0.996194698091746));
#2727=DIRECTION('ref_axis',(0.999999999999998,6.39887205024738E-8,-5.59828763749533E-9));
#2728=DIRECTION('',(0.,0.0871557427476584,0.996194698091746));
#2729=DIRECTION('center_axis',(-1.,0.,0.));
#2730=DIRECTION('ref_axis',(0.,0.996194698091746,-0.0871557427476584));
#2731=DIRECTION('',(0.,0.0871557427476584,0.996194698091746));
#2732=DIRECTION('center_axis',(3.4237061827217E-5,-0.996194697507888,0.0871557426965774));
#2733=DIRECTION('ref_axis',(-0.999999999413912,-3.41067794705128E-5,2.9839565530486E-6));
#2734=DIRECTION('',(0.,0.0871557427476584,0.996194698091746));
#2735=DIRECTION('center_axis',(0.,-0.0871557427476584,-0.996194698091746));
#2736=DIRECTION('ref_axis',(-1.63381085679098E-7,-0.996194698091732,0.0871557427476572));
#2737=DIRECTION('center_axis',(0.,-0.0871557427476584,-0.996194698091746));
#2738=DIRECTION('ref_axis',(0.,-0.996194698091745,0.0871557427476583));
#2739=DIRECTION('',(0.,-0.0871557427476583,-0.996194698091745));
#2740=DIRECTION('center_axis',(0.,-0.0871557427476584,-0.996194698091746));
#2741=DIRECTION('ref_axis',(0.,0.996194698091746,-0.0871557427476584));
#2742=DIRECTION('',(0.,0.0871557427476584,0.996194698091746));
#2743=DIRECTION('',(0.,0.0871557427476584,0.996194698091746));
#2744=DIRECTION('center_axis',(0.,0.996194698091746,-0.0871557427476584));
#2745=DIRECTION('ref_axis',(1.,0.,0.));
#2746=DIRECTION('',(0.,0.0871557427476584,0.996194698091746));
#2747=DIRECTION('center_axis',(0.,-0.0871557427476584,-0.996194698091746));
#2748=DIRECTION('ref_axis',(0.,-0.996194698091746,0.0871557427476584));
#2749=DIRECTION('',(0.,0.0871557427476584,0.996194698091746));
#2750=DIRECTION('center_axis',(0.,-0.996194698091746,0.0871557427476584));
#2751=DIRECTION('ref_axis',(-1.,0.,0.));
#2752=DIRECTION('center_axis',(0.,-0.0871557427476584,-0.996194698091746));
#2753=DIRECTION('ref_axis',(0.,-0.996194698091745,0.0871557427476583));
#2754=DIRECTION('',(0.,-0.0871557427476583,-0.996194698091745));
#2755=DIRECTION('center_axis',(0.,-0.0871557427476584,-0.996194698091746));
#2756=DIRECTION('ref_axis',(0.,0.996194698091746,-0.0871557427476584));
#2757=DIRECTION('',(0.,0.0871557427476584,0.996194698091746));
#2758=DIRECTION('',(0.,0.0871557427476584,0.996194698091746));
#2759=DIRECTION('center_axis',(0.,0.996194698091746,-0.0871557427476584));
#2760=DIRECTION('ref_axis',(1.,0.,0.));
#2761=DIRECTION('',(0.,0.0871557427476584,0.996194698091746));
#2762=DIRECTION('center_axis',(0.,-0.0871557427476584,-0.996194698091746));
#2763=DIRECTION('ref_axis',(0.,-0.996194698091746,0.0871557427476584));
#2764=DIRECTION('',(0.,0.0871557427476584,0.996194698091746));
#2765=DIRECTION('center_axis',(0.,-0.996194698091746,0.0871557427476584));
#2766=DIRECTION('ref_axis',(-1.,0.,0.));
#2767=DIRECTION('center_axis',(0.,-0.0871557427476584,-0.996194698091746));
#2768=DIRECTION('ref_axis',(0.,-0.996194698091745,0.0871557427476583));
#2769=DIRECTION('',(0.,-0.0871557427476583,-0.996194698091745));
#2770=DIRECTION('center_axis',(0.,-0.0871557427476584,-0.996194698091746));
#2771=DIRECTION('ref_axis',(0.,-0.996194698091745,0.0871557427476583));
#2772=DIRECTION('',(0.,-0.0871557427476583,-0.996194698091745));
#2773=DIRECTION('center_axis',(0.,-0.0871557427476584,-0.996194698091746));
#2774=DIRECTION('ref_axis',(0.,-0.996194698091745,0.0871557427476583));
#2775=DIRECTION('',(0.,-0.0871557427476583,-0.996194698091745));
#2776=DIRECTION('center_axis',(0.,-0.0871557427476584,-0.996194698091746));
#2777=DIRECTION('ref_axis',(0.,0.996194698091746,-0.0871557427476584));
#2778=DIRECTION('',(0.,0.0871557427476584,0.996194698091746));
#2779=DIRECTION('',(0.,0.0871557427476584,0.996194698091746));
#2780=DIRECTION('center_axis',(0.,0.996194698091746,-0.0871557427476584));
#2781=DIRECTION('ref_axis',(1.,0.,0.));
#2782=DIRECTION('',(0.,0.0871557427476584,0.996194698091746));
#2783=DIRECTION('center_axis',(0.,-0.0871557427476584,-0.996194698091746));
#2784=DIRECTION('ref_axis',(0.,-0.996194698091746,0.0871557427476584));
#2785=DIRECTION('',(0.,0.0871557427476584,0.996194698091746));
#2786=DIRECTION('center_axis',(0.,-0.996194698091746,0.0871557427476584));
#2787=DIRECTION('ref_axis',(-1.,0.,0.));
#2788=DIRECTION('center_axis',(0.,-0.0871557427476584,-0.996194698091746));
#2789=DIRECTION('ref_axis',(0.,-0.996194698091745,0.0871557427476583));
#2790=DIRECTION('',(0.,-0.0871557427476583,-0.996194698091745));
#2791=DIRECTION('center_axis',(0.,-0.0871557427476584,-0.996194698091746));
#2792=DIRECTION('ref_axis',(0.,0.996194698091746,-0.0871557427476584));
#2793=DIRECTION('',(0.,0.0871557427476584,0.996194698091746));
#2794=DIRECTION('',(0.,0.0871557427476584,0.996194698091746));
#2795=DIRECTION('center_axis',(0.,0.996194698091746,-0.0871557427476584));
#2796=DIRECTION('ref_axis',(1.,0.,0.));
#2797=DIRECTION('',(0.,0.0871557427476584,0.996194698091746));
#2798=DIRECTION('center_axis',(0.,-0.0871557427476584,-0.996194698091746));
#2799=DIRECTION('ref_axis',(0.,-0.996194698091746,0.0871557427476584));
#2800=DIRECTION('',(0.,0.0871557427476584,0.996194698091746));
#2801=DIRECTION('center_axis',(0.,-0.996194698091746,0.0871557427476584));
#2802=DIRECTION('ref_axis',(-1.,0.,0.));
#2803=DIRECTION('center_axis',(0.,-0.0871557427476584,-0.996194698091746));
#2804=DIRECTION('ref_axis',(-4.736951571734E-14,-0.996194698091745,0.0871557427476583));
#2805=DIRECTION('',(0.,-0.0871557427476583,-0.996194698091745));
#2806=DIRECTION('center_axis',(0.,-0.0871557427476584,-0.996194698091746));
#2807=DIRECTION('ref_axis',(-4.736951571734E-14,-0.996194698091745,0.0871557427476583));
#2808=DIRECTION('',(0.,-0.0871557427476583,-0.996194698091745));
#2809=DIRECTION('center_axis',(0.,-0.0871557427476584,-0.996194698091746));
#2810=DIRECTION('ref_axis',(-4.736951571734E-14,-0.996194698091745,0.0871557427476583));
#2811=DIRECTION('',(0.,-0.0871557427476583,-0.996194698091745));
#2812=DIRECTION('center_axis',(0.,-0.0871557427476584,-0.996194698091746));
#2813=DIRECTION('ref_axis',(-4.736951571734E-14,-0.996194698091745,0.0871557427476583));
#2814=DIRECTION('',(0.,-0.0871557427476583,-0.996194698091745));
#2815=DIRECTION('center_axis',(0.,-0.0871557427476584,-0.996194698091746));
#2816=DIRECTION('ref_axis',(-4.736951571734E-14,-0.996194698091745,0.0871557427476583));
#2817=DIRECTION('',(0.,-0.0871557427476583,-0.996194698091745));
#2818=DIRECTION('center_axis',(0.,-0.0871557427476584,-0.996194698091746));
#2819=DIRECTION('ref_axis',(-4.736951571734E-14,-0.996194698091745,0.0871557427476583));
#2820=DIRECTION('',(0.,-0.0871557427476583,-0.996194698091745));
#2821=DIRECTION('center_axis',(0.,-0.0871557427476584,-0.996194698091746));
#2822=DIRECTION('ref_axis',(-4.736951571734E-14,-0.996194698091745,0.0871557427476583));
#2823=DIRECTION('',(0.,-0.0871557427476583,-0.996194698091745));
#2824=DIRECTION('center_axis',(0.,-0.0871557427476584,-0.996194698091746));
#2825=DIRECTION('ref_axis',(-4.736951571734E-14,-0.996194698091745,0.0871557427476583));
#2826=DIRECTION('',(0.,-0.0871557427476583,-0.996194698091745));
#2827=DIRECTION('center_axis',(0.,-0.0871557427476584,-0.996194698091746));
#2828=DIRECTION('ref_axis',(-4.736951571734E-14,-0.996194698091745,0.0871557427476583));
#2829=DIRECTION('',(0.,-0.0871557427476583,-0.996194698091745));
#2830=DIRECTION('center_axis',(-0.707106781186548,0.704416026402758,-0.0616284167162194));
#2831=DIRECTION('ref_axis',(-0.0868265938642477,0.,0.996223440096615));
#2832=DIRECTION('',(0.707106781186547,0.704416026402759,-0.0616284167162195));
#2833=DIRECTION('',(0.,-0.0871557427476583,-0.996194698091746));
#2834=DIRECTION('',(-0.707106781186547,-0.704416026402759,0.0616284167162195));
#2835=DIRECTION('',(0.,0.0871557427476583,0.996194698091746));
#2836=DIRECTION('center_axis',(-1.,0.,0.));
#2837=DIRECTION('ref_axis',(0.,0.,1.));
#2838=DIRECTION('',(0.,-0.996194698091746,0.0871557427476584));
#2839=DIRECTION('',(0.,-0.0871557427476584,-0.996194698091746));
#2840=DIRECTION('',(0.,0.996194698091746,-0.0871557427476584));
#2841=DIRECTION('',(0.,0.0871557427476583,0.996194698091746));
#2842=DIRECTION('',(0.,-0.996194698091746,0.0871557427476583));
#2843=DIRECTION('',(0.,-0.0871557427476583,-0.996194698091746));
#2844=DIRECTION('',(0.,-0.996194698091746,0.0871557427476584));
#2845=DIRECTION('center_axis',(0.,0.0871557427476584,0.996194698091746));
#2846=DIRECTION('ref_axis',(1.,0.,0.));
#2847=DIRECTION('',(-1.,1.52354852682528E-56,-1.33293224428834E-57));
#2848=DIRECTION('',(3.92671446140614E-6,-0.996194698084065,0.0871557427469864));
#2849=DIRECTION('center_axis',(0.,-0.0871557427476584,-0.996194698091746));
#2850=DIRECTION('ref_axis',(0.999999999999998,6.39887205024738E-8,-5.59828763749533E-9));
#2851=DIRECTION('',(-0.999999999413912,-3.41067794705128E-5,2.9839565530486E-6));
#2852=DIRECTION('center_axis',(-0.707106781186547,-0.704416026402759,0.0616284167162185));
#2853=DIRECTION('ref_axis',(0.0868265938642464,0.,0.996223440096615));
#2854=DIRECTION('',(-0.707106781186548,0.704416026402759,-0.0616284167162185));
#2855=DIRECTION('',(0.,-0.0871557427476569,-0.996194698091746));
#2856=DIRECTION('',(0.707106781186548,-0.704416026402758,0.0616284167162195));
#2857=DIRECTION('',(0.,0.0871557427476569,0.996194698091746));
#2858=DIRECTION('center_axis',(0.,0.0871557427476584,0.996194698091746));
#2859=DIRECTION('ref_axis',(1.,0.,0.));
#2860=DIRECTION('',(0.,-0.996194698091746,0.0871557427476584));
#2861=DIRECTION('',(-1.,0.,0.));
#2862=DIRECTION('center_axis',(0.,-0.0871557427476584,-0.996194698091746));
#2863=DIRECTION('ref_axis',(-6.42331451246199E-8,0.996194698091743,-0.0871557427476582));
#2864=DIRECTION('',(3.92671446140614E-6,-0.996194698084065,0.0871557427469864));
#2865=DIRECTION('',(1.,-5.86196702402275E-47,5.1285566056479E-48));
#2866=DIRECTION('center_axis',(-1.,0.,0.));
#2867=DIRECTION('ref_axis',(0.,-0.996194698091746,0.0871557427476584));
#2868=DIRECTION('',(0.,0.996194698091746,-0.0871557427476569));
#2869=DIRECTION('',(0.,0.0871557427476569,0.996194698091746));
#2870=DIRECTION('center_axis',(0.707106781186549,-0.704416026402758,0.0616284167162184));
#2871=DIRECTION('ref_axis',(0.0868265938642462,0.,-0.996223440096615));
#2872=DIRECTION('',(-0.707106781186547,-0.70441602640276,0.0616284167162186));
#2873=DIRECTION('',(0.,-0.0871557427476569,-0.996194698091746));
#2874=DIRECTION('',(0.707106781186547,0.70441602640276,-0.0616284167162196));
#2875=DIRECTION('',(0.,0.0871557427476569,0.996194698091746));
#2876=DIRECTION('center_axis',(0.,0.0871557427476584,0.996194698091746));
#2877=DIRECTION('ref_axis',(1.,0.,0.));
#2878=DIRECTION('',(1.,0.,0.));
#2879=DIRECTION('',(0.,0.996194698091746,-0.0871557427476584));
#2880=DIRECTION('center_axis',(0.,-0.0871557427476584,-0.996194698091746));
#2881=DIRECTION('ref_axis',(-0.999999999999998,-6.39887167273242E-8,5.59828730721254E-9));
#2882=DIRECTION('',(-1.,0.,0.));
#2883=DIRECTION('',(0.,0.996194698091746,-0.0871557427476584));
#2884=DIRECTION('center_axis',(0.,-0.996194698091746,0.0871557427476569));
#2885=DIRECTION('ref_axis',(1.,0.,0.));
#2886=DIRECTION('',(-1.,0.,0.));
#2887=DIRECTION('',(0.,0.0871557427476569,0.996194698091746));
#2888=DIRECTION('',(1.,-1.55380925826071E-25,-1.7760121090435E-24));
#2889=DIRECTION('',(0.,-0.0871557427476569,-0.996194698091746));
#2890=DIRECTION('',(-1.,0.,0.));
#2891=DIRECTION('',(0.,0.0871557427476569,0.996194698091746));
#2892=DIRECTION('center_axis',(0.707106781186548,0.704416026402759,-0.0616284167162195));
#2893=DIRECTION('ref_axis',(-0.0868265938642478,0.,-0.996223440096615));
#2894=DIRECTION('',(0.707106781186547,-0.704416026402759,0.0616284167162196));
#2895=DIRECTION('',(0.,-0.0871557427476584,-0.996194698091746));
#2896=DIRECTION('',(-0.707106781186547,0.704416026402759,-0.0616284167162195));
#2897=DIRECTION('',(0.,0.0871557427476584,0.996194698091746));
#2898=DIRECTION('center_axis',(0.,0.996194698091746,-0.0871557427476585));
#2899=DIRECTION('ref_axis',(-1.,0.,0.));
#2900=DIRECTION('',(-1.,0.,0.));
#2901=DIRECTION('',(0.,-0.0871557427476584,-0.996194698091746));
#2902=DIRECTION('',(1.,0.,0.));
#2903=DIRECTION('',(0.,0.0871557427476584,0.996194698091746));
#2904=DIRECTION('',(-1.,1.55380925826074E-25,1.7760121090435E-24));
#2905=DIRECTION('',(0.,-0.0871557427476584,-0.996194698091746));
#2906=DIRECTION('',(-1.,0.,0.));
#2907=DIRECTION('center_axis',(0.,0.0871557427476584,0.996194698091746));
#2908=DIRECTION('ref_axis',(1.,0.,0.));
#2909=DIRECTION('',(0.,0.996194698091746,-0.0871557427476584));
#2910=DIRECTION('',(-0.999999999413912,-3.41067794705128E-5,2.9839565530486E-6));
#2911=DIRECTION('center_axis',(0.,-0.0871557427476584,-0.996194698091746));
#2912=DIRECTION('ref_axis',(-1.63381085679098E-7,-0.996194698091732,0.0871557427476572));
#2913=DIRECTION('',(0.,0.996194698091746,-0.0871557427476584));
#2914=DIRECTION('center_axis',(0.,0.0871557427476687,0.996194698091745));
#2915=DIRECTION('ref_axis',(-1.,0.,0.));
#2916=DIRECTION('center_axis',(-1.78279618677506E-24,-0.0871557427476583,
-0.996194698091746));
#2917=DIRECTION('ref_axis',(-1.,0.,0.));
#2918=DIRECTION('',(0.,-0.0871557427476687,-0.996194698091745));
#2919=DIRECTION('center_axis',(0.,-0.0871557427476584,-0.996194698091746));
#2920=DIRECTION('ref_axis',(-1.,0.,0.));
#2921=DIRECTION('',(0.,0.0871557427476687,0.996194698091745));
#2922=DIRECTION('center_axis',(-1.,2.30419428784804E-15,-2.01590878747918E-16));
#2923=DIRECTION('ref_axis',(-2.31299593569593E-15,-0.996194698091746,0.0871557427476583));
#2924=DIRECTION('',(-2.31299593569593E-15,-0.996194698091746,0.0871557427476583));
#2925=DIRECTION('',(-2.31299593569593E-15,-0.996194698091746,0.0871557427476583));
#2926=DIRECTION('',(0.,0.0871557427476687,0.996194698091745));
#2927=DIRECTION('center_axis',(0.,0.0871557427476687,0.996194698091745));
#2928=DIRECTION('ref_axis',(-1.02695629777827E-14,0.996194698091745,-0.0871557427476687));
#2929=DIRECTION('center_axis',(-1.78279618677506E-24,-0.0871557427476583,
-0.996194698091746));
#2930=DIRECTION('ref_axis',(-1.02695629777827E-14,0.996194698091745,-0.0871557427476687));
#2931=DIRECTION('center_axis',(9.25129519950592E-18,-0.0871557427476584,
-0.996194698091746));
#2932=DIRECTION('ref_axis',(-1.02695629777827E-14,0.996194698091746,-0.0871557427476583));
#2933=DIRECTION('',(0.,0.0871557427476687,0.996194698091745));
#2934=DIRECTION('center_axis',(0.,-0.0871557427476584,-0.996194698091746));
#2935=DIRECTION('ref_axis',(-1.,0.,0.));
#2936=DIRECTION('',(1.,0.,0.));
#2937=DIRECTION('',(0.,-0.996194698091746,0.0871557427476583));
#2938=DIRECTION('center_axis',(0.,-0.0871557427476584,-0.996194698091746));
#2939=DIRECTION('ref_axis',(2.7755575615629E-16,0.996194698091746,-0.0871557427476569));
#2940=DIRECTION('center_axis',(0.,0.0871557427476687,0.996194698091745));
#2941=DIRECTION('ref_axis',(-1.,9.58150147332653E-32,-7.70371977754897E-33));
#2942=DIRECTION('center_axis',(-1.78279618677506E-24,-0.0871557427476583,
-0.996194698091746));
#2943=DIRECTION('ref_axis',(-1.,9.58150147332653E-32,-7.70371977754897E-33));
#2944=DIRECTION('',(0.,-0.0871557427476687,-0.996194698091745));
#2945=DIRECTION('center_axis',(9.25129519950494E-18,-0.0871557427476584,
-0.996194698091746));
#2946=DIRECTION('ref_axis',(-1.,-8.063035044907E-19,-9.21609122822844E-18));
#2947=DIRECTION('',(0.,0.0871557427476687,0.996194698091745));
#2948=DIRECTION('center_axis',(1.,2.25811040209108E-15,-1.97559061172959E-16));
#2949=DIRECTION('ref_axis',(-2.26673601698201E-15,0.996194698091746,-0.0871557427476583));
#2950=DIRECTION('',(-2.26673601698201E-15,0.996194698091746,-0.0871557427476583));
#2951=DIRECTION('',(-2.26673601698201E-15,0.996194698091746,-0.0871557427476583));
#2952=DIRECTION('',(0.,0.0871557427476687,0.996194698091745));
#2953=DIRECTION('center_axis',(0.,0.0871557427476687,0.996194698091745));
#2954=DIRECTION('ref_axis',(-1.,0.,0.));
#2955=DIRECTION('center_axis',(-1.78279618677506E-24,-0.0871557427476583,
-0.996194698091746));
#2956=DIRECTION('ref_axis',(-1.,0.,0.));
#2957=DIRECTION('center_axis',(0.,-0.0871557427476584,-0.996194698091746));
#2958=DIRECTION('ref_axis',(-1.,0.,0.));
#2959=DIRECTION('',(0.,0.0871557427476687,0.996194698091745));
#2960=DIRECTION('center_axis',(0.,-0.0871557427476584,-0.996194698091746));
#2961=DIRECTION('ref_axis',(-1.,0.,0.));
#2962=DIRECTION('',(1.01770443923972E-15,0.996194698091746,-0.0871557427476583));
#2963=DIRECTION('',(1.,0.,0.));
#2964=DIRECTION('center_axis',(0.,-0.0871557427476584,-0.996194698091746));
#2965=DIRECTION('ref_axis',(-1.,0.,0.));
#2966=DIRECTION('center_axis',(-1.,4.07250847454963E-14,4.53812999770728E-13));
#2967=DIRECTION('ref_axis',(-1.01770443923972E-15,-0.996194698091746,0.0871557427476583));
#2968=DIRECTION('',(0.,0.0871557427476569,0.996194698091746));
#2969=DIRECTION('',(-1.01770443923972E-15,-0.996194698091746,0.0871557427476583));
#2970=DIRECTION('',(0.,0.0871557427476569,0.996194698091746));
#2971=DIRECTION('',(-1.01770443924018E-15,-0.996194698091746,0.0871557427476583));
#2972=DIRECTION('',(4.55635529306165E-13,0.0871557427476546,0.996194698091746));
#2973=DIRECTION('',(-1.01770443923973E-15,-0.996194698091746,0.0871557427476583));
#2974=DIRECTION('center_axis',(0.,0.0871557427476569,0.996194698091746));
#2975=DIRECTION('ref_axis',(-1.,0.,0.));
#2976=DIRECTION('',(0.,0.0871557427476569,0.996194698091746));
#2977=DIRECTION('center_axis',(0.,0.0871557427476584,0.996194698091746));
#2978=DIRECTION('ref_axis',(-1.,0.,0.));
#2979=DIRECTION('center_axis',(0.,0.0871557427476569,0.996194698091746));
#2980=DIRECTION('ref_axis',(-1.,0.,0.));
#2981=DIRECTION('center_axis',(4.01521947415704E-29,0.0871557427476584,
0.996194698091746));
#2982=DIRECTION('ref_axis',(-1.,-4.60694768649071E-28,0.));
#2983=DIRECTION('center_axis',(0.,-0.0871557427476584,-0.996194698091746));
#2984=DIRECTION('ref_axis',(-1.,0.,0.));
#2985=DIRECTION('',(0.,0.0871557427476569,0.996194698091746));
#2986=DIRECTION('center_axis',(1.,2.25811040209108E-15,-1.97559061172933E-16));
#2987=DIRECTION('ref_axis',(-2.26673601698201E-15,0.996194698091746,-0.0871557427476583));
#2988=DIRECTION('',(2.26673601698155E-15,-0.996194698091746,0.0871557427476583));
#2989=DIRECTION('',(-2.26673601698201E-15,0.996194698091746,-0.0871557427476583));
#2990=DIRECTION('',(0.,0.0871557427476569,0.996194698091746));
#2991=DIRECTION('center_axis',(0.,0.0871557427476569,0.996194698091746));
#2992=DIRECTION('ref_axis',(-1.,-1.28796565030897E-32,1.92592994438724E-33));
#2993=DIRECTION('center_axis',(-9.25129519946479E-18,0.0871557427476584,
0.996194698091746));
#2994=DIRECTION('ref_axis',(-1.,-8.06303504951394E-19,-9.21609122822844E-18));
#2995=DIRECTION('center_axis',(9.25129519950494E-18,-0.0871557427476584,
-0.996194698091746));
#2996=DIRECTION('ref_axis',(-1.,-8.063035044907E-19,-9.21609122822844E-18));
#2997=DIRECTION('',(0.,0.0871557427476569,0.996194698091746));
#2998=DIRECTION('center_axis',(0.,-0.0871557427476584,-0.996194698091746));
#2999=DIRECTION('ref_axis',(-1.,0.,0.));
#3000=DIRECTION('',(-1.,0.,0.));
#3001=DIRECTION('center_axis',(0.,0.0871557427476569,0.996194698091746));
#3002=DIRECTION('ref_axis',(-1.02695629777827E-14,0.996194698091746,-0.0871557427476569));
#3003=DIRECTION('center_axis',(-9.25129519946577E-18,0.0871557427476584,
0.996194698091746));
#3004=DIRECTION('ref_axis',(-1.02695629777823E-14,0.996194698091746,-0.0871557427476583));
#3005=DIRECTION('',(0.,0.0871557427476569,0.996194698091746));
#3006=DIRECTION('center_axis',(9.25129519950592E-18,-0.0871557427476584,
-0.996194698091746));
#3007=DIRECTION('ref_axis',(-1.02695629777827E-14,0.996194698091746,-0.0871557427476583));
#3008=DIRECTION('',(0.,0.0871557427476569,0.996194698091746));
#3009=DIRECTION('center_axis',(-1.,2.30419428784804E-15,-2.01590878747891E-16));
#3010=DIRECTION('ref_axis',(-2.31299593569593E-15,-0.996194698091746,0.0871557427476583));
#3011=DIRECTION('',(2.31299593569639E-15,0.996194698091746,-0.0871557427476583));
#3012=DIRECTION('',(-2.31299593569593E-15,-0.996194698091746,0.0871557427476583));
#3013=DIRECTION('',(0.,0.0871557427476569,0.996194698091746));
#3014=DIRECTION('center_axis',(0.,0.0871557427476569,0.996194698091746));
#3015=DIRECTION('ref_axis',(-1.,0.,0.));
#3016=DIRECTION('center_axis',(4.01521947415704E-29,0.0871557427476584,
0.996194698091746));
#3017=DIRECTION('ref_axis',(-1.,-4.60694768649071E-28,0.));
#3018=DIRECTION('center_axis',(0.,-0.0871557427476584,-0.996194698091746));
#3019=DIRECTION('ref_axis',(-1.,0.,0.));
#3020=DIRECTION('',(0.,0.0871557427476569,0.996194698091746));
#3021=DIRECTION('center_axis',(0.,0.0871557427476569,0.996194698091746));
#3022=DIRECTION('ref_axis',(2.7755575615629E-16,0.996194698091746,-0.0871557427476569));
#3023=DIRECTION('',(0.,0.0871557427476569,0.996194698091746));
#3024=DIRECTION('center_axis',(0.,0.0871557427476584,0.996194698091746));
#3025=DIRECTION('ref_axis',(2.7755575615629E-16,0.996194698091746,-0.0871557427476583));
#3026=DIRECTION('',(0.,0.0871557427476569,0.996194698091746));
#3027=DIRECTION('center_axis',(0.,-0.0871557427476584,-0.996194698091746));
#3028=DIRECTION('ref_axis',(-1.,0.,0.));
#3029=DIRECTION('',(-1.,0.,0.));
#3030=DIRECTION('',(0.,0.996194698091746,-0.0871557427476583));
#3031=DIRECTION('center_axis',(-4.55805951223663E-13,-0.0871557427476583,
-0.996194698091746));
#3032=DIRECTION('ref_axis',(-1.,3.97261062277008E-14,4.54071471967678E-13));
#3033=DIRECTION('',(-1.,-4.60694768649071E-28,0.));
#3034=DIRECTION('',(4.58941685966808E-28,0.996194698091746,-0.0871557427476583));
#3035=DIRECTION('center_axis',(4.01521947415704E-29,0.0871557427476584,
0.996194698091746));
#3036=DIRECTION('ref_axis',(-1.,-4.60694768649071E-28,0.));
#3037=DIRECTION('center_axis',(0.,0.996194698091746,-0.0871557427476546));
#3038=DIRECTION('ref_axis',(-1.,0.,0.));
#3039=DIRECTION('',(-1.,1.55380925826067E-25,1.7760121090435E-24));
#3040=DIRECTION('center_axis',(1.,-3.97112529789012E-14,-4.53901698557027E-13));
#3041=DIRECTION('ref_axis',(0.,0.996194698091746,-0.0871557427476583));
#3042=DIRECTION('',(6.31088724176809E-30,0.996194698091746,-0.0871557427476583));
#3043=DIRECTION('',(4.55635529306165E-13,0.0871557427476546,0.996194698091746));
#3044=DIRECTION('center_axis',(4.55635529306165E-13,0.0871557427476546,
0.996194698091746));
#3045=DIRECTION('ref_axis',(-1.,3.97112529788995E-14,4.53901698557027E-13));
#3046=DIRECTION('center_axis',(1.78279618677506E-24,0.0871557427476583,
0.996194698091746));
#3047=DIRECTION('ref_axis',(-1.,3.97112529788995E-14,4.53901698557027E-13));
#3048=DIRECTION('center_axis',(0.,-0.0871557427476584,-0.996194698091746));
#3049=DIRECTION('ref_axis',(-6.42331451246199E-8,0.996194698091743,-0.0871557427476582));
#3050=DIRECTION('',(0.,0.0871557427476583,0.996194698091746));
#3051=DIRECTION('center_axis',(0.,-0.0871557427476584,-0.996194698091746));
#3052=DIRECTION('ref_axis',(-6.42331451246199E-8,0.996194698091743,-0.0871557427476582));
#3053=DIRECTION('',(0.,0.0871557427476584,0.996194698091746));
#3054=DIRECTION('center_axis',(0.999999999992291,3.91177212737298E-6,-3.42235715441823E-7));
#3055=DIRECTION('ref_axis',(3.92671446140614E-6,-0.996194698084065,0.0871557427469864));
#3056=DIRECTION('',(-5.5057141571954E-21,-0.087155742747657,-0.996194698091746));
#3057=DIRECTION('',(3.92671446140614E-6,-0.996194698084065,0.0871557427469864));
#3058=DIRECTION('center_axis',(0.,-0.0871557427476584,-0.996194698091746));
#3059=DIRECTION('ref_axis',(-0.999999999999998,-6.39887167273242E-8,5.59828730721254E-9));
#3060=DIRECTION('',(0.,-0.0871557427476583,-0.996194698091746));
#3061=DIRECTION('',(0.,0.0871557427476584,0.996194698091746));
#3062=DIRECTION('center_axis',(0.,-0.0871557427476584,-0.996194698091746));
#3063=DIRECTION('ref_axis',(-0.999999999999998,-6.39887167273242E-8,5.59828730721254E-9));
#3064=DIRECTION('center_axis',(1.,0.,0.));
#3065=DIRECTION('ref_axis',(0.,0.996194698091746,-0.0871557427476584));
#3066=DIRECTION('',(0.,-0.0871557427476569,-0.996194698091746));
#3067=DIRECTION('',(0.,0.996194698091746,-0.0871557427476584));
#3068=DIRECTION('center_axis',(0.,0.0871557427476584,0.996194698091746));
#3069=DIRECTION('ref_axis',(1.,0.,0.));
#3070=DIRECTION('',(0.434064671523609,-0.897453586163257,0.0785170148299712));
#3071=DIRECTION('',(0.434063797934621,0.897454005475466,-0.0785170515150359));
#3072=DIRECTION('',(-1.,5.86196702402275E-47,-5.1285566056479E-48));
#3073=DIRECTION('',(-1.,0.,0.));
#3074=DIRECTION('',(-0.999999999175998,4.04411236459463E-5,-3.53813985926814E-6));
#3075=DIRECTION('',(0.,-0.996194698091746,0.0871557427476584));
#3076=DIRECTION('',(1.,0.,0.));
#3077=DIRECTION('',(0.,0.996194698091746,-0.0871557427476584));
#3078=DIRECTION('',(0.434064671523609,-0.897453586163257,0.0785170148299713));
#3079=DIRECTION('',(0.434063797934621,0.897454005475466,-0.0785170515150359));
#3080=DIRECTION('',(0.,0.996194698091746,-0.0871557427476584));
#3081=DIRECTION('center_axis',(0.,-0.0871557427476584,-0.996194698091746));
#3082=DIRECTION('ref_axis',(-1.63381085679098E-7,-0.996194698091732,0.0871557427476572));
#3083=DIRECTION('',(-0.999999999413912,-3.41067794705128E-5,2.9839565530486E-6));
#3084=DIRECTION('',(0.,-0.996194698091746,0.0871557427476584));
#3085=DIRECTION('',(0.434063797934621,0.897454005475466,-0.0785170515150359));
#3086=DIRECTION('',(0.434064671523609,-0.897453586163257,0.0785170148299713));
#3087=DIRECTION('',(-0.999999999413912,-3.41067794705128E-5,2.9839565530486E-6));
#3088=DIRECTION('center_axis',(0.,-0.0871557427476584,-0.996194698091746));
#3089=DIRECTION('ref_axis',(0.999999999999998,6.39887205024738E-8,-5.59828763749533E-9));
#3090=DIRECTION('',(3.92671446140614E-6,-0.996194698084065,0.0871557427469864));
#3091=DIRECTION('',(1.,-1.52354852682528E-56,1.33293224428834E-57));
#3092=DIRECTION('',(0.434063797934621,0.897454005475466,-0.0785170515150359));
#3093=DIRECTION('',(0.434064671523609,-0.897453586163257,0.0785170148299712));
#3094=DIRECTION('',(0.999999999175998,-4.04411236459463E-5,3.53813985926814E-6));
#3095=DIRECTION('center_axis',(4.0595602168344E-5,0.99619469727088,-0.0871557426758407));
#3096=DIRECTION('ref_axis',(-0.999999999175998,4.04411236459463E-5,-3.53813985926814E-6));
#3097=DIRECTION('',(-0.999999999175998,4.04411236459461E-5,-3.53813985927047E-6));
#3098=DIRECTION('',(0.,-0.0871557427476572,-0.996194698091746));
#3099=DIRECTION('',(0.,0.0871557427476569,0.996194698091746));
#3100=DIRECTION('center_axis',(-4.0595602168344E-5,-0.99619469727088,0.0871557426758407));
#3101=DIRECTION('ref_axis',(0.999999999175998,-4.04411236459463E-5,3.53813985926814E-6));
#3102=DIRECTION('',(0.999999999175998,-4.04411236459461E-5,3.53813985927047E-6));
#3103=DIRECTION('',(-4.54428740121564E-16,-0.0871557427476572,-0.996194698091746));
#3104=DIRECTION('',(-2.54182069264613E-16,0.0871557427476572,0.996194698091746));
#3105=DIRECTION('center_axis',(0.,0.996194698091746,-0.0871557427476569));
#3106=DIRECTION('ref_axis',(0.,0.0871557427476569,0.996194698091746));
#3107=DIRECTION('',(1.,3.75371174066059E-17,4.29051215252398E-16));
#3108=DIRECTION('',(0.,0.0871557427476569,0.996194698091746));
#3109=DIRECTION('center_axis',(1.,0.,0.));
#3110=DIRECTION('ref_axis',(0.,0.996194698091746,-0.0871557427476584));
#3111=DIRECTION('',(0.,0.996194698091746,-0.0871557427476583));
#3112=DIRECTION('',(0.,-0.0871557427476569,-0.996194698091746));
#3113=DIRECTION('center_axis',(0.900882133979009,-0.432412054136037,0.0378311527088605));
#3114=DIRECTION('ref_axis',(0.0419564765008218,0.,-0.999119439346286));
#3115=DIRECTION('',(0.434063797934621,0.897454005475466,-0.0785170515150359));
#3116=DIRECTION('',(-9.75957848228623E-17,-0.0871557427476564,-0.996194698091746));
#3117=DIRECTION('center_axis',(0.900882133979009,-0.432412054136037,0.0378311527088605));
#3118=DIRECTION('ref_axis',(0.0419564765008218,0.,-0.999119439346286));
#3119=DIRECTION('',(1.77446881496113E-16,0.0871557427476566,0.996194698091746));
#3120=DIRECTION('',(0.434063797934621,0.897454005475466,-0.0785170515150359));
#3121=DIRECTION('center_axis',(-0.900882133979009,0.432412054136036,-0.0378311527088614));
#3122=DIRECTION('ref_axis',(-0.0419564765008228,0.,0.999119439346286));
#3123=DIRECTION('',(-4.39181031702881E-16,0.0871557427476576,0.996194698091746));
#3124=DIRECTION('',(-0.434063797934621,-0.897454005475466,0.0785170515150359));
#3125=DIRECTION('',(0.,0.0871557427476569,0.996194698091746));
#3126=DIRECTION('center_axis',(-0.900882133979009,0.432412054136036,-0.0378311527088614));
#3127=DIRECTION('ref_axis',(-0.0419564765008228,0.,0.999119439346286));
#3128=DIRECTION('',(3.63766107067033E-16,-0.0871557427476577,-0.996194698091746));
#3129=DIRECTION('',(0.,-0.0871557427476584,-0.996194698091746));
#3130=DIRECTION('',(-0.434063797934621,-0.897454005475466,0.0785170515150359));
#3131=DIRECTION('center_axis',(0.900881713065096,0.432412924400755,-0.0378312288471579));
#3132=DIRECTION('ref_axis',(-0.0419565803616463,0.,-0.999119434984805));
#3133=DIRECTION('',(-0.434064671523609,0.897453586163257,-0.0785170148299712));
#3134=DIRECTION('center_axis',(-0.900881713065096,-0.432412924400755,0.0378312288471578));
#3135=DIRECTION('ref_axis',(0.0419565803616462,0.,0.999119434984805));
#3136=DIRECTION('',(0.,-0.0871557427476583,-0.996194698091746));
#3137=DIRECTION('',(0.434064671523609,-0.897453586163257,0.0785170148299712));
#3138=DIRECTION('center_axis',(0.900881713065096,0.432412924400755,-0.0378312288471579));
#3139=DIRECTION('ref_axis',(-0.0419565803616463,0.,-0.999119434984805));
#3140=DIRECTION('',(-0.434064671523609,0.897453586163257,-0.0785170148299712));
#3141=DIRECTION('center_axis',(-0.900881713065096,-0.432412924400755,0.0378312288471578));
#3142=DIRECTION('ref_axis',(0.0419565803616462,0.,0.999119434984805));
#3143=DIRECTION('',(0.434064671523609,-0.897453586163257,0.0785170148299712));
#3144=DIRECTION('center_axis',(-1.,0.,0.));
#3145=DIRECTION('ref_axis',(0.,0.996194698091746,-0.0871557427476584));
#3146=DIRECTION('center_axis',(-1.,0.,0.));
#3147=DIRECTION('ref_axis',(0.,0.,1.));
#3148=DIRECTION('',(0.,-0.996194698091746,0.0871557427476583));
#3149=DIRECTION('',(0.,0.996194698091746,-0.0871557427476569));
#3150=DIRECTION('',(0.,-0.0871557427476569,-0.996194698091746));
#3151=DIRECTION('center_axis',(0.,0.996194698091746,-0.0871557427476569));
#3152=DIRECTION('ref_axis',(0.,0.0871557427476569,0.996194698091746));
#3153=DIRECTION('',(-1.,1.55380925826071E-25,1.7760121090435E-24));
#3154=DIRECTION('',(-1.,0.,0.));
#3155=DIRECTION('center_axis',(0.,0.0871557427476569,0.996194698091746));
#3156=DIRECTION('ref_axis',(1.,0.,0.));
#3157=DIRECTION('center_axis',(1.52936823468715E-56,0.996194698091746,-0.0871557427476583));
#3158=DIRECTION('ref_axis',(-1.,2.66799695941648E-41,3.04953447897386E-40));
#3159=DIRECTION('',(-1.,2.66799695941648E-41,3.04953447897386E-40));
#3160=DIRECTION('',(0.,0.0871557427476583,0.996194698091746));
#3161=DIRECTION('',(-1.,1.55380925826074E-25,1.7760121090435E-24));
#3162=DIRECTION('',(5.29395592038019E-23,0.0871557427476583,0.996194698091746));
#3163=DIRECTION('center_axis',(0.999999999992291,3.91177212737298E-6,-3.42235715441823E-7));
#3164=DIRECTION('ref_axis',(3.92671446140614E-6,-0.996194698084065,0.0871557427469864));
#3165=DIRECTION('',(0.,0.0871557427476584,0.996194698091746));
#3166=DIRECTION('center_axis',(0.,-0.0871557427476584,-0.996194698091746));
#3167=DIRECTION('ref_axis',(0.999999999999998,6.39887205024738E-8,-5.59828763749533E-9));
#3168=DIRECTION('',(0.,0.0871557427476584,0.996194698091746));
#3169=DIRECTION('center_axis',(3.4237061827217E-5,-0.996194697507888,0.0871557426965774));
#3170=DIRECTION('ref_axis',(-0.999999999413912,-3.41067794705128E-5,2.9839565530486E-6));
#3171=DIRECTION('center_axis',(0.,-0.996194698091746,0.0871557427476584));
#3172=DIRECTION('ref_axis',(0.,-0.0871557427476584,-0.996194698091746));
#3173=DIRECTION('',(1.,-1.55380925826074E-25,-1.7760121090435E-24));
#3174=DIRECTION('',(0.,0.0871557427476583,0.996194698091746));
#3175=DIRECTION('',(-1.,0.,0.));
#3176=DIRECTION('center_axis',(1.,0.,0.));
#3177=DIRECTION('ref_axis',(0.,0.996194698091746,-0.0871557427476584));
#3178=DIRECTION('',(0.,0.996194698091746,-0.0871557427476583));
#3179=DIRECTION('',(0.,-0.996194698091746,0.0871557427476584));
#3180=DIRECTION('center_axis',(0.,0.0871557427476583,0.996194698091746));
#3181=DIRECTION('ref_axis',(1.,0.,0.));
#3182=DIRECTION('center_axis',(1.78279618677506E-24,0.0871557427476583,
0.996194698091746));
#3183=DIRECTION('ref_axis',(1.,-1.55380925826074E-25,-1.7760121090435E-24));
#3184=DIRECTION('',(0.,0.996194698091746,-0.0871557427476583));
#3185=DIRECTION('',(1.,-1.55380925826071E-25,-1.7760121090435E-24));
#3186=DIRECTION('',(0.,0.996194698091746,-0.0871557427476583));
#3187=DIRECTION('',(0.999999999413912,3.4106779040435E-5,-2.98395651542166E-6));
#3188=DIRECTION('',(1.,-1.55381318755599E-25,-1.77601207466662E-24));
#3189=DIRECTION('',(0.,-0.996194698091746,0.0871557427476583));
#3190=DIRECTION('center_axis',(1.,0.,0.));
#3191=DIRECTION('ref_axis',(0.,0.996194698091746,-0.0871557427476584));
#3192=DIRECTION('',(0.,0.996194698091746,-0.0871557427476583));
#3193=DIRECTION('',(0.,0.0871557427476585,0.996194698091746));
#3194=DIRECTION('',(0.,0.0871557427476584,0.996194698091746));
#3195=DIRECTION('center_axis',(3.4237061827217E-5,-0.996194697507888,0.0871557426965774));
#3196=DIRECTION('ref_axis',(-0.999999999413912,-3.41067794705128E-5,2.9839565530486E-6));
#3197=DIRECTION('',(0.,0.0871557427476584,0.996194698091746));
#3198=DIRECTION('center_axis',(-1.,0.,0.));
#3199=DIRECTION('ref_axis',(0.,0.996194698091746,-0.0871557427476584));
#3200=DIRECTION('',(0.,0.0871557427476584,0.996194698091746));
#3201=DIRECTION('center_axis',(0.,-0.0871557427476584,-0.996194698091746));
#3202=DIRECTION('ref_axis',(-1.63381085679098E-7,-0.996194698091732,0.0871557427476572));
#3203=DIRECTION('center_axis',(-1.,0.,0.));
#3204=DIRECTION('ref_axis',(0.,0.,1.));
#3205=DIRECTION('',(0.,0.0871557427476584,0.996194698091746));
#3206=DIRECTION('',(0.,0.996194698091746,-0.087155742747654));
#3207=DIRECTION('center_axis',(3.42370613954963E-5,-0.996194697507888,0.0871557426965775));
#3208=DIRECTION('ref_axis',(0.999999999413912,3.4106779040435E-5,-2.98395651542166E-6));
#3209=DIRECTION('',(-0.999999999413912,-3.4106779040435E-5,2.98395651542167E-6));
#3210=DIRECTION('',(0.,0.0871557427476584,0.996194698091746));
#3211=DIRECTION('center_axis',(-3.94430452610506E-31,-0.996194698091746,
0.0871557427476585));
#3212=DIRECTION('ref_axis',(1.,3.79802860270898E-16,4.34116655763471E-15));
#3213=DIRECTION('',(-1.,0.,0.));
#3214=DIRECTION('center_axis',(0.,0.0871557427476585,0.996194698091746));
#3215=DIRECTION('ref_axis',(1.,0.,0.));
#3216=DIRECTION('center_axis',(1.,0.,0.));
#3217=DIRECTION('ref_axis',(0.,0.,-1.));
#3218=DIRECTION('',(0.,-0.996194698091746,0.0871557427476579));
#3219=DIRECTION('',(0.,-0.0871557427476569,-0.996194698091746));
#3220=DIRECTION('center_axis',(-5.88435878573898E-47,-0.996194698091746,
0.0871557427476569));
#3221=DIRECTION('ref_axis',(1.,-3.58092490203789E-33,-4.09301589225535E-32));
#3222=DIRECTION('',(1.,-3.58092490203789E-33,-4.09301589225535E-32));
#3223=DIRECTION('center_axis',(0.,0.0871557427476569,0.996194698091746));
#3224=DIRECTION('ref_axis',(1.,0.,0.));
#3225=CARTESIAN_POINT('',(0.,0.,0.));
#3226=CARTESIAN_POINT('Origin',(49.99588148174,209.535526574853,-8.90820146694306));
#3227=CARTESIAN_POINT('',(49.995881,217.006986330624,-9.56186949556322));
#3228=CARTESIAN_POINT('',(49.995881,217.082376048101,-8.70016108171386));
#3229=CARTESIAN_POINT('',(49.995881,217.006986330624,-9.56186949556322));
#3230=CARTESIAN_POINT('',(57.495881,209.610915812412,-8.04649301110642));
#3231=CARTESIAN_POINT('Origin',(49.99588148174,209.610916292329,-8.0464930530937));
#3232=CARTESIAN_POINT('',(57.495881,209.535526094936,-8.90820142495578));
#3233=CARTESIAN_POINT('',(57.495881,209.535526094936,-8.90820142495578));
#3234=CARTESIAN_POINT('Origin',(49.99588148174,209.535526574853,-8.90820146694306));
#3235=CARTESIAN_POINT('Origin',(-47.5,217.01113946632,-9.56223284785474));
#3236=CARTESIAN_POINT('',(-47.5,217.01113946632,-9.56223284785474));
#3237=CARTESIAN_POINT('',(-47.5,217.086529183797,-8.70052443400538));
#3238=CARTESIAN_POINT('',(-47.5,217.01113946632,-9.56223284785474));
#3239=CARTESIAN_POINT('',(-47.5,217.086529183797,-8.70052443400538));
#3240=CARTESIAN_POINT('',(-47.5,217.01113946632,-9.56223284785474));
#3241=CARTESIAN_POINT('Origin',(57.495881,209.535526094936,-8.90820142495578));
#3242=CARTESIAN_POINT('',(57.496684,5.89242535055277,9.77656545492042));
#3243=CARTESIAN_POINT('',(57.495881,209.610915812412,-8.04649301110642));
#3244=CARTESIAN_POINT('',(57.496684,5.81703563307604,8.91485704107106));
#3245=CARTESIAN_POINT('',(57.496684,5.81703563307604,8.91485704107106));
#3246=CARTESIAN_POINT('',(57.495881,209.535526094936,-8.90820142495578));
#3247=CARTESIAN_POINT('Origin',(-72.5,234.440393547229,-11.0870949936472));
#3248=CARTESIAN_POINT('',(49.996684,-1.65442460261206,9.5685251116785));
#3249=CARTESIAN_POINT('Origin',(49.99668448174,5.817035153209,8.91485708305398));
#3250=CARTESIAN_POINT('',(-47.5,-1.65774990051432,9.56881603754779));
#3251=CARTESIAN_POINT('',(49.996684,-1.65442460261206,9.5685251116785));
#3252=CARTESIAN_POINT('',(-55.,5.81371033517376,8.91514796694035));
#3253=CARTESIAN_POINT('Origin',(-47.499998774642,5.81371155591077,8.9151478601397));
#3254=CARTESIAN_POINT('',(-55.,209.539679230632,-8.9085647772473));
#3255=CARTESIAN_POINT('',(-55.,5.81371033517376,8.91514796694035));
#3256=CARTESIAN_POINT('Origin',(-47.500000481749,209.539679710549,-8.90856481923458));
#3257=CARTESIAN_POINT('',(-52.75,17.8676661820839,7.86056347969368));
#3258=CARTESIAN_POINT('Origin',(-52.75,17.7182369773701,7.87363684110583));
#3259=CARTESIAN_POINT('',(-52.53,15.1480546562934,8.09849865739479));
#3260=CARTESIAN_POINT('',(-52.53,15.6461520053393,8.05492078602096));
#3261=CARTESIAN_POINT('Origin',(-52.53,15.3971033308164,8.07670972170788));
#3262=CARTESIAN_POINT('',(-51.73,15.1480546562934,8.09849865739479));
#3263=CARTESIAN_POINT('',(-62.515,15.1480546562934,8.09849865739479));
#3264=CARTESIAN_POINT('',(-51.73,15.6461520053393,8.05492078602096));
#3265=CARTESIAN_POINT('Origin',(-51.73,15.3971033308164,8.07670972170788));
#3266=CARTESIAN_POINT('',(-62.115,15.6461520053393,8.05492078602096));
#3267=CARTESIAN_POINT('',(-52.75,21.8524449744509,7.51194050870305));
#3268=CARTESIAN_POINT('Origin',(-52.75,21.7030157697371,7.5250138701152));
#3269=CARTESIAN_POINT('',(-52.53,23.775100741768,7.34372992520007));
#3270=CARTESIAN_POINT('',(-52.53,24.2731980908138,7.30015205382624));
#3271=CARTESIAN_POINT('Origin',(-52.53,24.0241494162909,7.32194098951315));
#3272=CARTESIAN_POINT('',(-51.73,23.775100741768,7.34372992520007));
#3273=CARTESIAN_POINT('',(-62.515,23.775100741768,7.34372992520007));
#3274=CARTESIAN_POINT('',(-51.73,24.2731980908138,7.30015205382624));
#3275=CARTESIAN_POINT('Origin',(-51.73,24.0241494162909,7.32194098951315));
#3276=CARTESIAN_POINT('',(-62.115,24.2731980908138,7.30015205382624));
#3277=CARTESIAN_POINT('',(-50.75,17.8676661820839,7.86056347969368));
#3278=CARTESIAN_POINT('Origin',(-50.75,17.7182369773701,7.87363684110583));
#3279=CARTESIAN_POINT('',(-50.75,21.8524449744509,7.51194050870305));
#3280=CARTESIAN_POINT('Origin',(-50.75,21.7030157697371,7.5250138701152));
#3281=CARTESIAN_POINT('',(-48.45,17.130482105496,7.92505872932695));
#3282=CARTESIAN_POINT('Origin',(-48.45,16.8316236960685,7.95120545215125));
#3283=CARTESIAN_POINT('',(-48.48,15.1480546562934,8.09849865739479));
#3284=CARTESIAN_POINT('',(-48.48,15.6461520053393,8.05492078602096));
#3285=CARTESIAN_POINT('Origin',(-48.48,15.3971033308164,8.07670972170788));
#3286=CARTESIAN_POINT('',(-47.38,15.1480546562934,8.09849865739479));
#3287=CARTESIAN_POINT('',(-60.49,15.1480546562934,8.09849865739479));
#3288=CARTESIAN_POINT('',(-47.38,15.6461520053393,8.05492078602096));
#3289=CARTESIAN_POINT('Origin',(-47.38,15.3971033308164,8.07670972170788));
#3290=CARTESIAN_POINT('',(-59.94,15.6461520053393,8.05492078602096));
#3291=CARTESIAN_POINT('',(-48.45,22.8884874604663,7.42129853624549));
#3292=CARTESIAN_POINT('Origin',(-48.45,22.5896290510388,7.44744525906978));
#3293=CARTESIAN_POINT('',(-48.48,23.775100741768,7.34372992520007));
#3294=CARTESIAN_POINT('',(-48.48,24.2731980908138,7.30015205382624));
#3295=CARTESIAN_POINT('Origin',(-48.48,24.0241494162909,7.32194098951315));
#3296=CARTESIAN_POINT('',(-47.38,23.775100741768,7.34372992520007));
#3297=CARTESIAN_POINT('',(-60.49,23.775100741768,7.34372992520007));
#3298=CARTESIAN_POINT('',(-47.38,24.2731980908138,7.30015205382624));
#3299=CARTESIAN_POINT('Origin',(-47.38,24.0241494162909,7.32194098951315));
#3300=CARTESIAN_POINT('',(-59.94,24.2731980908138,7.30015205382624));
#3301=CARTESIAN_POINT('',(-34.934119,200.02186672816,-8.07586408171565));
#3302=CARTESIAN_POINT('Origin',(-34.934119,199.872437523446,-8.0627907203035));
#3303=CARTESIAN_POINT('',(-34.934119,201.018061426251,-8.16301982446331));
#3304=CARTESIAN_POINT('Origin',(-34.934119,200.868632221538,-8.14994646305116));
#3305=CARTESIAN_POINT('',(-34.934119,202.014256124343,-8.25017556721097));
#3306=CARTESIAN_POINT('Origin',(-34.934119,201.864826919629,-8.23710220579881));
#3307=CARTESIAN_POINT('',(-33.934119,200.02186672816,-8.07586408171565));
#3308=CARTESIAN_POINT('Origin',(-33.934119,199.872437523446,-8.0627907203035));
#3309=CARTESIAN_POINT('',(-33.934119,201.018061426251,-8.16301982446331));
#3310=CARTESIAN_POINT('Origin',(-33.934119,200.868632221538,-8.14994646305116));
#3311=CARTESIAN_POINT('',(-33.934119,202.014256124343,-8.25017556721097));
#3312=CARTESIAN_POINT('Origin',(-33.934119,201.864826919629,-8.23710220579881));
#3313=CARTESIAN_POINT('',(-32.934119,200.02186672816,-8.07586408171565));
#3314=CARTESIAN_POINT('Origin',(-32.934119,199.872437523446,-8.0627907203035));
#3315=CARTESIAN_POINT('',(-32.934119,201.018061426251,-8.16301982446331));
#3316=CARTESIAN_POINT('Origin',(-32.934119,200.868632221538,-8.14994646305116));
#3317=CARTESIAN_POINT('',(-32.934119,202.014256124343,-8.25017556721097));
#3318=CARTESIAN_POINT('Origin',(-32.934119,201.864826919629,-8.23710220579881));
#3319=CARTESIAN_POINT('Origin',(-72.5,234.515783264706,-10.2253865797979));
#3320=CARTESIAN_POINT('',(-55.,209.615068948109,-8.04685636339794));
#3321=CARTESIAN_POINT('Origin',(-47.500000481749,209.615069428026,-8.04685640538522));
#3322=CARTESIAN_POINT('',(-55.,5.88910005265049,9.77685638078971));
#3323=CARTESIAN_POINT('',(-55.,5.88910005265049,9.77685638078971));
#3324=CARTESIAN_POINT('',(-47.5,-1.58236018303759,10.4305244513971));
#3325=CARTESIAN_POINT('Origin',(-47.499998774642,5.8891012733875,9.77685627398906));
#3326=CARTESIAN_POINT('',(49.996684,-1.57903488513533,10.4302335255279));
#3327=CARTESIAN_POINT('',(49.996684,-1.57903488513533,10.4302335255279));
#3328=CARTESIAN_POINT('Origin',(49.99668448174,5.89242487068573,9.77656549690334));
#3329=CARTESIAN_POINT('',(-52.75,17.9430558995606,8.72227189354305));
#3330=CARTESIAN_POINT('Origin',(-52.75,17.7936266948469,8.7353452549552));
#3331=CARTESIAN_POINT('',(-52.53,15.2234443737702,8.96020707124415));
#3332=CARTESIAN_POINT('',(-52.53,15.7215417228161,8.91662919987032));
#3333=CARTESIAN_POINT('Origin',(-52.53,15.4724930482931,8.93841813555724));
#3334=CARTESIAN_POINT('',(-51.73,15.7215417228161,8.91662919987032));
#3335=CARTESIAN_POINT('',(-62.115,15.7215417228161,8.91662919987032));
#3336=CARTESIAN_POINT('',(-51.73,15.2234443737702,8.96020707124415));
#3337=CARTESIAN_POINT('Origin',(-51.73,15.4724930482931,8.93841813555724));
#3338=CARTESIAN_POINT('',(-62.515,15.2234443737702,8.96020707124415));
#3339=CARTESIAN_POINT('',(-52.75,21.9278346919276,8.37364892255241));
#3340=CARTESIAN_POINT('Origin',(-52.75,21.7784054872138,8.38672228396456));
#3341=CARTESIAN_POINT('',(-52.53,23.8504904592447,8.20543833904943));
#3342=CARTESIAN_POINT('',(-52.53,24.3485878082905,8.1618604676756));
#3343=CARTESIAN_POINT('Origin',(-52.53,24.0995391337676,8.18364940336252));
#3344=CARTESIAN_POINT('',(-51.73,24.3485878082905,8.1618604676756));
#3345=CARTESIAN_POINT('',(-62.115,24.3485878082905,8.1618604676756));
#3346=CARTESIAN_POINT('',(-51.73,23.8504904592447,8.20543833904943));
#3347=CARTESIAN_POINT('Origin',(-51.73,24.0995391337676,8.18364940336252));
#3348=CARTESIAN_POINT('',(-62.515,23.8504904592447,8.20543833904943));
#3349=CARTESIAN_POINT('',(-50.75,17.9430558995606,8.72227189354305));
#3350=CARTESIAN_POINT('Origin',(-50.75,17.7936266948469,8.7353452549552));
#3351=CARTESIAN_POINT('',(-50.75,21.9278346919276,8.37364892255241));
#3352=CARTESIAN_POINT('Origin',(-50.75,21.7784054872138,8.38672228396456));
#3353=CARTESIAN_POINT('',(-48.45,17.2058718229727,8.78676714317631));
#3354=CARTESIAN_POINT('Origin',(-48.45,16.9070134135452,8.81291386600061));
#3355=CARTESIAN_POINT('',(-48.48,15.2234443737702,8.96020707124415));
#3356=CARTESIAN_POINT('',(-48.48,15.7215417228161,8.91662919987032));
#3357=CARTESIAN_POINT('Origin',(-48.48,15.4724930482931,8.93841813555724));
#3358=CARTESIAN_POINT('',(-47.38,15.7215417228161,8.91662919987032));
#3359=CARTESIAN_POINT('',(-59.94,15.7215417228161,8.91662919987032));
#3360=CARTESIAN_POINT('',(-47.38,15.2234443737702,8.96020707124415));
#3361=CARTESIAN_POINT('Origin',(-47.38,15.4724930482931,8.93841813555724));
#3362=CARTESIAN_POINT('',(-60.49,15.2234443737702,8.96020707124415));
#3363=CARTESIAN_POINT('',(-48.45,22.963877177943,8.28300695009485));
#3364=CARTESIAN_POINT('Origin',(-48.45,22.6650187685155,8.30915367291914));
#3365=CARTESIAN_POINT('',(-48.48,23.8504904592447,8.20543833904943));
#3366=CARTESIAN_POINT('',(-48.48,24.3485878082905,8.1618604676756));
#3367=CARTESIAN_POINT('Origin',(-48.48,24.0995391337676,8.18364940336252));
#3368=CARTESIAN_POINT('',(-47.38,24.3485878082905,8.1618604676756));
#3369=CARTESIAN_POINT('',(-59.94,24.3485878082905,8.1618604676756));
#3370=CARTESIAN_POINT('',(-47.38,23.8504904592447,8.20543833904943));
#3371=CARTESIAN_POINT('Origin',(-47.38,24.0995391337676,8.18364940336252));
#3372=CARTESIAN_POINT('',(-60.49,23.8504904592447,8.20543833904943));
#3373=CARTESIAN_POINT('',(-34.934119,200.097256445636,-7.21415566786629));
#3374=CARTESIAN_POINT('Origin',(-34.934119,199.947827240923,-7.20108230645414));
#3375=CARTESIAN_POINT('',(-34.934119,201.093451143728,-7.30131141061394));
#3376=CARTESIAN_POINT('Origin',(-34.934119,200.944021939014,-7.2882380492018));
#3377=CARTESIAN_POINT('',(-34.934119,202.08964584182,-7.3884671533616));
#3378=CARTESIAN_POINT('Origin',(-34.934119,201.940216637106,-7.37539379194946));
#3379=CARTESIAN_POINT('',(-33.934119,200.097256445636,-7.21415566786629));
#3380=CARTESIAN_POINT('Origin',(-33.934119,199.947827240923,-7.20108230645414));
#3381=CARTESIAN_POINT('',(-33.934119,201.093451143728,-7.30131141061394));
#3382=CARTESIAN_POINT('Origin',(-33.934119,200.944021939014,-7.2882380492018));
#3383=CARTESIAN_POINT('',(-33.934119,202.08964584182,-7.3884671533616));
#3384=CARTESIAN_POINT('Origin',(-33.934119,201.940216637106,-7.37539379194946));
#3385=CARTESIAN_POINT('',(-32.934119,200.097256445636,-7.21415566786629));
#3386=CARTESIAN_POINT('Origin',(-32.934119,199.947827240923,-7.20108230645414));
#3387=CARTESIAN_POINT('',(-32.934119,201.093451143728,-7.30131141061394));
#3388=CARTESIAN_POINT('Origin',(-32.934119,200.944021939014,-7.2882380492018));
#3389=CARTESIAN_POINT('',(-32.934119,202.08964584182,-7.3884671533616));
#3390=CARTESIAN_POINT('Origin',(-32.934119,201.940216637106,-7.37539379194946));
#3391=CARTESIAN_POINT('Origin',(-47.500000481749,209.539679710549,-8.90856481923458));
#3392=CARTESIAN_POINT('',(-55.,209.539679230632,-8.9085647772473));
#3393=CARTESIAN_POINT('Origin',(49.99668448174,5.817035153209,8.91485708305398));
#3394=CARTESIAN_POINT('',(49.996684,-1.65442460261206,9.5685251116785));
#3395=CARTESIAN_POINT('Origin',(-55.,5.81371033517376,8.91514796694035));
#3396=CARTESIAN_POINT('',(-55.,5.81371033517376,8.91514796694035));
#3397=CARTESIAN_POINT('Origin',(49.996684,-1.65442460261206,9.5685251116785));
#3398=CARTESIAN_POINT('',(-47.5,-1.65774990051432,9.56881603754779));
#3399=CARTESIAN_POINT('Origin',(-47.499998774642,5.81371155591077,8.9151478601397));
#3400=CARTESIAN_POINT('Origin',(-52.75,17.7159534969101,7.84753654001583));
#3401=CARTESIAN_POINT('',(-52.75,17.8653827016239,7.83446317860368));
#3402=CARTESIAN_POINT('Origin',(-52.53,15.3948198503564,8.05060942061787));
#3403=CARTESIAN_POINT('',(-52.53,15.6438685248793,8.02882048493096));
#3404=CARTESIAN_POINT('',(-52.53,15.1457711758334,8.07239835630479));
#3405=CARTESIAN_POINT('Origin',(-52.53,15.1457711758334,8.07239835630479));
#3406=CARTESIAN_POINT('',(-51.73,15.1457711758334,8.07239835630479));
#3407=CARTESIAN_POINT('Origin',(-51.73,15.3948198503564,8.05060942061787));
#3408=CARTESIAN_POINT('',(-51.73,15.6438685248793,8.02882048493096));
#3409=CARTESIAN_POINT('Origin',(-51.73,15.6438685248793,8.02882048493096));
#3410=CARTESIAN_POINT('Origin',(-52.75,21.7007322892771,7.4989135690252));
#3411=CARTESIAN_POINT('',(-52.75,21.8501614939909,7.48584020761305));
#3412=CARTESIAN_POINT('Origin',(-52.53,24.0218659358309,7.29584068842315));
#3413=CARTESIAN_POINT('',(-52.53,24.2709146103538,7.27405175273624));
#3414=CARTESIAN_POINT('',(-52.53,23.772817261308,7.31762962411007));
#3415=CARTESIAN_POINT('Origin',(-52.53,23.772817261308,7.31762962411007));
#3416=CARTESIAN_POINT('',(-51.73,23.772817261308,7.31762962411007));
#3417=CARTESIAN_POINT('Origin',(-51.73,24.0218659358309,7.29584068842315));
#3418=CARTESIAN_POINT('',(-51.73,24.2709146103538,7.27405175273624));
#3419=CARTESIAN_POINT('Origin',(-51.73,24.2709146103538,7.27405175273624));
#3420=CARTESIAN_POINT('Origin',(-50.75,17.7159534969101,7.84753654001583));
#3421=CARTESIAN_POINT('',(-50.75,17.8653827016239,7.83446317860368));
#3422=CARTESIAN_POINT('Origin',(-50.75,21.7007322892771,7.4989135690252));
#3423=CARTESIAN_POINT('',(-50.75,21.8501614939909,7.48584020761305));
#3424=CARTESIAN_POINT('Origin',(-48.45,16.8293402156085,7.92510515106125));
#3425=CARTESIAN_POINT('',(-48.45,17.128198625036,7.89895842823695));
#3426=CARTESIAN_POINT('Origin',(-48.48,15.3948198503564,8.05060942061787));
#3427=CARTESIAN_POINT('',(-48.48,15.6438685248793,8.02882048493096));
#3428=CARTESIAN_POINT('',(-48.48,15.1457711758334,8.07239835630479));
#3429=CARTESIAN_POINT('Origin',(-48.48,15.1457711758334,8.07239835630479));
#3430=CARTESIAN_POINT('',(-47.38,15.1457711758334,8.07239835630479));
#3431=CARTESIAN_POINT('Origin',(-47.38,15.3948198503564,8.05060942061787));
#3432=CARTESIAN_POINT('',(-47.38,15.6438685248793,8.02882048493096));
#3433=CARTESIAN_POINT('Origin',(-47.38,15.6438685248793,8.02882048493096));
#3434=CARTESIAN_POINT('Origin',(-48.45,22.5873455705788,7.42134495797978));
#3435=CARTESIAN_POINT('',(-48.45,22.8862039800063,7.39519823515548));
#3436=CARTESIAN_POINT('Origin',(-48.48,24.0218659358309,7.29584068842315));
#3437=CARTESIAN_POINT('',(-48.48,24.2709146103538,7.27405175273624));
#3438=CARTESIAN_POINT('',(-48.48,23.772817261308,7.31762962411007));
#3439=CARTESIAN_POINT('Origin',(-48.48,23.772817261308,7.31762962411007));
#3440=CARTESIAN_POINT('',(-47.38,23.772817261308,7.31762962411007));
#3441=CARTESIAN_POINT('Origin',(-47.38,24.0218659358309,7.29584068842315));
#3442=CARTESIAN_POINT('',(-47.38,24.2709146103538,7.27405175273624));
#3443=CARTESIAN_POINT('Origin',(-47.38,24.2709146103538,7.27405175273624));
#3444=CARTESIAN_POINT('Origin',(-34.934119,199.870154042986,-8.0888910213935));
#3445=CARTESIAN_POINT('',(-34.934119,200.0195832477,-8.10196438280565));
#3446=CARTESIAN_POINT('Origin',(-34.934119,200.866348741078,-8.17604676414116));
#3447=CARTESIAN_POINT('',(-34.934119,201.015777945791,-8.18912012555331));
#3448=CARTESIAN_POINT('Origin',(-34.934119,201.862543439169,-8.26320250688882));
#3449=CARTESIAN_POINT('',(-34.934119,202.011972643883,-8.27627586830097));
#3450=CARTESIAN_POINT('Origin',(-33.934119,199.870154042986,-8.0888910213935));
#3451=CARTESIAN_POINT('',(-33.934119,200.0195832477,-8.10196438280565));
#3452=CARTESIAN_POINT('Origin',(-33.934119,200.866348741078,-8.17604676414116));
#3453=CARTESIAN_POINT('',(-33.934119,201.015777945791,-8.18912012555331));
#3454=CARTESIAN_POINT('Origin',(-33.934119,201.862543439169,-8.26320250688882));
#3455=CARTESIAN_POINT('',(-33.934119,202.011972643883,-8.27627586830097));
#3456=CARTESIAN_POINT('Origin',(-32.934119,199.870154042986,-8.0888910213935));
#3457=CARTESIAN_POINT('',(-32.934119,200.0195832477,-8.10196438280565));
#3458=CARTESIAN_POINT('Origin',(-32.934119,200.866348741078,-8.17604676414116));
#3459=CARTESIAN_POINT('',(-32.934119,201.015777945791,-8.18912012555331));
#3460=CARTESIAN_POINT('Origin',(-32.934119,201.862543439169,-8.26320250688882));
#3461=CARTESIAN_POINT('',(-32.934119,202.011972643883,-8.27627586830097));
#3462=CARTESIAN_POINT('Origin',(51.246683999991,4.64743777878103,9.88548775368111));
#3463=CARTESIAN_POINT('',(45.496683999991,-0.819214507003533,13.3752173687554));
#3464=CARTESIAN_POINT('',(56.996683999991,10.6370245210516,12.3729263271573));
#3465=CARTESIAN_POINT('',(64.9967610187392,18.6066588314542,11.6756736725498));
#3466=CARTESIAN_POINT('',(56.996683999991,10.3755572928086,9.38434223288207));
#3467=CARTESIAN_POINT('',(56.996683999991,10.3755572928086,9.38434223288207));
#3468=CARTESIAN_POINT('',(45.496683999991,-1.0806817352465,10.3866332744801));
#3469=CARTESIAN_POINT('',(77.9966143055031,31.2955765234559,7.55407770945611));
#3470=CARTESIAN_POINT('',(45.496683999991,-1.08068173524651,10.3866332744801));
#3471=CARTESIAN_POINT('Origin',(45.496683999991,10.3755572928086,9.38434223288207));
#3472=CARTESIAN_POINT('',(45.496683999991,-1.57918836564304,10.4302469533324));
#3473=CARTESIAN_POINT('',(45.496683999991,122.445670278757,-0.420522173457905));
#3474=CARTESIAN_POINT('',(45.496683999991,-1.65457808311976,9.56853853948299));
#3475=CARTESIAN_POINT('',(45.496683999991,-1.6168832243814,9.99939274640767));
#3476=CARTESIAN_POINT('',(45.496683999991,-0.657974103677343,9.48134698925696));
#3477=CARTESIAN_POINT('',(45.496683999991,122.370280561281,-1.28223058730726));
#3478=CARTESIAN_POINT('',(45.496683999991,-1.19267458543424,3.36969251646409));
#3479=CARTESIAN_POINT('',(45.496683999991,-0.582584386200633,10.3430554031063));
#3480=CARTESIAN_POINT('',(45.496683999991,-5.17745337780122,3.71831548745473));
#3481=CARTESIAN_POINT('',(45.496683999991,58.4538105687394,-1.84869875369344));
#3482=CARTESIAN_POINT('',(45.496683999991,-4.30589595032464,13.6802624683722));
#3483=CARTESIAN_POINT('',(45.496683999991,-4.56736317856761,10.691678374097));
#3484=CARTESIAN_POINT('',(45.496683999991,-1.3173118560494,13.4187952401292));
#3485=CARTESIAN_POINT('Origin',(-72.5,234.515783264706,-10.2253865797979));
#3486=CARTESIAN_POINT('',(57.4966663287766,10.3755572928086,9.38434223288207));
#3487=CARTESIAN_POINT('',(-6.0016580000045,10.3755572928086,9.38434223288207));
#3488=CARTESIAN_POINT('',(57.496684,5.89242535055277,9.77656545492042));
#3489=CARTESIAN_POINT('',(57.495881,209.610915812412,-8.04649301110643));
#3490=CARTESIAN_POINT('',(49.996684,-1.57903488513533,10.4302335255279));
#3491=CARTESIAN_POINT('Origin',(49.99668448174,5.89242487068573,9.77656549690334));
#3492=CARTESIAN_POINT('',(49.996684,-1.57903488513533,10.4302335255279));
#3493=CARTESIAN_POINT('Origin',(51.2458515508918,210.855839700809,-8.15540973829374));
#3494=CARTESIAN_POINT('',(56.9958515508918,205.389187415025,-4.66568012321947));
#3495=CARTESIAN_POINT('',(45.4958515508918,216.84542644308,-5.66797116481754));
#3496=CARTESIAN_POINT('',(51.2458515508918,211.117306929052,-5.1668256440185));
#3497=CARTESIAN_POINT('',(45.4958515508918,216.583959214837,-8.65655525909278));
#3498=CARTESIAN_POINT('',(45.4958515508918,216.583959214837,-8.65655525909277));
#3499=CARTESIAN_POINT('',(56.9958515508918,205.127720186782,-7.65426421749471));
#3500=CARTESIAN_POINT('',(14.3718084870199,247.589565898245,-11.3691943496346));
#3501=CARTESIAN_POINT('',(56.9958515508918,205.127720186782,-7.65426421749472));
#3502=CARTESIAN_POINT('Origin',(-72.5,234.515783264706,-10.2253865797979));
#3503=CARTESIAN_POINT('',(45.4958515508918,220.070640658158,-8.96160035870959));
#3504=CARTESIAN_POINT('',(45.4958515508918,230.779893404753,-9.89853856887054));
#3505=CARTESIAN_POINT('',(57.4792172257081,220.070640658158,-8.96160035870958));
#3506=CARTESIAN_POINT('',(-7.50207422455408,220.070640658158,-8.96160035870958));
#3507=CARTESIAN_POINT('',(57.495881,219.57286279333,-8.91805043858301));
#3508=CARTESIAN_POINT('Origin',(49.99588148174,219.572863273247,-8.91805048057029));
#3509=CARTESIAN_POINT('',(57.495937938619,205.127720186782,-7.65426421749471));
#3510=CARTESIAN_POINT('',(57.495881,219.57286279333,-8.91805043858301));
#3511=CARTESIAN_POINT('',(-13.5020742245541,205.127720186782,-7.65426421749471));
#3512=CARTESIAN_POINT('Origin',(45.4958515508918,217.082056563883,-8.70013313046661));
#3513=CARTESIAN_POINT('',(45.4958515508918,220.332107886401,-5.97301626443434));
#3514=CARTESIAN_POINT('',(45.4958515508918,217.343523792125,-5.71154903619137));
#3515=CARTESIAN_POINT('',(45.4958515508918,220.070640658158,-8.96160035870958));
#3516=CARTESIAN_POINT('Origin',(-48.75,210.860631806197,-8.15582899318963));
#3517=CARTESIAN_POINT('',(-43.,216.850218548468,-5.66839041971344));
#3518=CARTESIAN_POINT('',(-54.5,205.393979520413,-4.66609937811536));
#3519=CARTESIAN_POINT('',(-48.75,211.12209903444,-5.16724489891439));
#3520=CARTESIAN_POINT('',(-54.5,205.13251229217,-7.65468347239058));
#3521=CARTESIAN_POINT('',(-54.5,205.13251229217,-7.6546834723906));
#3522=CARTESIAN_POINT('',(-43.,216.588751320225,-8.65697451398866));
#3523=CARTESIAN_POINT('',(-48.7511224264641,210.859513650905,-8.15573116727747));
#3524=CARTESIAN_POINT('',(-43.,216.588751320225,-8.65697451398866));
#3525=CARTESIAN_POINT('Origin',(-72.5,234.515783264706,-10.2253865797979));
#3526=CARTESIAN_POINT('',(-55.,205.13251229217,-7.65468347239058));
#3527=CARTESIAN_POINT('',(-63.75,205.13251229217,-7.65468347239058));
#3528=CARTESIAN_POINT('',(-55.,219.577015929026,-8.91841379087452));
#3529=CARTESIAN_POINT('',(-55.,15.8510470335679,8.90529895331313));
#3530=CARTESIAN_POINT('',(-54.9832933697172,220.075432763546,-8.96201961360546));
#3531=CARTESIAN_POINT('Origin',(-47.500000481749,219.577016408943,-8.9184138328618));
#3532=CARTESIAN_POINT('',(-43.,220.075432763546,-8.96201961360546));
#3533=CARTESIAN_POINT('',(-57.75,220.075432763546,-8.96201961360546));
#3534=CARTESIAN_POINT('',(-43.,224.805121268897,-9.37581373983253));
#3535=CARTESIAN_POINT('Origin',(-55.,205.13251229217,-7.6546834723906));
#3536=CARTESIAN_POINT('',(-58.,205.393979520413,-4.66609937811536));
#3537=CARTESIAN_POINT('',(-55.,205.393979520413,-4.66609937811536));
#3538=CARTESIAN_POINT('',(-58.,204.522422092936,-14.6280463590328));
#3539=CARTESIAN_POINT('',(-58.,205.13251229217,-7.6546834723906));
#3540=CARTESIAN_POINT('',(-54.,204.522422092936,-14.6280463590328));
#3541=CARTESIAN_POINT('',(-26.1258290000023,204.522422092936,-14.6280463590328));
#3542=CARTESIAN_POINT('',(-54.,205.057122574693,-8.51639188623994));
#3543=CARTESIAN_POINT('',(-54.,205.13251229217,-7.6546834723906));
#3544=CARTESIAN_POINT('',(-55.,205.057122574693,-8.51639188623994));
#3545=CARTESIAN_POINT('',(-63.75,205.057122574693,-8.51639188623994));
#3546=CARTESIAN_POINT('',(-55.,205.094817433431,-8.08553767931513));
#3547=CARTESIAN_POINT('Origin',(-48.75,4.64385668007777,9.88580105922066));
#3548=CARTESIAN_POINT('',(-54.5,10.6334434223483,12.3732396326969));
#3549=CARTESIAN_POINT('',(-43.,-0.822795605706792,13.3755306742949));
#3550=CARTESIAN_POINT('',(-48.75,4.90532390832075,12.8743851534959));
#3551=CARTESIAN_POINT('',(-43.,-1.08426283394978,10.3869465800197));
#3552=CARTESIAN_POINT('',(-43.,-1.08426283394977,10.3869465800197));
#3553=CARTESIAN_POINT('',(-54.5,10.3719761941053,9.38465553842158));
#3554=CARTESIAN_POINT('',(-112.374999999989,68.0267443461547,4.34051692690176));
#3555=CARTESIAN_POINT('',(-54.5,10.3719761941053,9.38465553842162));
#3556=CARTESIAN_POINT('Origin',(-43.,10.3719761941053,9.38465553842163));
#3557=CARTESIAN_POINT('',(-55.,10.3719761941053,9.38465553842158));
#3558=CARTESIAN_POINT('',(-57.75,10.3719761941053,9.38465553842158));
#3559=CARTESIAN_POINT('',(-55.,10.2965864766286,8.52294712457222));
#3560=CARTESIAN_POINT('',(-55.,10.3342813353669,8.95380133149692));
#3561=CARTESIAN_POINT('',(-54.,10.2965864766286,8.52294712457222));
#3562=CARTESIAN_POINT('',(-57.75,10.2965864766286,8.52294712457222));
#3563=CARTESIAN_POINT('',(-54.,9.7618859948717,2.41129265177935));
#3564=CARTESIAN_POINT('',(-54.,10.3719761941053,9.38465553842163));
#3565=CARTESIAN_POINT('',(-58.,9.7618859948717,2.41129265177935));
#3566=CARTESIAN_POINT('',(-20.1258290000023,9.76188599487169,2.41129265177935));
#3567=CARTESIAN_POINT('',(-58.,10.6334434223483,12.3732396326969));
#3568=CARTESIAN_POINT('',(-58.,10.3719761941053,9.38465553842163));
#3569=CARTESIAN_POINT('',(-43.,10.6334434223483,12.3732396326969));
#3570=CARTESIAN_POINT('Origin',(-72.5,234.515783264706,-10.2253865797979));
#3571=CARTESIAN_POINT('',(-43.,-1.58220670252986,10.4305110235927));
#3572=CARTESIAN_POINT('',(-43.,116.466788281108,0.102562221895634));
#3573=CARTESIAN_POINT('',(-47.5,-1.58236018303759,10.4305244513971));
#3574=CARTESIAN_POINT('',(49.996684,-1.57903488513533,10.4302335255279));
#3575=CARTESIAN_POINT('',(-55.,5.88910005265049,9.77685638078971));
#3576=CARTESIAN_POINT('Origin',(-47.499998774642,5.8891012733875,9.77685627398906));
#3577=CARTESIAN_POINT('',(-55.,5.88910005265049,9.77685638078971));
#3578=CARTESIAN_POINT('Origin',(1.24792577544592,210.173408365242,-13.1148039205135));
#3579=CARTESIAN_POINT('',(3.24816934741094,213.449876439809,-15.4090974085295));
#3580=CARTESIAN_POINT('',(5.24792738097613,209.999096879747,-15.107193316697));
#3581=CARTESIAN_POINT('Origin',(1.24792577544592,209.999096879747,-15.1071933166981));
#3582=CARTESIAN_POINT('',(5.24792738097613,210.26056410799,-12.1186092224218));
#3583=CARTESIAN_POINT('',(5.24792738097613,210.173408365242,-13.1148039205135));
#3584=CARTESIAN_POINT('',(3.24816934741094,213.711343668052,-12.4205133142542));
#3585=CARTESIAN_POINT('Origin',(1.24792577544592,210.26056410799,-12.1186092224218));
#3586=CARTESIAN_POINT('',(3.24816934741094,213.624187925305,-13.416708012346));
#3587=CARTESIAN_POINT('Origin',(3.24816934741094,216.15049566662,-13.6377313002888));
#3588=CARTESIAN_POINT('',(3.24816934741094,215.976184181125,-15.6301206964723));
#3589=CARTESIAN_POINT('',(3.24816934741081,161.559169112514,-10.8692487750495));
#3590=CARTESIAN_POINT('',(3.24816934741094,216.237651409368,-12.6415366021971));
#3591=CARTESIAN_POINT('',(3.24816934741093,210.26056410799,-12.1186092224218));
#3592=CARTESIAN_POINT('',(3.24816934741094,216.15049566662,-13.6377313002888));
#3593=CARTESIAN_POINT('Origin',(1.24816934741095,216.15049566662,-13.6377313002888));
#3594=CARTESIAN_POINT('',(1.36648456533313,217.965084216194,-15.8041269024272));
#3595=CARTESIAN_POINT('Origin',(1.24816934741095,215.976184181124,-15.6301206964735));
#3596=CARTESIAN_POINT('',(1.36648456533344,218.226551444437,-12.8155428081519));
#3597=CARTESIAN_POINT('Origin',(1.24816934741095,216.237651409368,-12.6415366021971));
#3598=CARTESIAN_POINT('',(1.36648456533313,218.139395701689,-13.8117375062437));
#3599=CARTESIAN_POINT('Origin',(3.30720597315479,214.243557776213,-12.4670760152868));
#3600=CARTESIAN_POINT('',(3.24792738097613,218.226551444437,-12.8155428081519));
#3601=CARTESIAN_POINT('',(2.33684526924411,218.226551444437,-12.8155428081519));
#3602=CARTESIAN_POINT('',(5.24792738097612,216.234162048253,-12.6412313226566));
#3603=CARTESIAN_POINT('',(5.24792738097659,212.250275817958,-12.2926864407288));
#3604=CARTESIAN_POINT('Origin',(3.24792738097613,216.234162048253,-12.6412313226566));
#3605=CARTESIAN_POINT('Origin',(1.2479257754459,216.15049566662,-13.6377313002888));
#3606=CARTESIAN_POINT('',(-0.752074224554094,215.976184181125,-15.6301206964723));
#3607=CARTESIAN_POINT('',(1.12961055752372,217.965084216194,-15.8041269024272));
#3608=CARTESIAN_POINT('Origin',(1.2479257754459,215.976184181124,-15.6301206964735));
#3609=CARTESIAN_POINT('',(1.12961055752337,218.226551444437,-12.8155428081519));
#3610=CARTESIAN_POINT('',(1.12961055752372,218.139395701689,-13.8117375062437));
#3611=CARTESIAN_POINT('',(-0.752074224554094,216.237651409368,-12.6415366021971));
#3612=CARTESIAN_POINT('Origin',(1.2479257754459,216.237651409368,-12.6415366021971));
#3613=CARTESIAN_POINT('',(-0.752074224554094,216.15049566662,-13.6377313002888));
#3614=CARTESIAN_POINT('Origin',(-0.752074224554089,213.624328027893,-13.4167202697342));
#3615=CARTESIAN_POINT('',(-0.752074224554089,213.450016542398,-15.4091096659177));
#3616=CARTESIAN_POINT('',(-0.752074224553968,160.296085293151,-10.7587432597722));
#3617=CARTESIAN_POINT('',(-0.752074224554089,213.711483770641,-12.4205255716424));
#3618=CARTESIAN_POINT('',(-0.752074224554094,216.237651409368,-12.6415366021971));
#3619=CARTESIAN_POINT('',(-0.752074224554089,213.624328027893,-13.4167202697342));
#3620=CARTESIAN_POINT('Origin',(1.24792577544592,210.173408365242,-13.1148039205135));
#3621=CARTESIAN_POINT('',(-2.75207261902387,210.001158163635,-15.1073736556695));
#3622=CARTESIAN_POINT('Origin',(1.24792577544592,209.999096879747,-15.1071933166981));
#3623=CARTESIAN_POINT('',(-2.75207261902387,210.262625391878,-12.1187895613943));
#3624=CARTESIAN_POINT('Origin',(1.24792577544592,210.26056410799,-12.1186092224218));
#3625=CARTESIAN_POINT('',(-2.75207261902387,210.175469649131,-13.1149842594861));
#3626=CARTESIAN_POINT('Origin',(-0.811231565927,214.244588418157,-12.4671661847731));
#3627=CARTESIAN_POINT('',(-2.75207261902386,216.234162048253,-12.6412313226566));
#3628=CARTESIAN_POINT('',(-2.75207261902341,212.253606905018,-12.2929778730837));
#3629=CARTESIAN_POINT('',(-0.752072619023864,218.226551444437,-12.8155428081519));
#3630=CARTESIAN_POINT('',(0.27762649970322,218.226551444437,-12.8155428081519));
#3631=CARTESIAN_POINT('Origin',(-0.752072619023864,216.234162048253,-12.6412313226566));
#3632=CARTESIAN_POINT('Origin',(-2.75207261902387,210.17546964913,-13.1149842594861));
#3633=CARTESIAN_POINT('',(-2.75207261902386,216.408473533748,-10.6488419264731));
#3634=CARTESIAN_POINT('',(-2.75207261902386,216.147006305505,-13.6374260207484));
#3635=CARTESIAN_POINT('',(-2.75207261902387,210.436936877373,-10.1264001652108));
#3636=CARTESIAN_POINT('',(-2.75207261902386,216.408473533748,-10.6488419264731));
#3637=CARTESIAN_POINT('',(-2.75207261902273,210.393359006,-10.6244975142567));
#3638=CARTESIAN_POINT('',(-2.75207261902387,210.175469649131,-13.1149842594861));
#3639=CARTESIAN_POINT('',(-2.75207261902273,210.387727473824,-10.624004819033));
#3640=CARTESIAN_POINT('',(-2.75207261902273,216.364895662374,-11.146939275519));
#3641=CARTESIAN_POINT('',(-2.75207261902478,209.99552663146,-15.1068809604459));
#3642=CARTESIAN_POINT('',(-2.75207261902387,210.169838116955,-13.1144915642624));
#3643=CARTESIAN_POINT('',(-2.75207261902483,158.571656103769,-10.6078752546481));
#3644=CARTESIAN_POINT('Origin',(-0.752072619023864,216.147006305505,-13.6374260207484));
#3645=CARTESIAN_POINT('',(-0.752072619023864,218.400862929932,-10.8231534119684));
#3646=CARTESIAN_POINT('',(-0.752072619023864,218.139395701689,-13.8117375062437));
#3647=CARTESIAN_POINT('Origin',(-0.752072619023864,216.408473533748,-10.6488419264731));
#3648=CARTESIAN_POINT('Origin',(1.24792577544592,210.173408365242,-13.1148039205135));
#3649=CARTESIAN_POINT('',(-0.75207422455295,213.842217384762,-10.9262335245048));
#3650=CARTESIAN_POINT('Origin',(1.24792577544706,210.391297722111,-10.6243171752841));
#3651=CARTESIAN_POINT('',(-0.752074224554089,213.885795256136,-10.428136175459));
#3652=CARTESIAN_POINT('Origin',(1.24792577544592,210.434875593485,-10.1262198262383));
#3653=CARTESIAN_POINT('',(-0.752074224554089,213.624328027893,-13.4167202697342));
#3654=CARTESIAN_POINT('Origin',(-0.752074224554089,213.624328027893,-13.4167202697342));
#3655=CARTESIAN_POINT('',(-0.752074224552955,216.368385023489,-11.1472445550595));
#3656=CARTESIAN_POINT('',(-0.752074224552955,216.368385023489,-11.1472445550595));
#3657=CARTESIAN_POINT('',(-0.752074224554094,216.411962894863,-10.6491472060136));
#3658=CARTESIAN_POINT('',(-0.752074224554094,216.411962894863,-10.6491472060136));
#3659=CARTESIAN_POINT('',(-0.752074224554094,216.15049566662,-13.6377313002888));
#3660=CARTESIAN_POINT('Origin',(1.2479257754459,216.15049566662,-13.6377313002888));
#3661=CARTESIAN_POINT('',(1.12961055752451,218.357285058558,-11.3212507610143));
#3662=CARTESIAN_POINT('Origin',(1.24792577544704,216.368385023489,-11.1472445550595));
#3663=CARTESIAN_POINT('',(1.12961055752337,218.400862929932,-10.8231534119684));
#3664=CARTESIAN_POINT('Origin',(1.2479257754459,216.411962894863,-10.6491472060136));
#3665=CARTESIAN_POINT('',(1.12961055752337,218.139395701689,-13.8117375062437));
#3666=CARTESIAN_POINT('Origin',(-0.811231565927,214.418899903653,-10.4747767885896));
#3667=CARTESIAN_POINT('',(3.24792738097613,218.400862929932,-10.8231534119684));
#3668=CARTESIAN_POINT('Origin',(1.24816934741095,216.15049566662,-13.6377313002888));
#3669=CARTESIAN_POINT('',(3.24816934741208,216.368385023489,-11.1472445550595));
#3670=CARTESIAN_POINT('',(1.36648456533458,218.357285058558,-11.3212507610143));
#3671=CARTESIAN_POINT('Origin',(1.24816934741209,216.368385023489,-11.1472445550595));
#3672=CARTESIAN_POINT('',(1.36648456533344,218.400862929932,-10.8231534119684));
#3673=CARTESIAN_POINT('',(1.36648456533344,218.139395701689,-13.8117375062437));
#3674=CARTESIAN_POINT('',(3.24816934741094,216.411962894863,-10.6491472060136));
#3675=CARTESIAN_POINT('Origin',(1.24816934741095,216.411962894863,-10.6491472060136));
#3676=CARTESIAN_POINT('',(3.24816934741094,216.15049566662,-13.6377313002888));
#3677=CARTESIAN_POINT('Origin',(3.24816934741094,216.15049566662,-13.6377313002888));
#3678=CARTESIAN_POINT('',(3.24816934741207,213.842077282174,-10.9262212671166));
#3679=CARTESIAN_POINT('',(3.24816934741207,210.391297722111,-10.6243171752841));
#3680=CARTESIAN_POINT('',(3.24816934741094,213.885655153548,-10.4281239180707));
#3681=CARTESIAN_POINT('',(3.24816934741093,210.434875593485,-10.1262198262383));
#3682=CARTESIAN_POINT('',(3.24816934741094,213.624187925305,-13.416708012346));
#3683=CARTESIAN_POINT('Origin',(1.24792577544592,210.173408365242,-13.1148039205135));
#3684=CARTESIAN_POINT('',(5.24792738097727,210.391297722111,-10.6243171752841));
#3685=CARTESIAN_POINT('Origin',(1.24792577544706,210.391297722111,-10.6243171752841));
#3686=CARTESIAN_POINT('',(5.24792738097613,210.434875593485,-10.1262198262383));
#3687=CARTESIAN_POINT('Origin',(1.24792577544592,210.434875593485,-10.1262198262383));
#3688=CARTESIAN_POINT('',(5.24792738097613,210.173408365242,-13.1148039205135));
#3689=CARTESIAN_POINT('Origin',(3.24792738097613,216.147006305505,-13.6374260207484));
#3690=CARTESIAN_POINT('',(5.24792738097612,216.408473533748,-10.6488419264731));
#3691=CARTESIAN_POINT('',(5.24792738097612,216.147006305505,-13.6374260207484));
#3692=CARTESIAN_POINT('',(3.24792738097613,218.400862929932,-10.8231534119684));
#3693=CARTESIAN_POINT('Origin',(3.24792738097613,216.408473533748,-10.6488419264731));
#3694=CARTESIAN_POINT('',(3.24792738097613,218.139395701689,-13.8117375062437));
#3695=CARTESIAN_POINT('Origin',(3.30720597315479,214.417869261708,-10.4746866191034));
#3696=CARTESIAN_POINT('',(3.24792738097613,218.400862929932,-10.8231534119684));
#3697=CARTESIAN_POINT('',(5.24792738097613,210.431305345198,-10.1259074699872));
#3698=CARTESIAN_POINT('Origin',(1.24793345133074,212.381901994151,-10.7984724826539));
#3699=CARTESIAN_POINT('',(3.24792738097727,218.357285058558,-11.3212507610143));
#3700=CARTESIAN_POINT('',(5.24792738097727,210.387727473824,-10.624004819033));
#3701=CARTESIAN_POINT('',(5.24792738097727,210.387727473824,-10.624004819033));
#3702=CARTESIAN_POINT('Origin',(1.24792577544706,210.391297722111,-10.6243171752841));
#3703=CARTESIAN_POINT('Origin',(1.36648456533344,218.139395701689,-13.8117375062437));
#3704=CARTESIAN_POINT('',(2.05741328266447,217.965084216194,-15.8041269024272));
#3705=CARTESIAN_POINT('Origin',(5.24792738097613,210.169838116955,-13.1144915642624));
#3706=CARTESIAN_POINT('',(5.24792738097522,209.99552663146,-15.1068809604459));
#3707=CARTESIAN_POINT('',(5.24792738097522,158.568840337682,-10.6076289070363));
#3708=CARTESIAN_POINT('',(5.24792738097613,210.169838116955,-13.1144915642624));
#3709=CARTESIAN_POINT('Origin',(1.24792577544592,210.173408365242,-13.1148039205135));
#3710=CARTESIAN_POINT('Origin',(1.24792577544501,209.999096879747,-15.1071933166959));
#3711=CARTESIAN_POINT('Origin',(49.99588148174,219.49747355577,-9.77975889441965));
#3712=CARTESIAN_POINT('',(57.4792172257081,219.995250940681,-9.82330877255895));
#3713=CARTESIAN_POINT('',(57.4792172257081,219.995250940681,-9.82330877255895));
#3714=CARTESIAN_POINT('',(57.495881,219.497473075853,-9.77975885243237));
#3715=CARTESIAN_POINT('Origin',(49.99588148174,219.49747355577,-9.77975889441965));
#3716=CARTESIAN_POINT('',(57.495881,219.497473075853,-9.77975885243237));
#3717=CARTESIAN_POINT('Origin',(57.495881,219.497473075853,-9.77975885243237));
#3718=CARTESIAN_POINT('',(57.495937938619,205.052330469305,-8.51597263134407));
#3719=CARTESIAN_POINT('',(57.495937938619,205.090025328043,-8.0851184244194));
#3720=CARTESIAN_POINT('',(57.495881,219.497473075853,-9.77975885243237));
#3721=CARTESIAN_POINT('Origin',(-47.500000481749,219.501626691466,-9.78012224671116));
#3722=CARTESIAN_POINT('',(-54.9832933697172,220.000043046069,-9.82372802745482));
#3723=CARTESIAN_POINT('',(-54.9832933697172,220.000043046069,-9.82372802745482));
#3724=CARTESIAN_POINT('',(-55.,219.50162621155,-9.78012220472388));
#3725=CARTESIAN_POINT('',(-55.,219.50162621155,-9.78012220472388));
#3726=CARTESIAN_POINT('Origin',(-47.500000481749,219.501626691466,-9.78012224671116));
#3727=CARTESIAN_POINT('Origin',(-43.,205.13251229217,-7.6546834723906));
#3728=CARTESIAN_POINT('',(-43.,220.336899991789,-5.97343551933023));
#3729=CARTESIAN_POINT('',(-43.,220.075432763546,-8.96201961360547));
#3730=CARTESIAN_POINT('',(-43.,217.348315897514,-5.71196829108727));
#3731=CARTESIAN_POINT('Origin',(-72.5,234.440393547229,-11.0870949936472));
#3732=CARTESIAN_POINT('',(9.39916431283136,107.676988854686,0.00326586689925468));
#3733=CARTESIAN_POINT('',(56.496683999991,10.3001675753319,8.52263381903271));
#3734=CARTESIAN_POINT('',(-43.,216.015264253702,-9.47510505646418));
#3735=CARTESIAN_POINT('',(56.4958515508918,205.052330469305,-8.51597263134407));
#3736=CARTESIAN_POINT('',(-43.,-0.661555202380635,9.48166029479646));
#3737=CARTESIAN_POINT('',(-13.5020742245541,205.052330469305,-8.51597263134407));
#3738=CARTESIAN_POINT('',(60.4958515508918,219.995250940681,-9.82330877255895));
#3739=CARTESIAN_POINT('',(33.1218886631689,219.995250940681,-9.82330877255894));
#3740=CARTESIAN_POINT('',(-43.,219.999436429214,-9.82367495535689));
#3741=CARTESIAN_POINT('',(60.4958515508918,219.995250940681,-9.82330877255895));
#3742=CARTESIAN_POINT('',(-43.,220.000043046069,-9.82372802745482));
#3743=CARTESIAN_POINT('',(-43.,224.72973155142,-10.2375221536819));
#3744=CARTESIAN_POINT('',(-57.75,220.000043046069,-9.82372802745482));
#3745=CARTESIAN_POINT('',(-55.,5.81371033517376,8.91514796694035));
#3746=CARTESIAN_POINT('',(-6.9008716378816,107.676975267663,0.00326705560975693));
#3747=CARTESIAN_POINT('',(-54.,205.057122574693,-8.51639188623994));
#3748=CARTESIAN_POINT('',(-54.,10.2965864766286,8.52294712457222));
#3749=CARTESIAN_POINT('',(-55.,5.81371033517376,8.91514796694035));
#3750=CARTESIAN_POINT('',(-55.,5.81371033517376,8.91514796694035));
#3751=CARTESIAN_POINT('',(-47.5,-1.65774990051432,9.56881603754779));
#3752=CARTESIAN_POINT('Origin',(-47.499998774642,5.81371155591077,8.9151478601397));
#3753=CARTESIAN_POINT('',(-43.,-1.65759642000659,9.56880260974329));
#3754=CARTESIAN_POINT('',(49.996684,-1.65442460261206,9.56852511167849));
#3755=CARTESIAN_POINT('',(-43.,-0.661555202380626,9.48166029479646));
#3756=CARTESIAN_POINT('',(-43.,116.391398563631,-0.759146191953729));
#3757=CARTESIAN_POINT('',(1.2491531569366,90.8263318975048,1.47750732361685));
#3758=CARTESIAN_POINT('',(-43.,-0.661555202380635,9.48166029479646));
#3759=CARTESIAN_POINT('',(-54.,205.057122574693,-8.51639188623994));
#3760=CARTESIAN_POINT('',(49.996684,-1.65442460261206,9.56852511167849));
#3761=CARTESIAN_POINT('',(49.996684,-1.65442460261206,9.56852511167849));
#3762=CARTESIAN_POINT('',(57.496684,5.81703563307604,8.91485704107106));
#3763=CARTESIAN_POINT('Origin',(49.99668448174,5.817035153209,8.91485708305398));
#3764=CARTESIAN_POINT('',(57.4966663287766,10.3001675753318,8.52263381903272));
#3765=CARTESIAN_POINT('',(57.495881,209.535526094936,-8.90820142495579));
#3766=CARTESIAN_POINT('',(-6.0016580000045,10.3001675753319,8.52263381903271));
#3767=CARTESIAN_POINT('',(1.24913951801314,124.527632224844,-1.47097440110783));
#3768=CARTESIAN_POINT('',(40.1962192286005,205.053151409246,-8.51604445428238));
#3769=CARTESIAN_POINT('',(-54.,10.2965864766286,8.52294712457222));
#3770=CARTESIAN_POINT('',(-37.6995604040743,205.056301602104,-8.51632006044539));
#3771=CARTESIAN_POINT('',(-43.,216.015264253702,-9.47510505646418));
#3772=CARTESIAN_POINT('',(-58.,205.057122574693,-8.51639188623995));
#3773=CARTESIAN_POINT('Origin',(60.4958515508918,219.63486194442,-13.9425738491683));
#3774=CARTESIAN_POINT('',(60.4958515508918,219.460550458924,-15.9349632453518));
#3775=CARTESIAN_POINT('',(-43.,219.464735947457,-15.9353294281498));
#3776=CARTESIAN_POINT('',(31.6243853480229,219.46171805346,-15.9350653966373));
#3777=CARTESIAN_POINT('',(-43.,219.856936789822,-11.4524532867369));
#3778=CARTESIAN_POINT('',(60.4958515508918,220.070640658158,-8.96160035870958));
#3779=CARTESIAN_POINT('Origin',(-37.6995604040743,204.695912605843,-12.6355851370548));
#3780=CARTESIAN_POINT('',(-37.6995604040743,204.521601120348,-14.6279745332383));
#3781=CARTESIAN_POINT('',(40.1962192286007,204.518450927489,-14.6276989270752));
#3782=CARTESIAN_POINT('',(-17.4736250964762,204.520783160796,-14.6279029710503));
#3783=CARTESIAN_POINT('',(40.1962192286007,204.872956911116,-10.575676992587));
#3784=CARTESIAN_POINT('',(-37.6995604040743,204.876107103974,-10.5759525987501));
#3785=CARTESIAN_POINT('Origin',(57.4958515508918,220.070640658158,-8.96160035870958));
#3786=CARTESIAN_POINT('',(60.4958515508918,220.332107886401,-5.97301626443434));
#3787=CARTESIAN_POINT('',(57.4958515508918,220.332107886401,-5.97301626443434));
#3788=CARTESIAN_POINT('',(60.4958515508918,220.070640658158,-8.96160035870958));
#3789=CARTESIAN_POINT('Origin',(-43.,205.13251229217,-7.6546834723906));
#3790=CARTESIAN_POINT('',(-43.,219.465342564312,-15.9353825002477));
#3791=CARTESIAN_POINT('',(-43.,155.83228806842,-10.3682116063298));
#3792=CARTESIAN_POINT('',(-43.,220.075432763546,-8.96201961360547));
#3793=CARTESIAN_POINT('Origin',(-54.,10.2965864766286,8.52294712457222));
#3794=CARTESIAN_POINT('',(1.24913951801316,123.992931743087,-7.5826288739007));
#3795=CARTESIAN_POINT('',(-29.5414486846312,60.3314680483631,-2.01297249714517));
#3796=CARTESIAN_POINT('',(1.24913951801316,124.527632224844,-1.47097440110781));
#3797=CARTESIAN_POINT('Origin',(-54.,10.2965864766286,8.52294712457222));
#3798=CARTESIAN_POINT('',(-6.90087163788159,107.142274785906,-6.10838741718311));
#3799=CARTESIAN_POINT('',(-6.90087163788159,107.496780769532,-2.05636548269494));
#3800=CARTESIAN_POINT('',(-29.5414486846312,60.3314680483631,-2.01297249714517));
#3801=CARTESIAN_POINT('Origin',(-43.,-1.02194419864219,5.36239521818709));
#3802=CARTESIAN_POINT('',(9.39916431283135,107.142288372929,-6.10838860589361));
#3803=CARTESIAN_POINT('',(9.39916431283135,107.496794356555,-2.05636667140541));
#3804=CARTESIAN_POINT('',(56.4958515508918,204.517629987548,-14.6276271041369));
#3805=CARTESIAN_POINT('',(-17.426989515242,51.6775402896722,-1.25585192328741));
#3806=CARTESIAN_POINT('',(56.4958515508918,205.127720186782,-7.65426421749472));
#3807=CARTESIAN_POINT('Origin',(-43.,-1.02194419864219,5.36239521818709));
#3808=CARTESIAN_POINT('',(1.2491531569366,90.2916314157479,-4.63414714917602));
#3809=CARTESIAN_POINT('',(1.2491531569366,90.4659429012433,-2.64175775299252));
#3810=CARTESIAN_POINT('',(-43.,-1.19625568413751,3.37000582200359));
#3811=CARTESIAN_POINT('',(-43.,-0.586165484903893,10.3433687086459));
#3812=CARTESIAN_POINT('',(-17.426989515242,51.6775402896722,-1.25585192328741));
#3813=CARTESIAN_POINT('Origin',(-54.,204.696733578431,-12.6356569628493));
#3814=CARTESIAN_POINT('',(-29.5413976303285,153.952859884257,-10.2037829463044));
#3815=CARTESIAN_POINT('Origin',(-43.,216.015264253702,-9.47510505646418));
#3816=CARTESIAN_POINT('',(56.496683999991,9.76546709357496,2.41097934623985));
#3817=CARTESIAN_POINT('',(56.496683999991,10.3755572928086,9.38434223288208));
#3818=CARTESIAN_POINT('',(-17.4269393084377,162.606795109192,-10.9609041733739));
#3819=CARTESIAN_POINT('Origin',(-54.,204.696733578431,-12.6356569628493));
#3820=CARTESIAN_POINT('',(-29.5413976303285,153.952859884257,-10.2037829463044));
#3821=CARTESIAN_POINT('Origin',(-43.,216.015264253702,-9.47510505646418));
#3822=CARTESIAN_POINT('',(-17.4269393084377,162.606795109192,-10.9609041733739));
#3823=CARTESIAN_POINT('Origin',(-55.,5.81371033517376,8.91514796694035));
#3824=CARTESIAN_POINT('Origin',(-58.,217.086848669271,-8.70055238536248));
#3825=CARTESIAN_POINT('',(-58.,219.465342564312,-15.9353825002477));
#3826=CARTESIAN_POINT('',(-58.,161.80945625697,-10.8911460628157));
#3827=CARTESIAN_POINT('',(-58.,220.336899991789,-5.97343551933021));
#3828=CARTESIAN_POINT('',(-58.,217.348315897514,-5.71196829108724));
#3829=CARTESIAN_POINT('',(-58.,220.075432763546,-8.96201961360545));
#3830=CARTESIAN_POINT('Origin',(-43.,220.075432763546,-8.96201961360547));
#3831=CARTESIAN_POINT('',(-20.1258290000023,219.465342564312,-15.9353825002477));
#3832=CARTESIAN_POINT('',(-55.,220.336899991789,-5.97343551933021));
#3833=CARTESIAN_POINT('Origin',(-49.,211.371147708963,-5.1890338346013));
#3834=CARTESIAN_POINT('Origin',(60.496683999991,10.3755572928086,9.38434223288208));
#3835=CARTESIAN_POINT('',(60.496683999991,10.6370245210516,12.3729263271573));
#3836=CARTESIAN_POINT('',(48.496683999991,10.6370245210516,12.3729263271573));
#3837=CARTESIAN_POINT('',(60.496683999991,9.76546709357496,2.41097934623985));
#3838=CARTESIAN_POINT('',(60.496683999991,10.3755572928086,9.38434223288208));
#3839=CARTESIAN_POINT('',(31.6225129999932,9.76546709357496,2.41097934623985));
#3840=CARTESIAN_POINT('',(57.4966663287766,10.3378624340702,8.95348802595739));
#3841=CARTESIAN_POINT('Origin',(57.495881,209.535526094936,-8.90820142495579));
#3842=CARTESIAN_POINT('',(57.496684,5.81703563307604,8.91485704107106));
#3843=CARTESIAN_POINT('Origin',(49.99668448174,5.817035153209,8.91485708305398));
#3844=CARTESIAN_POINT('',(49.996684,-1.65442460261206,9.56852511167849));
#3845=CARTESIAN_POINT('Origin',(49.996684,-1.65442460261206,9.56852511167849));
#3846=CARTESIAN_POINT('Origin',(48.496683999991,-4.56736317856762,10.691678374097));
#3847=CARTESIAN_POINT('',(60.496683999991,-5.17745337780122,3.71831548745473));
#3848=CARTESIAN_POINT('',(25.6225129999932,-5.17745337780122,3.71831548745472));
#3849=CARTESIAN_POINT('',(60.496683999991,-4.30589595032464,13.6802624683722));
#3850=CARTESIAN_POINT('',(60.496683999991,-4.56736317856761,10.691678374097));
#3851=CARTESIAN_POINT('',(48.496683999991,-4.30589595032464,13.6802624683722));
#3852=CARTESIAN_POINT('Origin',(60.496683999991,-1.57877908429238,10.430211145854));
#3853=CARTESIAN_POINT('',(60.496683999991,52.4766423801889,-1.32576429720749));
#3854=CARTESIAN_POINT('',(60.496683999991,-1.3173118560494,13.4187952401292));
#3855=CARTESIAN_POINT('Origin',(2.7483419999955,108.01371147138,3.85357012729074));
#3856=CARTESIAN_POINT('Origin',(2.7483419999955,107.142154043904,-6.10837685362672));
#3857=CARTESIAN_POINT('',(60.4958515508918,204.517629987548,-14.6276271041369));
#3858=CARTESIAN_POINT('',(60.4958515508918,155.829892015726,-10.3680019788818));
#3859=CARTESIAN_POINT('',(24.1220967754437,204.517629987548,-14.6276271041369));
#3860=CARTESIAN_POINT('',(-43.,-5.18088099775029,3.71861536534314));
#3861=CARTESIAN_POINT('',(-43.,52.4749285710902,-1.3256143583399));
#3862=CARTESIAN_POINT('',(-47.5,-5.18103447650448,3.71862879299423));
#3863=CARTESIAN_POINT('',(-22.3738475210965,-5.18017750612481,3.71855381780103));
#3864=CARTESIAN_POINT('',(-58.,-5.18103447650449,3.71862879299423));
#3865=CARTESIAN_POINT('',(-26.1258290000023,-5.18103447650448,3.71862879299423));
#3866=CARTESIAN_POINT('',(-58.,58.4520200193877,-1.84854210092368));
#3867=CARTESIAN_POINT('Origin',(-43.,-1.58220670248987,10.4305110235892));
#3868=CARTESIAN_POINT('',(-43.,-4.3093235702737,13.6805623462607));
#3869=CARTESIAN_POINT('',(-43.,-1.32089295475267,13.4191085456688));
#3870=CARTESIAN_POINT('',(-43.,-4.57079079851668,10.6919782519854));
#3871=CARTESIAN_POINT('',(-43.,-1.61990156126823,9.99965681666799));
#3872=CARTESIAN_POINT('Origin',(49.996684,-1.65442460261206,9.56852511167849));
#3873=CARTESIAN_POINT('',(-47.5,-1.65774990051432,9.56881603754779));
#3874=CARTESIAN_POINT('Origin',(-55.,5.81371033517376,8.91514796694035));
#3875=CARTESIAN_POINT('',(-55.,5.81371033517376,8.91514796694035));
#3876=CARTESIAN_POINT('Origin',(-47.499998774642,5.81371155591077,8.9151478601397));
#3877=CARTESIAN_POINT('Origin',(-58.,10.3719761941053,9.38465553842163));
#3878=CARTESIAN_POINT('',(-58.,-4.3094770490279,13.6805757739117));
#3879=CARTESIAN_POINT('',(-58.,-4.57094427727088,10.6919916796365));
#3880=CARTESIAN_POINT('',(-58.,10.6334434223483,12.3732396326969));
#3881=CARTESIAN_POINT('Origin',(-47.4998972888158,-4.5709442755193,10.6919916794832));
#3882=CARTESIAN_POINT('',(-47.5,-4.3094770490279,13.6805757739117));
#3883=CARTESIAN_POINT('',(-48.2497945767526,-4.30950262385744,13.6805780114194));
#3884=CARTESIAN_POINT('',(-47.5,-4.57094427727088,10.6919916796365));
#3885=CARTESIAN_POINT('Origin',(-55.,-4.57094427727088,10.6919916796365));
#3886=CARTESIAN_POINT('',(-55.,-4.3094770490279,13.6805757739117));
#3887=CARTESIAN_POINT('Origin',(-49.,4.65627523379781,12.8961740891828));
#3888=CARTESIAN_POINT('Origin',(60.4958515508918,205.127720186782,-7.65426421749471));
#3889=CARTESIAN_POINT('',(60.4958515508918,205.389187415025,-4.66568012321947));
#3890=CARTESIAN_POINT('',(60.4958515508918,205.389187415025,-4.66568012321947));
#3891=CARTESIAN_POINT('',(60.4958515508918,205.127720186782,-7.65426421749471));
#3892=CARTESIAN_POINT('Origin',(45.4958515508918,205.127720186782,-7.65426421749471));
#3893=CARTESIAN_POINT('',(45.4958515508918,205.389187415025,-4.66568012321947));
#3894=CARTESIAN_POINT('Origin',(51.4958515508918,211.366355603575,-5.18861457970542));
#3895=UNCERTAINTY_MEASURE_WITH_UNIT(LENGTH_MEASURE(0.01),#3899,
'DISTANCE_ACCURACY_VALUE',
'Maximum model space distance between geometric entities at asserted c
onnectivities');
#3896=UNCERTAINTY_MEASURE_WITH_UNIT(LENGTH_MEASURE(0.01),#3899,
'DISTANCE_ACCURACY_VALUE',
'Maximum model space distance between geometric entities at asserted c
onnectivities');
#3897=(
GEOMETRIC_REPRESENTATION_CONTEXT(3)
GLOBAL_UNCERTAINTY_ASSIGNED_CONTEXT((#3895))
GLOBAL_UNIT_ASSIGNED_CONTEXT((#3899,#3901,#3902))
REPRESENTATION_CONTEXT('','3D')
);
#3898=(
GEOMETRIC_REPRESENTATION_CONTEXT(3)
GLOBAL_UNCERTAINTY_ASSIGNED_CONTEXT((#3896))
GLOBAL_UNIT_ASSIGNED_CONTEXT((#3899,#3901,#3902))
REPRESENTATION_CONTEXT('','3D')
);
#3899=(
LENGTH_UNIT()
NAMED_UNIT(*)
SI_UNIT(.MILLI.,.METRE.)
);
#3900=(
LENGTH_UNIT()
NAMED_UNIT(*)
SI_UNIT($,.METRE.)
);
#3901=(
NAMED_UNIT(*)
PLANE_ANGLE_UNIT()
SI_UNIT($,.RADIAN.)
);
#3902=(
NAMED_UNIT(*)
SI_UNIT($,.STERADIAN.)
SOLID_ANGLE_UNIT()
);
#3903=SHAPE_DEFINITION_REPRESENTATION(#3904,#3905);
#3904=PRODUCT_DEFINITION_SHAPE('',$,#3907);
#3905=SHAPE_REPRESENTATION('',(#2374),#3897);
#3906=PRODUCT_DEFINITION_CONTEXT('part definition',#3911,'design');
#3907=PRODUCT_DEFINITION('FinnishTrainProject',
'FinnishTrainProject v10',#3908,#3906);
#3908=PRODUCT_DEFINITION_FORMATION('',$,#3913);
#3909=PRODUCT_RELATED_PRODUCT_CATEGORY('FinnishTrainProject v10',
'FinnishTrainProject v10',(#3913));
#3910=APPLICATION_PROTOCOL_DEFINITION('international standard',
'automotive_design',2009,#3911);
#3911=APPLICATION_CONTEXT(
'Core Data for Automotive Mechanical Design Process');
#3912=PRODUCT_CONTEXT('part definition',#3911,'mechanical');
#3913=PRODUCT('FinnishTrainProject','FinnishTrainProject v10',$,(#3912));
#3914=PRESENTATION_STYLE_ASSIGNMENT((#3916));
#3915=PRESENTATION_STYLE_ASSIGNMENT((#3917));
#3916=SURFACE_STYLE_USAGE(.BOTH.,#3918);
#3917=SURFACE_STYLE_USAGE(.BOTH.,#3919);
#3918=SURFACE_SIDE_STYLE('',(#3920));
#3919=SURFACE_SIDE_STYLE('',(#3921));
#3920=SURFACE_STYLE_FILL_AREA(#3922);
#3921=SURFACE_STYLE_FILL_AREA(#3923);
#3922=FILL_AREA_STYLE('Steel - Satin',(#3924));
#3923=FILL_AREA_STYLE('Opaque(52,52,52)',(#3925));
#3924=FILL_AREA_STYLE_COLOUR('Steel - Satin',#3926);
#3925=FILL_AREA_STYLE_COLOUR('Opaque(52,52,52)',#3927);
#3926=COLOUR_RGB('Steel - Satin',0.627450980392157,0.627450980392157,0.627450980392157);
#3927=COLOUR_RGB('Opaque(52,52,52)',0.203921568627451,0.203921568627451,
0.203921568627451);
ENDSEC;
END-ISO-10303-21;
